year	month	sex	age	ca	deaths
1969	1	1	0	F23	803
1969	1	1	75	F23	322
1969	2	1	0	F23	688
1969	2	1	75	F23	246
1969	3	1	0	F23	747
1969	3	1	75	F23	288
1969	4	1	0	F23	733
1969	4	1	75	F23	289
1969	5	1	0	F23	662
1969	5	1	75	F23	267
1969	6	1	0	F23	705
1969	6	1	75	F23	280
1969	7	1	0	F23	705
1969	7	1	75	F23	292
1969	8	1	0	F23	627
1969	8	1	75	F23	233
1969	9	1	0	F23	658
1969	9	1	75	F23	265
1969	10	1	0	F23	708
1969	10	1	75	F23	270
1969	11	1	0	F23	749
1969	11	1	75	F23	260
1969	12	1	0	F23	836
1969	12	1	75	F23	316
1969	1	2	0	F23	451
1969	1	2	75	F23	252
1969	2	2	0	F23	367
1969	2	2	75	F23	216
1969	3	2	0	F23	406
1969	3	2	75	F23	225
1969	4	2	0	F23	441
1969	4	2	75	F23	255
1969	5	2	0	F23	410
1969	5	2	75	F23	226
1969	6	2	0	F23	404
1969	6	2	75	F23	240
1969	7	2	0	F23	417
1969	7	2	75	F23	259
1969	8	2	0	F23	372
1969	8	2	75	F23	221
1969	9	2	0	F23	381
1969	9	2	75	F23	231
1969	10	2	0	F23	395
1969	10	2	75	F23	236
1969	11	2	0	F23	380
1969	11	2	75	F23	229
1969	12	2	0	F23	444
1969	12	2	75	F23	234
1970	1	1	0	F23	779
1970	1	1	75	F23	317
1970	2	1	0	F23	646
1970	2	1	75	F23	254
1970	3	1	0	F23	694
1970	3	1	75	F23	273
1970	4	1	0	F23	668
1970	4	1	75	F23	238
1970	5	1	0	F23	697
1970	5	1	75	F23	270
1970	6	1	0	F23	698
1970	6	1	75	F23	256
1970	7	1	0	F23	684
1970	7	1	75	F23	257
1970	8	1	0	F23	668
1970	8	1	75	F23	228
1970	9	1	0	F23	732
1970	9	1	75	F23	274
1970	10	1	0	F23	718
1970	10	1	75	F23	258
1970	11	1	0	F23	752
1970	11	1	75	F23	275
1970	12	1	0	F23	837
1970	12	1	75	F23	312
1970	1	2	0	F23	459
1970	1	2	75	F23	255
1970	2	2	0	F23	392
1970	2	2	75	F23	229
1970	3	2	0	F23	409
1970	3	2	75	F23	255
1970	4	2	0	F23	347
1970	4	2	75	F23	209
1970	5	2	0	F23	371
1970	5	2	75	F23	219
1970	6	2	0	F23	393
1970	6	2	75	F23	224
1970	7	2	0	F23	351
1970	7	2	75	F23	206
1970	8	2	0	F23	391
1970	8	2	75	F23	231
1970	9	2	0	F23	393
1970	9	2	75	F23	222
1970	10	2	0	F23	455
1970	10	2	75	F23	272
1970	11	2	0	F23	403
1970	11	2	75	F23	224
1970	12	2	0	F23	423
1970	12	2	75	F23	252
1969	1	1	0	F24	537
1969	1	1	75	F24	309
1969	2	1	0	F24	542
1969	2	1	75	F24	315
1969	3	1	0	F24	504
1969	3	1	75	F24	309
1969	4	1	0	F24	487
1969	4	1	75	F24	284
1969	5	1	0	F24	481
1969	5	1	75	F24	296
1969	6	1	0	F24	503
1969	6	1	75	F24	312
1969	7	1	0	F24	487
1969	7	1	75	F24	297
1969	8	1	0	F24	444
1969	8	1	75	F24	254
1969	9	1	0	F24	458
1969	9	1	75	F24	278
1969	10	1	0	F24	451
1969	10	1	75	F24	262
1969	11	1	0	F24	491
1969	11	1	75	F24	290
1969	12	1	0	F24	686
1969	12	1	75	F24	390
1969	1	2	0	F24	545
1969	1	2	75	F24	430
1969	2	2	0	F24	442
1969	2	2	75	F24	339
1969	3	2	0	F24	513
1969	3	2	75	F24	413
1969	4	2	0	F24	479
1969	4	2	75	F24	386
1969	5	2	0	F24	429
1969	5	2	75	F24	334
1969	6	2	0	F24	467
1969	6	2	75	F24	355
1969	7	2	0	F24	406
1969	7	2	75	F24	315
1969	8	2	0	F24	411
1969	8	2	75	F24	325
1969	9	2	0	F24	404
1969	9	2	75	F24	318
1969	10	2	0	F24	413
1969	10	2	75	F24	324
1969	11	2	0	F24	450
1969	11	2	75	F24	340
1969	12	2	0	F24	513
1969	12	2	75	F24	364
1970	1	1	0	F24	717
1970	1	1	75	F24	410
1970	2	1	0	F24	563
1970	2	1	75	F24	329
1970	3	1	0	F24	557
1970	3	1	75	F24	337
1970	4	1	0	F24	523
1970	4	1	75	F24	305
1970	5	1	0	F24	577
1970	5	1	75	F24	342
1970	6	1	0	F24	533
1970	6	1	75	F24	327
1970	7	1	0	F24	521
1970	7	1	75	F24	319
1970	8	1	0	F24	535
1970	8	1	75	F24	318
1970	9	1	0	F24	566
1970	9	1	75	F24	343
1970	10	1	0	F24	617
1970	10	1	75	F24	380
1970	11	1	0	F24	621
1970	11	1	75	F24	361
1970	12	1	0	F24	658
1970	12	1	75	F24	431
1970	1	2	0	F24	677
1970	1	2	75	F24	513
1970	2	2	0	F24	526
1970	2	2	75	F24	399
1970	3	2	0	F24	549
1970	3	2	75	F24	435
1970	4	2	0	F24	531
1970	4	2	75	F24	403
1970	5	2	0	F24	578
1970	5	2	75	F24	455
1970	6	2	0	F24	493
1970	6	2	75	F24	374
1970	7	2	0	F24	465
1970	7	2	75	F24	359
1970	8	2	0	F24	497
1970	8	2	75	F24	373
1970	9	2	0	F24	487
1970	9	2	75	F24	371
1970	10	2	0	F24	531
1970	10	2	75	F24	421
1970	11	2	0	F24	544
1970	11	2	75	F24	439
1970	12	2	0	F24	628
1970	12	2	75	F24	499
1971	1	1	0	F23	814
1971	1	1	75	F23	312
1971	2	1	0	F23	707
1971	2	1	75	F23	287
1971	3	1	0	F23	761
1971	3	1	75	F23	299
1971	4	1	0	F23	760
1971	4	1	75	F23	287
1971	5	1	0	F23	786
1971	5	1	75	F23	304
1971	6	1	0	F23	810
1971	6	1	75	F23	324
1971	7	1	0	F23	761
1971	7	1	75	F23	283
1971	8	1	0	F23	739
1971	8	1	75	F23	261
1971	9	1	0	F23	726
1971	9	1	75	F23	274
1971	10	1	0	F23	780
1971	10	1	75	F23	305
1971	11	1	0	F23	802
1971	11	1	75	F23	315
1971	12	1	0	F23	904
1971	12	1	75	F23	342
1971	1	2	0	F23	452
1971	1	2	75	F23	284
1971	2	2	0	F23	382
1971	2	2	75	F23	237
1971	3	2	0	F23	421
1971	3	2	75	F23	245
1971	4	2	0	F23	429
1971	4	2	75	F23	248
1971	5	2	0	F23	417
1971	5	2	75	F23	245
1971	6	2	0	F23	406
1971	6	2	75	F23	228
1971	7	2	0	F23	423
1971	7	2	75	F23	248
1971	8	2	0	F23	383
1971	8	2	75	F23	215
1971	9	2	0	F23	422
1971	9	2	75	F23	266
1971	10	2	0	F23	419
1971	10	2	75	F23	241
1971	11	2	0	F23	451
1971	11	2	75	F23	264
1971	12	2	0	F23	477
1971	12	2	75	F23	272
1971	1	1	0	F24	664
1971	1	1	75	F24	421
1971	2	1	0	F24	553
1971	2	1	75	F24	359
1971	3	1	0	F24	628
1971	3	1	75	F24	392
1971	4	1	0	F24	630
1971	4	1	75	F24	421
1971	5	1	0	F24	617
1971	5	1	75	F24	364
1971	6	1	0	F24	623
1971	6	1	75	F24	369
1971	7	1	0	F24	694
1971	7	1	75	F24	413
1971	8	1	0	F24	678
1971	8	1	75	F24	423
1971	9	1	0	F24	659
1971	9	1	75	F24	396
1971	10	1	0	F24	695
1971	10	1	75	F24	399
1971	11	1	0	F24	737
1971	11	1	75	F24	437
1971	12	1	0	F24	859
1971	12	1	75	F24	496
1971	1	2	0	F24	622
1971	1	2	75	F24	497
1971	2	2	0	F24	487
1971	2	2	75	F24	387
1971	3	2	0	F24	550
1971	3	2	75	F24	431
1971	4	2	0	F24	578
1971	4	2	75	F24	462
1971	5	2	0	F24	579
1971	5	2	75	F24	442
1971	6	2	0	F24	580
1971	6	2	75	F24	433
1971	7	2	0	F24	580
1971	7	2	75	F24	455
1971	8	2	0	F24	584
1971	8	2	75	F24	457
1971	9	2	0	F24	521
1971	9	2	75	F24	390
1971	10	2	0	F24	635
1971	10	2	75	F24	508
1971	11	2	0	F24	643
1971	11	2	75	F24	493
1971	12	2	0	F24	757
1971	12	2	75	F24	561
1972	1	1	0	F23	800
1972	1	1	75	F23	294
1972	2	1	0	F23	724
1972	2	1	75	F23	290
1972	3	1	0	F23	752
1972	3	1	75	F23	285
1972	4	1	0	F23	735
1972	4	1	75	F23	285
1972	5	1	0	F23	751
1972	5	1	75	F23	297
1972	6	1	0	F23	782
1972	6	1	75	F23	327
1972	7	1	0	F23	819
1972	7	1	75	F23	327
1972	8	1	0	F23	742
1972	8	1	75	F23	274
1972	9	1	0	F23	767
1972	9	1	75	F23	284
1972	10	1	0	F23	766
1972	10	1	75	F23	283
1972	11	1	0	F23	759
1972	11	1	75	F23	316
1972	12	1	0	F23	734
1972	12	1	75	F23	287
1972	1	2	0	F23	458
1972	1	2	75	F23	256
1972	2	2	0	F23	428
1972	2	2	75	F23	260
1972	3	2	0	F23	404
1972	3	2	75	F23	247
1972	4	2	0	F23	422
1972	4	2	75	F23	265
1972	5	2	0	F23	430
1972	5	2	75	F23	254
1972	6	2	0	F23	435
1972	6	2	75	F23	243
1972	7	2	0	F23	457
1972	7	2	75	F23	288
1972	8	2	0	F23	423
1972	8	2	75	F23	248
1972	9	2	0	F23	410
1972	9	2	75	F23	232
1972	10	2	0	F23	493
1972	10	2	75	F23	283
1972	11	2	0	F23	433
1972	11	2	75	F23	280
1972	12	2	0	F23	435
1972	12	2	75	F23	268
1972	1	1	0	F24	796
1972	1	1	75	F24	499
1972	2	1	0	F24	652
1972	2	1	75	F24	375
1972	3	1	0	F24	683
1972	3	1	75	F24	397
1972	4	1	0	F24	647
1972	4	1	75	F24	367
1972	5	1	0	F24	629
1972	5	1	75	F24	362
1972	6	1	0	F24	577
1972	6	1	75	F24	360
1972	7	1	0	F24	655
1972	7	1	75	F24	416
1972	8	1	0	F24	597
1972	8	1	75	F24	340
1972	9	1	0	F24	656
1972	9	1	75	F24	386
1972	10	1	0	F24	633
1972	10	1	75	F24	391
1972	11	1	0	F24	611
1972	11	1	75	F24	371
1972	12	1	0	F24	781
1972	12	1	75	F24	466
1972	1	2	0	F24	799
1972	1	2	75	F24	627
1972	2	2	0	F24	561
1972	2	2	75	F24	445
1972	3	2	0	F24	602
1972	3	2	75	F24	477
1972	4	2	0	F24	568
1972	4	2	75	F24	458
1972	5	2	0	F24	596
1972	5	2	75	F24	469
1972	6	2	0	F24	554
1972	6	2	75	F24	448
1972	7	2	0	F24	631
1972	7	2	75	F24	504
1972	8	2	0	F24	558
1972	8	2	75	F24	434
1972	9	2	0	F24	548
1972	9	2	75	F24	419
1972	10	2	0	F24	617
1972	10	2	75	F24	495
1972	11	2	0	F24	574
1972	11	2	75	F24	467
1972	12	2	0	F24	689
1972	12	2	75	F24	548
1973	1	1	0	F23	834
1973	1	1	75	F23	332
1973	2	1	0	F23	749
1973	2	1	75	F23	295
1973	3	1	0	F23	780
1973	3	1	75	F23	300
1973	4	1	0	F23	725
1973	4	1	75	F23	278
1973	5	1	0	F23	775
1973	5	1	75	F23	325
1973	6	1	0	F23	867
1973	6	1	75	F23	328
1973	7	1	0	F23	766
1973	7	1	75	F23	299
1973	8	1	0	F23	764
1973	8	1	75	F23	281
1973	9	1	0	F23	766
1973	9	1	75	F23	308
1973	10	1	0	F23	872
1973	10	1	75	F23	384
1973	11	1	0	F23	857
1973	11	1	75	F23	309
1973	12	1	0	F23	879
1973	12	1	75	F23	342
1973	1	2	0	F23	469
1973	1	2	75	F23	290
1973	2	2	0	F23	390
1973	2	2	75	F23	235
1973	3	2	0	F23	419
1973	3	2	75	F23	248
1973	4	2	0	F23	435
1973	4	2	75	F23	255
1973	5	2	0	F23	417
1973	5	2	75	F23	261
1973	6	2	0	F23	445
1973	6	2	75	F23	266
1973	7	2	0	F23	432
1973	7	2	75	F23	255
1973	8	2	0	F23	455
1973	8	2	75	F23	268
1973	9	2	0	F23	414
1973	9	2	75	F23	268
1973	10	2	0	F23	463
1973	10	2	75	F23	292
1973	11	2	0	F23	476
1973	11	2	75	F23	300
1973	12	2	0	F23	518
1973	12	2	75	F23	333
1973	1	1	0	F24	817
1973	1	1	75	F24	519
1973	2	1	0	F24	761
1973	2	1	75	F24	476
1973	3	1	0	F24	622
1973	3	1	75	F24	393
1973	4	1	0	F24	679
1973	4	1	75	F24	399
1973	5	1	0	F24	606
1973	5	1	75	F24	364
1973	6	1	0	F24	659
1973	6	1	75	F24	392
1973	7	1	0	F24	740
1973	7	1	75	F24	453
1973	8	1	0	F24	619
1973	8	1	75	F24	367
1973	9	1	0	F24	675
1973	9	1	75	F24	383
1973	10	1	0	F24	667
1973	10	1	75	F24	410
1973	11	1	0	F24	709
1973	11	1	75	F24	432
1973	12	1	0	F24	898
1973	12	1	75	F24	518
1973	1	2	0	F24	773
1973	1	2	75	F24	611
1973	2	2	0	F24	634
1973	2	2	75	F24	505
1973	3	2	0	F24	610
1973	3	2	75	F24	481
1973	4	2	0	F24	626
1973	4	2	75	F24	485
1973	5	2	0	F24	592
1973	5	2	75	F24	464
1973	6	2	0	F24	617
1973	6	2	75	F24	499
1973	7	2	0	F24	616
1973	7	2	75	F24	490
1973	8	2	0	F24	525
1973	8	2	75	F24	411
1973	9	2	0	F24	522
1973	9	2	75	F24	416
1973	10	2	0	F24	514
1973	10	2	75	F24	399
1973	11	2	0	F24	563
1973	11	2	75	F24	449
1973	12	2	0	F24	755
1973	12	2	75	F24	594
1974	1	1	0	F23	824
1974	1	1	75	F23	340
1974	2	1	0	F23	748
1974	2	1	75	F23	318
1974	3	1	0	F23	823
1974	3	1	75	F23	322
1974	4	1	0	F23	803
1974	4	1	75	F23	326
1974	5	1	0	F23	778
1974	5	1	75	F23	311
1974	6	1	0	F23	725
1974	6	1	75	F23	287
1974	7	1	0	F23	756
1974	7	1	75	F23	293
1974	8	1	0	F23	662
1974	8	1	75	F23	260
1974	9	1	0	F23	745
1974	9	1	75	F23	292
1974	10	1	0	F23	847
1974	10	1	75	F23	319
1974	11	1	0	F23	721
1974	11	1	75	F23	264
1974	12	1	0	F23	885
1974	12	1	75	F23	361
1974	1	2	0	F23	484
1974	1	2	75	F23	319
1974	2	2	0	F23	444
1974	2	2	75	F23	290
1974	3	2	0	F23	453
1974	3	2	75	F23	278
1974	4	2	0	F23	468
1974	4	2	75	F23	279
1974	5	2	0	F23	488
1974	5	2	75	F23	293
1974	6	2	0	F23	451
1974	6	2	75	F23	265
1974	7	2	0	F23	437
1974	7	2	75	F23	258
1974	8	2	0	F23	448
1974	8	2	75	F23	302
1974	9	2	0	F23	418
1974	9	2	75	F23	253
1974	10	2	0	F23	399
1974	10	2	75	F23	224
1974	11	2	0	F23	435
1974	11	2	75	F23	251
1974	12	2	0	F23	510
1974	12	2	75	F23	301
1974	1	1	0	F24	818
1974	1	1	75	F24	527
1974	2	1	0	F24	659
1974	2	1	75	F24	405
1974	3	1	0	F24	777
1974	3	1	75	F24	465
1974	4	1	0	F24	688
1974	4	1	75	F24	414
1974	5	1	0	F24	724
1974	5	1	75	F24	436
1974	6	1	0	F24	677
1974	6	1	75	F24	404
1974	7	1	0	F24	665
1974	7	1	75	F24	368
1974	8	1	0	F24	636
1974	8	1	75	F24	361
1974	9	1	0	F24	632
1974	9	1	75	F24	344
1974	10	1	0	F24	680
1974	10	1	75	F24	406
1974	11	1	0	F24	684
1974	11	1	75	F24	413
1974	12	1	0	F24	764
1974	12	1	75	F24	455
1974	1	2	0	F24	726
1974	1	2	75	F24	583
1974	2	2	0	F24	565
1974	2	2	75	F24	460
1974	3	2	0	F24	639
1974	3	2	75	F24	500
1974	4	2	0	F24	642
1974	4	2	75	F24	501
1974	5	2	0	F24	589
1974	5	2	75	F24	470
1974	6	2	0	F24	583
1974	6	2	75	F24	465
1974	7	2	0	F24	518
1974	7	2	75	F24	413
1974	8	2	0	F24	546
1974	8	2	75	F24	427
1974	9	2	0	F24	515
1974	9	2	75	F24	429
1974	10	2	0	F24	587
1974	10	2	75	F24	461
1974	11	2	0	F24	582
1974	11	2	75	F24	469
1974	12	2	0	F24	646
1974	12	2	75	F24	514
1975	1	1	0	F23	822
1975	1	1	75	F23	327
1975	2	1	0	F23	825
1975	2	1	75	F23	339
1975	3	1	0	F23	800
1975	3	1	75	F23	340
1975	4	1	0	F23	787
1975	4	1	75	F23	299
1975	5	1	0	F23	747
1975	5	1	75	F23	289
1975	6	1	0	F23	788
1975	6	1	75	F23	309
1975	7	1	0	F23	786
1975	7	1	75	F23	327
1975	8	1	0	F23	722
1975	8	1	75	F23	305
1975	9	1	0	F23	703
1975	9	1	75	F23	293
1975	10	1	0	F23	815
1975	10	1	75	F23	325
1975	11	1	0	F23	826
1975	11	1	75	F23	354
1975	12	1	0	F23	837
1975	12	1	75	F23	297
1975	1	2	0	F23	495
1975	1	2	75	F23	287
1975	2	2	0	F23	463
1975	2	2	75	F23	288
1975	3	2	0	F23	510
1975	3	2	75	F23	311
1975	4	2	0	F23	480
1975	4	2	75	F23	278
1975	5	2	0	F23	455
1975	5	2	75	F23	300
1975	6	2	0	F23	506
1975	6	2	75	F23	300
1975	7	2	0	F23	439
1975	7	2	75	F23	280
1975	8	2	0	F23	470
1975	8	2	75	F23	298
1975	9	2	0	F23	382
1975	9	2	75	F23	240
1975	10	2	0	F23	465
1975	10	2	75	F23	285
1975	11	2	0	F23	434
1975	11	2	75	F23	266
1975	12	2	0	F23	473
1975	12	2	75	F23	308
1975	1	1	0	F24	785
1975	1	1	75	F24	472
1975	2	1	0	F24	844
1975	2	1	75	F24	536
1975	3	1	0	F24	795
1975	3	1	75	F24	493
1975	4	1	0	F24	668
1975	4	1	75	F24	396
1975	5	1	0	F24	598
1975	5	1	75	F24	332
1975	6	1	0	F24	676
1975	6	1	75	F24	403
1975	7	1	0	F24	653
1975	7	1	75	F24	370
1975	8	1	0	F24	744
1975	8	1	75	F24	459
1975	9	1	0	F24	638
1975	9	1	75	F24	364
1975	10	1	0	F24	677
1975	10	1	75	F24	407
1975	11	1	0	F24	664
1975	11	1	75	F24	386
1975	12	1	0	F24	745
1975	12	1	75	F24	428
1975	1	2	0	F24	742
1975	1	2	75	F24	601
1975	2	2	0	F24	729
1975	2	2	75	F24	587
1975	3	2	0	F24	727
1975	3	2	75	F24	576
1975	4	2	0	F24	613
1975	4	2	75	F24	507
1975	5	2	0	F24	565
1975	5	2	75	F24	431
1975	6	2	0	F24	572
1975	6	2	75	F24	455
1975	7	2	0	F24	556
1975	7	2	75	F24	453
1975	8	2	0	F24	635
1975	8	2	75	F24	527
1975	9	2	0	F24	535
1975	9	2	75	F24	415
1975	10	2	0	F24	531
1975	10	2	75	F24	423
1975	11	2	0	F24	550
1975	11	2	75	F24	452
1975	12	2	0	F24	698
1975	12	2	75	F24	565
1976	1	1	0	F23	930
1976	1	1	75	F23	373
1976	2	1	0	F23	843
1976	2	1	75	F23	362
1976	3	1	0	F23	898
1976	3	1	75	F23	409
1976	4	1	0	F23	816
1976	4	1	75	F23	323
1976	5	1	0	F23	848
1976	5	1	75	F23	336
1976	6	1	0	F23	818
1976	6	1	75	F23	307
1976	7	1	0	F23	790
1976	7	1	75	F23	307
1976	8	1	0	F23	737
1976	8	1	75	F23	288
1976	9	1	0	F23	768
1976	9	1	75	F23	296
1976	10	1	0	F23	847
1976	10	1	75	F23	328
1976	11	1	0	F23	871
1976	11	1	75	F23	352
1976	12	1	0	F23	909
1976	12	1	75	F23	337
1976	1	2	0	F23	501
1976	1	2	75	F23	332
1976	2	2	0	F23	528
1976	2	2	75	F23	357
1976	3	2	0	F23	577
1976	3	2	75	F23	392
1976	4	2	0	F23	457
1976	4	2	75	F23	294
1976	5	2	0	F23	456
1976	5	2	75	F23	300
1976	6	2	0	F23	458
1976	6	2	75	F23	272
1976	7	2	0	F23	437
1976	7	2	75	F23	285
1976	8	2	0	F23	450
1976	8	2	75	F23	275
1976	9	2	0	F23	442
1976	9	2	75	F23	280
1976	10	2	0	F23	464
1976	10	2	75	F23	299
1976	11	2	0	F23	482
1976	11	2	75	F23	301
1976	12	2	0	F23	536
1976	12	2	75	F23	317
1976	1	1	0	F24	768
1976	1	1	75	F24	475
1976	2	1	0	F24	817
1976	2	1	75	F24	506
1976	3	1	0	F24	986
1976	3	1	75	F24	609
1976	4	1	0	F24	706
1976	4	1	75	F24	436
1976	5	1	0	F24	639
1976	5	1	75	F24	378
1976	6	1	0	F24	636
1976	6	1	75	F24	356
1976	7	1	0	F24	642
1976	7	1	75	F24	371
1976	8	1	0	F24	701
1976	8	1	75	F24	401
1976	9	1	0	F24	617
1976	9	1	75	F24	346
1976	10	1	0	F24	656
1976	10	1	75	F24	391
1976	11	1	0	F24	609
1976	11	1	75	F24	348
1976	12	1	0	F24	773
1976	12	1	75	F24	463
1976	1	2	0	F24	634
1976	1	2	75	F24	508
1976	2	2	0	F24	715
1976	2	2	75	F24	562
1976	3	2	0	F24	868
1976	3	2	75	F24	732
1976	4	2	0	F24	689
1976	4	2	75	F24	553
1976	5	2	0	F24	574
1976	5	2	75	F24	470
1976	6	2	0	F24	596
1976	6	2	75	F24	465
1976	7	2	0	F24	560
1976	7	2	75	F24	452
1976	8	2	0	F24	516
1976	8	2	75	F24	423
1976	9	2	0	F24	534
1976	9	2	75	F24	419
1976	10	2	0	F24	533
1976	10	2	75	F24	437
1976	11	2	0	F24	516
1976	11	2	75	F24	418
1976	12	2	0	F24	611
1976	12	2	75	F24	492
1977	1	1	0	F23	884
1977	1	1	75	F23	363
1977	2	1	0	F23	749
1977	2	1	75	F23	319
1977	3	1	0	F23	858
1977	3	1	75	F23	337
1977	4	1	0	F23	831
1977	4	1	75	F23	346
1977	5	1	0	F23	833
1977	5	1	75	F23	337
1977	6	1	0	F23	757
1977	6	1	75	F23	304
1977	7	1	0	F23	824
1977	7	1	75	F23	296
1977	8	1	0	F23	784
1977	8	1	75	F23	308
1977	9	1	0	F23	792
1977	9	1	75	F23	342
1977	10	1	0	F23	862
1977	10	1	75	F23	346
1977	11	1	0	F23	860
1977	11	1	75	F23	349
1977	12	1	0	F23	923
1977	12	1	75	F23	379
1977	1	2	0	F23	514
1977	1	2	75	F23	344
1977	2	2	0	F23	408
1977	2	2	75	F23	264
1977	3	2	0	F23	459
1977	3	2	75	F23	287
1977	4	2	0	F23	490
1977	4	2	75	F23	323
1977	5	2	0	F23	534
1977	5	2	75	F23	341
1977	6	2	0	F23	474
1977	6	2	75	F23	298
1977	7	2	0	F23	475
1977	7	2	75	F23	304
1977	8	2	0	F23	424
1977	8	2	75	F23	267
1977	9	2	0	F23	460
1977	9	2	75	F23	295
1977	10	2	0	F23	458
1977	10	2	75	F23	303
1977	11	2	0	F23	489
1977	11	2	75	F23	316
1977	12	2	0	F23	566
1977	12	2	75	F23	364
1977	1	1	0	F24	809
1977	1	1	75	F24	484
1977	2	1	0	F24	656
1977	2	1	75	F24	408
1977	3	1	0	F24	704
1977	3	1	75	F24	433
1977	4	1	0	F24	696
1977	4	1	75	F24	426
1977	5	1	0	F24	696
1977	5	1	75	F24	393
1977	6	1	0	F24	664
1977	6	1	75	F24	380
1977	7	1	0	F24	654
1977	7	1	75	F24	380
1977	8	1	0	F24	641
1977	8	1	75	F24	356
1977	9	1	0	F24	589
1977	9	1	75	F24	345
1977	10	1	0	F24	674
1977	10	1	75	F24	396
1977	11	1	0	F24	679
1977	11	1	75	F24	397
1977	12	1	0	F24	842
1977	12	1	75	F24	513
1977	1	2	0	F24	692
1977	1	2	75	F24	573
1977	2	2	0	F24	584
1977	2	2	75	F24	466
1977	3	2	0	F24	632
1977	3	2	75	F24	529
1977	4	2	0	F24	625
1977	4	2	75	F24	502
1977	5	2	0	F24	612
1977	5	2	75	F24	499
1977	6	2	0	F24	520
1977	6	2	75	F24	428
1977	7	2	0	F24	536
1977	7	2	75	F24	415
1977	8	2	0	F24	506
1977	8	2	75	F24	398
1977	9	2	0	F24	568
1977	9	2	75	F24	450
1977	10	2	0	F24	609
1977	10	2	75	F24	513
1977	11	2	0	F24	546
1977	11	2	75	F24	457
1977	12	2	0	F24	682
1977	12	2	75	F24	577
1978	1	1	0	F23	853
1978	1	1	75	F23	351
1978	2	1	0	F23	876
1978	2	1	75	F23	375
1978	3	1	0	F23	872
1978	3	1	75	F23	349
1978	4	1	0	F23	828
1978	4	1	75	F23	320
1978	5	1	0	F23	926
1978	5	1	75	F23	374
1978	6	1	0	F23	770
1978	6	1	75	F23	307
1978	7	1	0	F23	872
1978	7	1	75	F23	343
1978	8	1	0	F23	809
1978	8	1	75	F23	314
1978	9	1	0	F23	883
1978	9	1	75	F23	355
1978	10	1	0	F23	844
1978	10	1	75	F23	339
1978	11	1	0	F23	876
1978	11	1	75	F23	384
1978	12	1	0	F23	1023
1978	12	1	75	F23	445
1978	1	2	0	F23	568
1978	1	2	75	F23	384
1978	2	2	0	F23	515
1978	2	2	75	F23	329
1978	3	2	0	F23	532
1978	3	2	75	F23	365
1978	4	2	0	F23	483
1978	4	2	75	F23	303
1978	5	2	0	F23	535
1978	5	2	75	F23	334
1978	6	2	0	F23	514
1978	6	2	75	F23	333
1978	7	2	0	F23	494
1978	7	2	75	F23	300
1978	8	2	0	F23	476
1978	8	2	75	F23	308
1978	9	2	0	F23	497
1978	9	2	75	F23	338
1978	10	2	0	F23	445
1978	10	2	75	F23	279
1978	11	2	0	F23	510
1978	11	2	75	F23	335
1978	12	2	0	F23	559
1978	12	2	75	F23	354
1978	1	1	0	F24	783
1978	1	1	75	F24	491
1978	2	1	0	F24	760
1978	2	1	75	F24	441
1978	3	1	0	F24	770
1978	3	1	75	F24	492
1978	4	1	0	F24	616
1978	4	1	75	F24	351
1978	5	1	0	F24	672
1978	5	1	75	F24	386
1978	6	1	0	F24	642
1978	6	1	75	F24	366
1978	7	1	0	F24	668
1978	7	1	75	F24	404
1978	8	1	0	F24	659
1978	8	1	75	F24	359
1978	9	1	0	F24	693
1978	9	1	75	F24	388
1978	10	1	0	F24	703
1978	10	1	75	F24	412
1978	11	1	0	F24	692
1978	11	1	75	F24	402
1978	12	1	0	F24	775
1978	12	1	75	F24	458
1978	1	2	0	F24	666
1978	1	2	75	F24	532
1978	2	2	0	F24	633
1978	2	2	75	F24	535
1978	3	2	0	F24	678
1978	3	2	75	F24	551
1978	4	2	0	F24	552
1978	4	2	75	F24	455
1978	5	2	0	F24	606
1978	5	2	75	F24	514
1978	6	2	0	F24	524
1978	6	2	75	F24	421
1978	7	2	0	F24	549
1978	7	2	75	F24	433
1978	8	2	0	F24	559
1978	8	2	75	F24	448
1978	9	2	0	F24	536
1978	9	2	75	F24	459
1978	10	2	0	F24	542
1978	10	2	75	F24	441
1978	11	2	0	F24	581
1978	11	2	75	F24	463
1978	12	2	0	F24	664
1978	12	2	75	F24	533
1979	1	1	0	F23	1065
1979	1	1	75	F23	472
1979	2	1	0	F23	860
1979	2	1	75	F23	375
1979	3	1	0	F23	957
1979	3	1	75	F23	428
1979	4	1	0	F23	924
1979	4	1	75	F23	384
1979	5	1	0	F23	959
1979	5	1	75	F23	397
1979	6	1	0	F23	819
1979	6	1	75	F23	347
1979	7	1	0	F23	833
1979	7	1	75	F23	356
1979	8	1	0	F23	863
1979	8	1	75	F23	368
1979	9	1	0	F23	843
1979	9	1	75	F23	364
1979	10	1	0	F23	938
1979	10	1	75	F23	389
1979	11	1	0	F23	926
1979	11	1	75	F23	405
1979	12	1	0	F23	1029
1979	12	1	75	F23	421
1979	1	2	0	F23	576
1979	1	2	75	F23	397
1979	2	2	0	F23	510
1979	2	2	75	F23	360
1979	3	2	0	F23	547
1979	3	2	75	F23	370
1979	4	2	0	F23	584
1979	4	2	75	F23	378
1979	5	2	0	F23	560
1979	5	2	75	F23	368
1979	6	2	0	F23	458
1979	6	2	75	F23	301
1979	7	2	0	F23	520
1979	7	2	75	F23	322
1979	8	2	0	F23	549
1979	8	2	75	F23	362
1979	9	2	0	F23	538
1979	9	2	75	F23	344
1979	10	2	0	F23	558
1979	10	2	75	F23	366
1979	11	2	0	F23	577
1979	11	2	75	F23	395
1979	12	2	0	F23	599
1979	12	2	75	F23	397
1979	1	1	0	F24	814
1979	1	1	75	F24	486
1979	2	1	0	F24	652
1979	2	1	75	F24	390
1979	3	1	0	F24	717
1979	3	1	75	F24	418
1979	4	1	0	F24	684
1979	4	1	75	F24	405
1979	5	1	0	F24	648
1979	5	1	75	F24	390
1979	6	1	0	F24	687
1979	6	1	75	F24	394
1979	7	1	0	F24	630
1979	7	1	75	F24	358
1979	8	1	0	F24	667
1979	8	1	75	F24	381
1979	9	1	0	F24	660
1979	9	1	75	F24	368
1979	10	1	0	F24	743
1979	10	1	75	F24	396
1979	11	1	0	F24	698
1979	11	1	75	F24	428
1979	12	1	0	F24	800
1979	12	1	75	F24	455
1979	1	2	0	F24	650
1979	1	2	75	F24	525
1979	2	2	0	F24	579
1979	2	2	75	F24	470
1979	3	2	0	F24	623
1979	3	2	75	F24	518
1979	4	2	0	F24	578
1979	4	2	75	F24	483
1979	5	2	0	F24	581
1979	5	2	75	F24	477
1979	6	2	0	F24	578
1979	6	2	75	F24	470
1979	7	2	0	F24	539
1979	7	2	75	F24	450
1979	8	2	0	F24	583
1979	8	2	75	F24	484
1979	9	2	0	F24	519
1979	9	2	75	F24	425
1979	10	2	0	F24	545
1979	10	2	75	F24	461
1979	11	2	0	F24	587
1979	11	2	75	F24	506
1979	12	2	0	F24	666
1979	12	2	75	F24	551
1980	1	1	0	F23	999
1980	1	1	75	F23	437
1980	2	1	0	F23	879
1980	2	1	75	F23	372
1980	3	1	0	F23	999
1980	3	1	75	F23	446
1980	4	1	0	F23	905
1980	4	1	75	F23	389
1980	5	1	0	F23	904
1980	5	1	75	F23	346
1980	6	1	0	F23	885
1980	6	1	75	F23	367
1980	7	1	0	F23	867
1980	7	1	75	F23	328
1980	8	1	0	F23	837
1980	8	1	75	F23	317
1980	9	1	0	F23	874
1980	9	1	75	F23	351
1980	10	1	0	F23	916
1980	10	1	75	F23	362
1980	11	1	0	F23	901
1980	11	1	75	F23	394
1980	12	1	0	F23	960
1980	12	1	75	F23	400
1980	1	2	0	F23	607
1980	1	2	75	F23	406
1980	2	2	0	F23	519
1980	2	2	75	F23	356
1980	3	2	0	F23	587
1980	3	2	75	F23	397
1980	4	2	0	F23	520
1980	4	2	75	F23	345
1980	5	2	0	F23	557
1980	5	2	75	F23	357
1980	6	2	0	F23	570
1980	6	2	75	F23	382
1980	7	2	0	F23	510
1980	7	2	75	F23	337
1980	8	2	0	F23	499
1980	8	2	75	F23	334
1980	9	2	0	F23	482
1980	9	2	75	F23	324
1980	10	2	0	F23	525
1980	10	2	75	F23	364
1980	11	2	0	F23	523
1980	11	2	75	F23	353
1980	12	2	0	F23	629
1980	12	2	75	F23	436
1980	1	1	0	F24	774
1980	1	1	75	F24	478
1980	2	1	0	F24	723
1980	2	1	75	F24	452
1980	3	1	0	F24	691
1980	3	1	75	F24	420
1980	4	1	0	F24	703
1980	4	1	75	F24	431
1980	5	1	0	F24	687
1980	5	1	75	F24	376
1980	6	1	0	F24	644
1980	6	1	75	F24	372
1980	7	1	0	F24	749
1980	7	1	75	F24	436
1980	8	1	0	F24	717
1980	8	1	75	F24	409
1980	9	1	0	F24	676
1980	9	1	75	F24	415
1980	10	1	0	F24	660
1980	10	1	75	F24	388
1980	11	1	0	F24	680
1980	11	1	75	F24	431
1980	12	1	0	F24	771
1980	12	1	75	F24	480
1980	1	2	0	F24	708
1980	1	2	75	F24	590
1980	2	2	0	F24	641
1980	2	2	75	F24	530
1980	3	2	0	F24	723
1980	3	2	75	F24	600
1980	4	2	0	F24	638
1980	4	2	75	F24	544
1980	5	2	0	F24	580
1980	5	2	75	F24	463
1980	6	2	0	F24	576
1980	6	2	75	F24	481
1980	7	2	0	F24	586
1980	7	2	75	F24	475
1980	8	2	0	F24	517
1980	8	2	75	F24	424
1980	9	2	0	F24	547
1980	9	2	75	F24	451
1980	10	2	0	F24	566
1980	10	2	75	F24	483
1980	11	2	0	F24	583
1980	11	2	75	F24	490
1980	12	2	0	F24	722
1980	12	2	75	F24	599
1981	1	1	0	F23	1040
1981	1	1	75	F23	457
1981	2	1	0	F23	890
1981	2	1	75	F23	365
1981	3	1	0	F23	1030
1981	3	1	75	F23	436
1981	4	1	0	F23	913
1981	4	1	75	F23	379
1981	5	1	0	F23	948
1981	5	1	75	F23	392
1981	6	1	0	F23	892
1981	6	1	75	F23	351
1981	7	1	0	F23	930
1981	7	1	75	F23	359
1981	8	1	0	F23	871
1981	8	1	75	F23	359
1981	9	1	0	F23	923
1981	9	1	75	F23	422
1981	10	1	0	F23	969
1981	10	1	75	F23	413
1981	11	1	0	F23	997
1981	11	1	75	F23	435
1981	12	1	0	F23	1143
1981	12	1	75	F23	502
1981	1	2	0	F23	570
1981	1	2	75	F23	381
1981	2	2	0	F23	529
1981	2	2	75	F23	344
1981	3	2	0	F23	652
1981	3	2	75	F23	438
1981	4	2	0	F23	564
1981	4	2	75	F23	377
1981	5	2	0	F23	523
1981	5	2	75	F23	335
1981	6	2	0	F23	484
1981	6	2	75	F23	308
1981	7	2	0	F23	558
1981	7	2	75	F23	371
1981	8	2	0	F23	560
1981	8	2	75	F23	381
1981	9	2	0	F23	514
1981	9	2	75	F23	344
1981	10	2	0	F23	564
1981	10	2	75	F23	370
1981	11	2	0	F23	529
1981	11	2	75	F23	352
1981	12	2	0	F23	730
1981	12	2	75	F23	500
1981	1	1	0	F24	774
1981	1	1	75	F24	463
1981	2	1	0	F24	698
1981	2	1	75	F24	456
1981	3	1	0	F24	722
1981	3	1	75	F24	456
1981	4	1	0	F24	624
1981	4	1	75	F24	384
1981	5	1	0	F24	638
1981	5	1	75	F24	357
1981	6	1	0	F24	583
1981	6	1	75	F24	349
1981	7	1	0	F24	540
1981	7	1	75	F24	315
1981	8	1	0	F24	633
1981	8	1	75	F24	357
1981	9	1	0	F24	580
1981	9	1	75	F24	363
1981	10	1	0	F24	629
1981	10	1	75	F24	387
1981	11	1	0	F24	635
1981	11	1	75	F24	390
1981	12	1	0	F24	772
1981	12	1	75	F24	455
1981	1	2	0	F24	697
1981	1	2	75	F24	614
1981	2	2	0	F24	648
1981	2	2	75	F24	561
1981	3	2	0	F24	660
1981	3	2	75	F24	555
1981	4	2	0	F24	567
1981	4	2	75	F24	472
1981	5	2	0	F24	520
1981	5	2	75	F24	429
1981	6	2	0	F24	507
1981	6	2	75	F24	431
1981	7	2	0	F24	508
1981	7	2	75	F24	417
1981	8	2	0	F24	516
1981	8	2	75	F24	433
1981	9	2	0	F24	486
1981	9	2	75	F24	410
1981	10	2	0	F24	487
1981	10	2	75	F24	418
1981	11	2	0	F24	524
1981	11	2	75	F24	415
1981	12	2	0	F24	672
1981	12	2	75	F24	561
1982	1	1	0	F23	1170
1982	1	1	75	F23	496
1982	2	1	0	F23	812
1982	2	1	75	F23	354
1982	3	1	0	F23	949
1982	3	1	75	F23	407
1982	4	1	0	F23	907
1982	4	1	75	F23	406
1982	5	1	0	F23	973
1982	5	1	75	F23	421
1982	6	1	0	F23	928
1982	6	1	75	F23	416
1982	7	1	0	F23	928
1982	7	1	75	F23	383
1982	8	1	0	F23	882
1982	8	1	75	F23	362
1982	9	1	0	F23	872
1982	9	1	75	F23	392
1982	10	1	0	F23	1013
1982	10	1	75	F23	452
1982	11	1	0	F23	892
1982	11	1	75	F23	390
1982	12	1	0	F23	993
1982	12	1	75	F23	452
1982	1	2	0	F23	629
1982	1	2	75	F23	410
1982	2	2	0	F23	513
1982	2	2	75	F23	350
1982	3	2	0	F23	531
1982	3	2	75	F23	357
1982	4	2	0	F23	554
1982	4	2	75	F23	381
1982	5	2	0	F23	548
1982	5	2	75	F23	377
1982	6	2	0	F23	562
1982	6	2	75	F23	376
1982	7	2	0	F23	537
1982	7	2	75	F23	366
1982	8	2	0	F23	460
1982	8	2	75	F23	317
1982	9	2	0	F23	504
1982	9	2	75	F23	340
1982	10	2	0	F23	573
1982	10	2	75	F23	392
1982	11	2	0	F23	584
1982	11	2	75	F23	385
1982	12	2	0	F23	604
1982	12	2	75	F23	411
1982	1	1	0	F24	788
1982	1	1	75	F24	468
1982	2	1	0	F24	570
1982	2	1	75	F24	349
1982	3	1	0	F24	616
1982	3	1	75	F24	382
1982	4	1	0	F24	629
1982	4	1	75	F24	372
1982	5	1	0	F24	614
1982	5	1	75	F24	390
1982	6	1	0	F24	564
1982	6	1	75	F24	353
1982	7	1	0	F24	615
1982	7	1	75	F24	376
1982	8	1	0	F24	554
1982	8	1	75	F24	334
1982	9	1	0	F24	525
1982	9	1	75	F24	323
1982	10	1	0	F24	608
1982	10	1	75	F24	350
1982	11	1	0	F24	604
1982	11	1	75	F24	375
1982	12	1	0	F24	636
1982	12	1	75	F24	384
1982	1	2	0	F24	680
1982	1	2	75	F24	553
1982	2	2	0	F24	507
1982	2	2	75	F24	423
1982	3	2	0	F24	542
1982	3	2	75	F24	447
1982	4	2	0	F24	571
1982	4	2	75	F24	482
1982	5	2	0	F24	575
1982	5	2	75	F24	484
1982	6	2	0	F24	530
1982	6	2	75	F24	446
1982	7	2	0	F24	516
1982	7	2	75	F24	432
1982	8	2	0	F24	513
1982	8	2	75	F24	441
1982	9	2	0	F24	505
1982	9	2	75	F24	415
1982	10	2	0	F24	474
1982	10	2	75	F24	401
1982	11	2	0	F24	468
1982	11	2	75	F24	396
1982	12	2	0	F24	545
1982	12	2	75	F24	449
1983	1	1	0	F23	947
1983	1	1	75	F23	427
1983	2	1	0	F23	868
1983	2	1	75	F23	391
1983	3	1	0	F23	1071
1983	3	1	75	F23	482
1983	4	1	0	F23	867
1983	4	1	75	F23	422
1983	5	1	0	F23	911
1983	5	1	75	F23	394
1983	6	1	0	F23	915
1983	6	1	75	F23	424
1983	7	1	0	F23	889
1983	7	1	75	F23	377
1983	8	1	0	F23	816
1983	8	1	75	F23	334
1983	9	1	0	F23	806
1983	9	1	75	F23	360
1983	10	1	0	F23	894
1983	10	1	75	F23	395
1983	11	1	0	F23	875
1983	11	1	75	F23	393
1983	12	1	0	F23	990
1983	12	1	75	F23	438
1983	1	2	0	F23	571
1983	1	2	75	F23	385
1983	2	2	0	F23	535
1983	2	2	75	F23	372
1983	3	2	0	F23	617
1983	3	2	75	F23	419
1983	4	2	0	F23	556
1983	4	2	75	F23	376
1983	5	2	0	F23	574
1983	5	2	75	F23	406
1983	6	2	0	F23	509
1983	6	2	75	F23	334
1983	7	2	0	F23	509
1983	7	2	75	F23	344
1983	8	2	0	F23	504
1983	8	2	75	F23	352
1983	9	2	0	F23	490
1983	9	2	75	F23	340
1983	10	2	0	F23	524
1983	10	2	75	F23	346
1983	11	2	0	F23	531
1983	11	2	75	F23	362
1983	12	2	0	F23	602
1983	12	2	75	F23	424
1983	1	1	0	F24	647
1983	1	1	75	F24	374
1983	2	1	0	F24	650
1983	2	1	75	F24	399
1983	3	1	0	F24	724
1983	3	1	75	F24	464
1983	4	1	0	F24	609
1983	4	1	75	F24	376
1983	5	1	0	F24	575
1983	5	1	75	F24	353
1983	6	1	0	F24	556
1983	6	1	75	F24	336
1983	7	1	0	F24	579
1983	7	1	75	F24	333
1983	8	1	0	F24	551
1983	8	1	75	F24	330
1983	9	1	0	F24	566
1983	9	1	75	F24	340
1983	10	1	0	F24	596
1983	10	1	75	F24	369
1983	11	1	0	F24	531
1983	11	1	75	F24	330
1983	12	1	0	F24	620
1983	12	1	75	F24	382
1983	1	2	0	F24	528
1983	1	2	75	F24	436
1983	2	2	0	F24	578
1983	2	2	75	F24	486
1983	3	2	0	F24	697
1983	3	2	75	F24	612
1983	4	2	0	F24	558
1983	4	2	75	F24	481
1983	5	2	0	F24	497
1983	5	2	75	F24	409
1983	6	2	0	F24	492
1983	6	2	75	F24	418
1983	7	2	0	F24	543
1983	7	2	75	F24	449
1983	8	2	0	F24	464
1983	8	2	75	F24	397
1983	9	2	0	F24	478
1983	9	2	75	F24	392
1983	10	2	0	F24	486
1983	10	2	75	F24	413
1983	11	2	0	F24	430
1983	11	2	75	F24	361
1983	12	2	0	F24	549
1983	12	2	75	F24	465
1984	1	1	0	F23	915
1984	1	1	75	F23	439
1984	2	1	0	F23	862
1984	2	1	75	F23	388
1984	3	1	0	F23	880
1984	3	1	75	F23	403
1984	4	1	0	F23	913
1984	4	1	75	F23	423
1984	5	1	0	F23	896
1984	5	1	75	F23	429
1984	6	1	0	F23	865
1984	6	1	75	F23	377
1984	7	1	0	F23	847
1984	7	1	75	F23	379
1984	8	1	0	F23	874
1984	8	1	75	F23	409
1984	9	1	0	F23	888
1984	9	1	75	F23	402
1984	10	1	0	F23	904
1984	10	1	75	F23	425
1984	11	1	0	F23	863
1984	11	1	75	F23	387
1984	12	1	0	F23	899
1984	12	1	75	F23	464
1984	1	2	0	F23	571
1984	1	2	75	F23	392
1984	2	2	0	F23	516
1984	2	2	75	F23	353
1984	3	2	0	F23	559
1984	3	2	75	F23	401
1984	4	2	0	F23	520
1984	4	2	75	F23	356
1984	5	2	0	F23	547
1984	5	2	75	F23	377
1984	6	2	0	F23	531
1984	6	2	75	F23	378
1984	7	2	0	F23	509
1984	7	2	75	F23	349
1984	8	2	0	F23	514
1984	8	2	75	F23	348
1984	9	2	0	F23	508
1984	9	2	75	F23	364
1984	10	2	0	F23	536
1984	10	2	75	F23	390
1984	11	2	0	F23	540
1984	11	2	75	F23	368
1984	12	2	0	F23	567
1984	12	2	75	F23	401
1984	1	1	0	F24	686
1984	1	1	75	F24	416
1984	2	1	0	F24	606
1984	2	1	75	F24	378
1984	3	1	0	F24	685
1984	3	1	75	F24	425
1984	4	1	0	F24	638
1984	4	1	75	F24	412
1984	5	1	0	F24	604
1984	5	1	75	F24	355
1984	6	1	0	F24	584
1984	6	1	75	F24	362
1984	7	1	0	F24	553
1984	7	1	75	F24	334
1984	8	1	0	F24	530
1984	8	1	75	F24	309
1984	9	1	0	F24	558
1984	9	1	75	F24	327
1984	10	1	0	F24	535
1984	10	1	75	F24	340
1984	11	1	0	F24	555
1984	11	1	75	F24	336
1984	12	1	0	F24	616
1984	12	1	75	F24	382
1984	1	2	0	F24	606
1984	1	2	75	F24	510
1984	2	2	0	F24	541
1984	2	2	75	F24	459
1984	3	2	0	F24	579
1984	3	2	75	F24	491
1984	4	2	0	F24	527
1984	4	2	75	F24	448
1984	5	2	0	F24	548
1984	5	2	75	F24	484
1984	6	2	0	F24	482
1984	6	2	75	F24	400
1984	7	2	0	F24	458
1984	7	2	75	F24	383
1984	8	2	0	F24	432
1984	8	2	75	F24	362
1984	9	2	0	F24	464
1984	9	2	75	F24	379
1984	10	2	0	F24	510
1984	10	2	75	F24	428
1984	11	2	0	F24	477
1984	11	2	75	F24	408
1984	12	2	0	F24	551
1984	12	2	75	F24	476
1985	1	1	0	F23	1070
1985	1	1	75	F23	529
1985	2	1	0	F23	940
1985	2	1	75	F23	462
1985	3	1	0	F23	981
1985	3	1	75	F23	470
1985	4	1	0	F23	816
1985	4	1	75	F23	367
1985	5	1	0	F23	897
1985	5	1	75	F23	435
1985	6	1	0	F23	864
1985	6	1	75	F23	389
1985	7	1	0	F23	764
1985	7	1	75	F23	346
1985	8	1	0	F23	890
1985	8	1	75	F23	396
1985	9	1	0	F23	857
1985	9	1	75	F23	404
1985	10	1	0	F23	844
1985	10	1	75	F23	401
1985	11	1	0	F23	903
1985	11	1	75	F23	441
1985	12	1	0	F23	951
1985	12	1	75	F23	428
1985	1	2	0	F23	645
1985	1	2	75	F23	479
1985	2	2	0	F23	600
1985	2	2	75	F23	432
1985	3	2	0	F23	615
1985	3	2	75	F23	453
1985	4	2	0	F23	521
1985	4	2	75	F23	357
1985	5	2	0	F23	511
1985	5	2	75	F23	355
1985	6	2	0	F23	495
1985	6	2	75	F23	333
1985	7	2	0	F23	521
1985	7	2	75	F23	379
1985	8	2	0	F23	509
1985	8	2	75	F23	364
1985	9	2	0	F23	512
1985	9	2	75	F23	368
1985	10	2	0	F23	485
1985	10	2	75	F23	349
1985	11	2	0	F23	539
1985	11	2	75	F23	390
1985	12	2	0	F23	612
1985	12	2	75	F23	438
1985	1	1	0	F24	785
1985	1	1	75	F24	495
1985	2	1	0	F24	702
1985	2	1	75	F24	449
1985	3	1	0	F24	623
1985	3	1	75	F24	388
1985	4	1	0	F24	569
1985	4	1	75	F24	360
1985	5	1	0	F24	558
1985	5	1	75	F24	340
1985	6	1	0	F24	542
1985	6	1	75	F24	316
1985	7	1	0	F24	576
1985	7	1	75	F24	342
1985	8	1	0	F24	565
1985	8	1	75	F24	327
1985	9	1	0	F24	586
1985	9	1	75	F24	338
1985	10	1	0	F24	626
1985	10	1	75	F24	386
1985	11	1	0	F24	590
1985	11	1	75	F24	360
1985	12	1	0	F24	693
1985	12	1	75	F24	446
1985	1	2	0	F24	664
1985	1	2	75	F24	562
1985	2	2	0	F24	609
1985	2	2	75	F24	538
1985	3	2	0	F24	624
1985	3	2	75	F24	537
1985	4	2	0	F24	512
1985	4	2	75	F24	442
1985	5	2	0	F24	583
1985	5	2	75	F24	490
1985	6	2	0	F24	478
1985	6	2	75	F24	411
1985	7	2	0	F24	477
1985	7	2	75	F24	403
1985	8	2	0	F24	488
1985	8	2	75	F24	420
1985	9	2	0	F24	428
1985	9	2	75	F24	365
1985	10	2	0	F24	459
1985	10	2	75	F24	379
1985	11	2	0	F24	520
1985	11	2	75	F24	438
1985	12	2	0	F24	590
1985	12	2	75	F24	384
1986	1	1	0	F23	981
1986	1	1	75	F23	486
1986	2	1	0	F23	825
1986	2	1	75	F23	408
1986	3	1	0	F23	921
1986	3	1	75	F23	458
1986	4	1	0	F23	904
1986	4	1	75	F23	439
1986	5	1	0	F23	940
1986	5	1	75	F23	436
1986	6	1	0	F23	847
1986	6	1	75	F23	374
1986	7	1	0	F23	822
1986	7	1	75	F23	391
1986	8	1	0	F23	837
1986	8	1	75	F23	400
1986	9	1	0	F23	867
1986	9	1	75	F23	416
1986	10	1	0	F23	913
1986	10	1	75	F23	460
1986	11	1	0	F23	824
1986	11	1	75	F23	397
1986	12	1	0	F23	1029
1986	12	1	75	F23	502
1986	1	2	0	F23	659
1986	1	2	75	F23	460
1986	2	2	0	F23	521
1986	2	2	75	F23	384
1986	3	2	0	F23	630
1986	3	2	75	F23	469
1986	4	2	0	F23	516
1986	4	2	75	F23	369
1986	5	2	0	F23	550
1986	5	2	75	F23	381
1986	6	2	0	F23	606
1986	6	2	75	F23	438
1986	7	2	0	F23	526
1986	7	2	75	F23	385
1986	8	2	0	F23	509
1986	8	2	75	F23	348
1986	9	2	0	F23	496
1986	9	2	75	F23	345
1986	10	2	0	F23	569
1986	10	2	75	F23	393
1986	11	2	0	F23	578
1986	11	2	75	F23	401
1986	12	2	0	F23	616
1986	12	2	75	F23	440
1986	1	1	0	F24	688
1986	1	1	75	F24	410
1986	2	1	0	F24	616
1986	2	1	75	F24	417
1986	3	1	0	F24	685
1986	3	1	75	F24	442
1986	4	1	0	F24	644
1986	4	1	75	F24	387
1986	5	1	0	F24	526
1986	5	1	75	F24	313
1986	6	1	0	F24	542
1986	6	1	75	F24	334
1986	7	1	0	F24	521
1986	7	1	75	F24	305
1986	8	1	0	F24	491
1986	8	1	75	F24	283
1986	9	1	0	F24	595
1986	9	1	75	F24	367
1986	10	1	0	F24	530
1986	10	1	75	F24	316
1986	11	1	0	F24	483
1986	11	1	75	F24	312
1986	12	1	0	F24	691
1986	12	1	75	F24	417
1986	1	2	0	F24	624
1986	1	2	75	F24	540
1986	2	2	0	F24	623
1986	2	2	75	F24	545
1986	3	2	0	F24	596
1986	3	2	75	F24	512
1986	4	2	0	F24	509
1986	4	2	75	F24	433
1986	5	2	0	F24	473
1986	5	2	75	F24	383
1986	6	2	0	F24	544
1986	6	2	75	F24	483
1986	7	2	0	F24	497
1986	7	2	75	F24	421
1986	8	2	0	F24	489
1986	8	2	75	F24	423
1986	9	2	0	F24	489
1986	9	2	75	F24	427
1986	10	2	0	F24	450
1986	10	2	75	F24	388
1986	11	2	0	F24	448
1986	11	2	75	F24	390
1986	12	2	0	F24	534
1986	12	2	75	F24	443
1969	1	1	0	F27	23
1969	1	1	75	F27	11
1969	2	1	0	F27	77
1969	2	1	75	F27	32
1969	3	1	0	F27	29
1969	3	1	75	F27	15
1969	4	1	0	F27	17
1969	4	1	75	F27	12
1969	5	1	0	F27	10
1969	5	1	75	F27	5
1969	6	1	0	F27	6
1969	6	1	75	F27	3
1969	7	1	0	F27	3
1969	7	1	75	F27	2
1969	8	1	0	F27	4
1969	8	1	75	F27	0
1969	9	1	0	F27	6
1969	9	1	75	F27	4
1969	10	1	0	F27	7
1969	10	1	75	F27	2
1969	11	1	0	F27	7
1969	11	1	75	F27	1
1969	12	1	0	F27	82
1969	12	1	75	F27	24
1969	1	2	0	F27	33
1969	1	2	75	F27	26
1969	2	2	0	F27	57
1969	2	2	75	F27	26
1969	3	2	0	F27	47
1969	3	2	75	F27	28
1969	4	2	0	F27	25
1969	4	2	75	F27	15
1969	5	2	0	F27	7
1969	5	2	75	F27	3
1969	6	2	0	F27	6
1969	6	2	75	F27	4
1969	7	2	0	F27	2
1969	7	2	75	F27	0
1969	8	2	0	F27	1
1969	8	2	75	F27	0
1969	9	2	0	F27	3
1969	9	2	75	F27	2
1969	10	2	0	F27	5
1969	10	2	75	F27	4
1969	11	2	0	F27	7
1969	11	2	75	F27	5
1969	12	2	0	F27	73
1969	12	2	75	F27	28
1970	1	1	0	F27	135
1970	1	1	75	F27	54
1970	2	1	0	F27	13
1970	2	1	75	F27	6
1970	3	1	0	F27	7
1970	3	1	75	F27	3
1970	4	1	0	F27	5
1970	4	1	75	F27	3
1970	5	1	0	F27	6
1970	5	1	75	F27	3
1970	6	1	0	F27	1
1970	6	1	75	F27	1
1970	7	1	0	F27	5
1970	7	1	75	F27	3
1970	8	1	0	F27	5
1970	8	1	75	F27	1
1970	9	1	0	F27	4
1970	9	1	75	F27	1
1970	10	1	0	F27	2
1970	10	1	75	F27	0
1970	11	1	0	F27	3
1970	11	1	75	F27	1
1970	12	1	0	F27	3
1970	12	1	75	F27	1
1970	1	2	0	F27	121
1970	1	2	75	F27	71
1970	2	2	0	F27	15
1970	2	2	75	F27	9
1970	3	2	0	F27	9
1970	3	2	75	F27	7
1970	4	2	0	F27	4
1970	4	2	75	F27	3
1970	5	2	0	F27	4
1970	5	2	75	F27	2
1970	6	2	0	F27	1
1970	6	2	75	F27	1
1970	7	2	0	F27	5
1970	7	2	75	F27	3
1970	8	2	0	F27	6
1970	8	2	75	F27	1
1970	9	2	0	F27	3
1970	9	2	75	F27	3
1970	10	2	0	F27	3
1970	10	2	75	F27	3
1970	11	2	0	F27	6
1970	11	2	75	F27	3
1970	12	2	0	F27	7
1970	12	2	75	F27	5
1969	1	1	0	F28	225
1969	1	1	75	F28	154
1969	2	1	0	F28	227
1969	2	1	75	F28	125
1969	3	1	0	F28	223
1969	3	1	75	F28	142
1969	4	1	0	F28	194
1969	4	1	75	F28	141
1969	5	1	0	F28	142
1969	5	1	75	F28	98
1969	6	1	0	F28	163
1969	6	1	75	F28	112
1969	7	1	0	F28	164
1969	7	1	75	F28	105
1969	8	1	0	F28	149
1969	8	1	75	F28	112
1969	9	1	0	F28	130
1969	9	1	75	F28	92
1969	10	1	0	F28	144
1969	10	1	75	F28	96
1969	11	1	0	F28	166
1969	11	1	75	F28	110
1969	12	1	0	F28	304
1969	12	1	75	F28	163
1969	1	2	0	F28	222
1969	1	2	75	F28	168
1969	2	2	0	F28	249
1969	2	2	75	F28	176
1969	3	2	0	F28	232
1969	3	2	75	F28	172
1969	4	2	0	F28	196
1969	4	2	75	F28	151
1969	5	2	0	F28	160
1969	5	2	75	F28	123
1969	6	2	0	F28	179
1969	6	2	75	F28	138
1969	7	2	0	F28	159
1969	7	2	75	F28	114
1969	8	2	0	F28	154
1969	8	2	75	F28	120
1969	9	2	0	F28	100
1969	9	2	75	F28	78
1969	10	2	0	F28	152
1969	10	2	75	F28	111
1969	11	2	0	F28	146
1969	11	2	75	F28	119
1969	12	2	0	F28	255
1969	12	2	75	F28	167
1970	1	1	0	F28	334
1970	1	1	75	F28	196
1970	2	1	0	F28	166
1970	2	1	75	F28	115
1970	3	1	0	F28	143
1970	3	1	75	F28	96
1970	4	1	0	F28	128
1970	4	1	75	F28	82
1970	5	1	0	F28	152
1970	5	1	75	F28	117
1970	6	1	0	F28	132
1970	6	1	75	F28	96
1970	7	1	0	F28	112
1970	7	1	75	F28	77
1970	8	1	0	F28	136
1970	8	1	75	F28	94
1970	9	1	0	F28	102
1970	9	1	75	F28	69
1970	10	1	0	F28	85
1970	10	1	75	F28	55
1970	11	1	0	F28	65
1970	11	1	75	F28	44
1970	12	1	0	F28	73
1970	12	1	75	F28	46
1970	1	2	0	F28	318
1970	1	2	75	F28	208
1970	2	2	0	F28	175
1970	2	2	75	F28	130
1970	3	2	0	F28	147
1970	3	2	75	F28	118
1970	4	2	0	F28	153
1970	4	2	75	F28	121
1970	5	2	0	F28	149
1970	5	2	75	F28	119
1970	6	2	0	F28	138
1970	6	2	75	F28	111
1970	7	2	0	F28	73
1970	7	2	75	F28	65
1970	8	2	0	F28	102
1970	8	2	75	F28	85
1970	9	2	0	F28	98
1970	9	2	75	F28	81
1970	10	2	0	F28	78
1970	10	2	75	F28	60
1970	11	2	0	F28	53
1970	11	2	75	F28	36
1970	12	2	0	F28	71
1970	12	2	75	F28	58
1971	1	1	0	F27	6
1971	1	1	75	F27	3
1971	2	1	0	F27	2
1971	2	1	75	F27	1
1971	3	1	0	F27	3
1971	3	1	75	F27	2
1971	4	1	0	F27	5
1971	4	1	75	F27	0
1971	5	1	0	F27	2
1971	5	1	75	F27	1
1971	6	1	0	F27	7
1971	6	1	75	F27	3
1971	7	1	0	F27	5
1971	7	1	75	F27	2
1971	8	1	0	F27	3
1971	8	1	75	F27	3
1971	9	1	0	F27	1
1971	9	1	75	F27	1
1971	10	1	0	F27	5
1971	10	1	75	F27	1
1971	11	1	0	F27	7
1971	11	1	75	F27	5
1971	12	1	0	F27	106
1971	12	1	75	F27	52
1971	1	2	0	F27	4
1971	1	2	75	F27	3
1971	2	2	0	F27	5
1971	2	2	75	F27	2
1971	3	2	0	F27	7
1971	3	2	75	F27	4
1971	4	2	0	F27	13
1971	4	2	75	F27	8
1971	5	2	0	F27	8
1971	5	2	75	F27	3
1971	6	2	0	F27	4
1971	6	2	75	F27	3
1971	7	2	0	F27	3
1971	7	2	75	F27	3
1971	8	2	0	F27	1
1971	8	2	75	F27	0
1971	9	2	0	F27	3
1971	9	2	75	F27	2
1971	10	2	0	F27	6
1971	10	2	75	F27	3
1971	11	2	0	F27	4
1971	11	2	75	F27	3
1971	12	2	0	F27	85
1971	12	2	75	F27	49
1971	1	1	0	F28	95
1971	1	1	75	F28	68
1971	2	1	0	F28	64
1971	2	1	75	F28	41
1971	3	1	0	F28	78
1971	3	1	75	F28	52
1971	4	1	0	F28	84
1971	4	1	75	F28	67
1971	5	1	0	F28	80
1971	5	1	75	F28	54
1971	6	1	0	F28	67
1971	6	1	75	F28	39
1971	7	1	0	F28	96
1971	7	1	75	F28	71
1971	8	1	0	F28	64
1971	8	1	75	F28	40
1971	9	1	0	F28	62
1971	9	1	75	F28	49
1971	10	1	0	F28	67
1971	10	1	75	F28	49
1971	11	1	0	F28	64
1971	11	1	75	F28	45
1971	12	1	0	F28	189
1971	12	1	75	F28	114
1971	1	2	0	F28	98
1971	1	2	75	F28	77
1971	2	2	0	F28	73
1971	2	2	75	F28	52
1971	3	2	0	F28	70
1971	3	2	75	F28	57
1971	4	2	0	F28	89
1971	4	2	75	F28	68
1971	5	2	0	F28	93
1971	5	2	75	F28	73
1971	6	2	0	F28	62
1971	6	2	75	F28	51
1971	7	2	0	F28	92
1971	7	2	75	F28	73
1971	8	2	0	F28	65
1971	8	2	75	F28	52
1971	9	2	0	F28	47
1971	9	2	75	F28	42
1971	10	2	0	F28	65
1971	10	2	75	F28	52
1971	11	2	0	F28	70
1971	11	2	75	F28	51
1971	12	2	0	F28	177
1971	12	2	75	F28	117
1972	1	1	0	F27	54
1972	1	1	75	F27	31
1972	2	1	0	F27	8
1972	2	1	75	F27	6
1972	3	1	0	F27	6
1972	3	1	75	F27	4
1972	4	1	0	F27	2
1972	4	1	75	F27	1
1972	5	1	0	F27	4
1972	5	1	75	F27	3
1972	6	1	0	F27	2
1972	6	1	75	F27	2
1972	7	1	0	F27	1
1972	7	1	75	F27	0
1972	8	1	0	F27	4
1972	8	1	75	F27	1
1972	9	1	0	F27	4
1972	9	1	75	F27	3
1972	10	1	0	F27	4
1972	10	1	75	F27	1
1972	11	1	0	F27	4
1972	11	1	75	F27	1
1972	12	1	0	F27	6
1972	12	1	75	F27	4
1972	1	2	0	F27	84
1972	1	2	75	F27	58
1972	2	2	0	F27	7
1972	2	2	75	F27	7
1972	3	2	0	F27	3
1972	3	2	75	F27	2
1972	4	2	0	F27	3
1972	4	2	75	F27	3
1972	5	2	0	F27	4
1972	5	2	75	F27	1
1972	6	2	0	F27	1
1972	6	2	75	F27	1
1972	7	2	0	F27	3
1972	7	2	75	F27	3
1972	8	2	0	F27	1
1972	8	2	75	F27	1
1972	9	2	0	F27	2
1972	9	2	75	F27	1
1972	10	2	0	F27	3
1972	10	2	75	F27	1
1972	11	2	0	F27	2
1972	11	2	75	F27	2
1972	12	2	0	F27	10
1972	12	2	75	F27	9
1972	1	1	0	F28	166
1972	1	1	75	F28	98
1972	2	1	0	F28	100
1972	2	1	75	F28	68
1972	3	1	0	F28	76
1972	3	1	75	F28	54
1972	4	1	0	F28	74
1972	4	1	75	F28	51
1972	5	1	0	F28	56
1972	5	1	75	F28	41
1972	6	1	0	F28	68
1972	6	1	75	F28	51
1972	7	1	0	F28	78
1972	7	1	75	F28	49
1972	8	1	0	F28	58
1972	8	1	75	F28	42
1972	9	1	0	F28	53
1972	9	1	75	F28	32
1972	10	1	0	F28	83
1972	10	1	75	F28	59
1972	11	1	0	F28	85
1972	11	1	75	F28	63
1972	12	1	0	F28	112
1972	12	1	75	F28	78
1972	1	2	0	F28	135
1972	1	2	75	F28	92
1972	2	2	0	F28	79
1972	2	2	75	F28	61
1972	3	2	0	F28	67
1972	3	2	75	F28	57
1972	4	2	0	F28	51
1972	4	2	75	F28	40
1972	5	2	0	F28	49
1972	5	2	75	F28	37
1972	6	2	0	F28	56
1972	6	2	75	F28	47
1972	7	2	0	F28	81
1972	7	2	75	F28	73
1972	8	2	0	F28	50
1972	8	2	75	F28	40
1972	9	2	0	F28	48
1972	9	2	75	F28	38
1972	10	2	0	F28	67
1972	10	2	75	F28	56
1972	11	2	0	F28	69
1972	11	2	75	F28	62
1972	12	2	0	F28	87
1972	12	2	75	F28	68
1973	1	1	0	F27	27
1973	1	1	75	F27	13
1973	2	1	0	F27	41
1973	2	1	75	F27	25
1973	3	1	0	F27	10
1973	3	1	75	F27	7
1973	4	1	0	F27	1
1973	4	1	75	F27	0
1973	5	1	0	F27	3
1973	5	1	75	F27	2
1973	6	1	0	F27	0
1973	6	1	75	F27	0
1973	7	1	0	F27	1
1973	7	1	75	F27	1
1973	8	1	0	F27	5
1973	8	1	75	F27	3
1973	9	1	0	F27	5
1973	9	1	75	F27	2
1973	10	1	0	F27	2
1973	10	1	75	F27	1
1973	11	1	0	F27	3
1973	11	1	75	F27	9
1973	12	1	0	F27	9
1973	12	1	75	F27	6
1973	1	2	0	F27	31
1973	1	2	75	F27	22
1973	2	2	0	F27	43
1973	2	2	75	F27	34
1973	3	2	0	F27	10
1973	3	2	75	F27	8
1973	4	2	0	F27	2
1973	4	2	75	F27	1
1973	5	2	0	F27	2
1973	5	2	75	F27	1
1973	6	2	0	F27	2
1973	6	2	75	F27	1
1973	7	2	0	F27	3
1973	7	2	75	F27	3
1973	8	2	0	F27	1
1973	8	2	75	F27	0
1973	9	2	0	F27	0
1973	9	2	75	F27	0
1973	10	2	0	F27	1
1973	10	2	75	F27	1
1973	11	2	0	F27	2
1973	11	2	75	F27	1
1973	12	2	0	F27	31
1973	12	2	75	F27	21
1973	1	1	0	F28	119
1973	1	1	75	F28	82
1973	2	1	0	F28	108
1973	2	1	75	F28	75
1973	3	1	0	F28	98
1973	3	1	75	F28	68
1973	4	1	0	F28	71
1973	4	1	75	F28	51
1973	5	1	0	F28	53
1973	5	1	75	F28	36
1973	6	1	0	F28	67
1973	6	1	75	F28	50
1973	7	1	0	F28	80
1973	7	1	75	F28	60
1973	8	1	0	F28	70
1973	8	1	75	F28	51
1973	9	1	0	F28	73
1973	9	1	75	F28	59
1973	10	1	0	F28	77
1973	10	1	75	F28	54
1973	11	1	0	F28	86
1973	11	1	75	F28	59
1973	12	1	0	F28	100
1973	12	1	75	F28	67
1973	1	2	0	F28	120
1973	1	2	75	F28	98
1973	2	2	0	F28	83
1973	2	2	75	F28	66
1973	3	2	0	F28	78
1973	3	2	75	F28	61
1973	4	2	0	F28	70
1973	4	2	75	F28	57
1973	5	2	0	F28	52
1973	5	2	75	F28	41
1973	6	2	0	F28	74
1973	6	2	75	F28	64
1973	7	2	0	F28	116
1973	7	2	75	F28	100
1973	8	2	0	F28	57
1973	8	2	75	F28	49
1973	9	2	0	F28	54
1973	9	2	75	F28	47
1973	10	2	0	F28	62
1973	10	2	75	F28	51
1973	11	2	0	F28	68
1973	11	2	75	F28	58
1973	12	2	0	F28	114
1973	12	2	75	F28	105
1974	1	1	0	F27	34
1974	1	1	75	F27	26
1974	2	1	0	F27	9
1974	2	1	75	F27	7
1974	3	1	0	F27	15
1974	3	1	75	F27	13
1974	4	1	0	F27	42
1974	4	1	75	F27	25
1974	5	1	0	F27	13
1974	5	1	75	F27	10
1974	6	1	0	F27	4
1974	6	1	75	F27	1
1974	7	1	0	F27	4
1974	7	1	75	F27	1
1974	8	1	0	F27	1
1974	8	1	75	F27	0
1974	9	1	0	F27	2
1974	9	1	75	F27	1
1974	10	1	0	F27	7
1974	10	1	75	F27	3
1974	11	1	0	F27	2
1974	11	1	75	F27	1
1974	12	1	0	F27	5
1974	12	1	75	F27	4
1974	1	2	0	F27	51
1974	1	2	75	F27	48
1974	2	2	0	F27	10
1974	2	2	75	F27	7
1974	3	2	0	F27	19
1974	3	2	75	F27	14
1974	4	2	0	F27	56
1974	4	2	75	F27	43
1974	5	2	0	F27	6
1974	5	2	75	F27	5
1974	6	2	0	F27	5
1974	6	2	75	F27	4
1974	7	2	0	F27	2
1974	7	2	75	F27	1
1974	8	2	0	F27	5
1974	8	2	75	F27	3
1974	9	2	0	F27	2
1974	9	2	75	F27	2
1974	10	2	0	F27	5
1974	10	2	75	F27	3
1974	11	2	0	F27	2
1974	11	2	75	F27	2
1974	12	2	0	F27	3
1974	12	2	75	F27	2
1974	1	1	0	F28	111
1974	1	1	75	F28	84
1974	2	1	0	F28	71
1974	2	1	75	F28	54
1974	3	1	0	F28	119
1974	3	1	75	F28	83
1974	4	1	0	F28	154
1974	4	1	75	F28	100
1974	5	1	0	F28	98
1974	5	1	75	F28	67
1974	6	1	0	F28	62
1974	6	1	75	F28	48
1974	7	1	0	F28	75
1974	7	1	75	F28	53
1974	8	1	0	F28	72
1974	8	1	75	F28	48
1974	9	1	0	F28	65
1974	9	1	75	F28	43
1974	10	1	0	F28	72
1974	10	1	75	F28	49
1974	11	1	0	F28	54
1974	11	1	75	F28	36
1974	12	1	0	F28	78
1974	12	1	75	F28	59
1974	1	2	0	F28	109
1974	1	2	75	F28	77
1974	2	2	0	F28	57
1974	2	2	75	F28	41
1974	3	2	0	F28	99
1974	3	2	75	F28	84
1974	4	2	0	F28	127
1974	4	2	75	F28	92
1974	5	2	0	F28	84
1974	5	2	75	F28	72
1974	6	2	0	F28	65
1974	6	2	75	F28	50
1974	7	2	0	F28	65
1974	7	2	75	F28	57
1974	8	2	0	F28	64
1974	8	2	75	F28	53
1974	9	2	0	F28	48
1974	9	2	75	F28	39
1974	10	2	0	F28	47
1974	10	2	75	F28	40
1974	11	2	0	F28	63
1974	11	2	75	F28	49
1974	12	2	0	F28	66
1974	12	2	75	F28	57
1975	1	1	0	F27	14
1975	1	1	75	F27	9
1975	2	1	0	F27	107
1975	2	1	75	F27	75
1975	3	1	0	F27	72
1975	3	1	75	F27	54
1975	4	1	0	F27	11
1975	4	1	75	F27	7
1975	5	1	0	F27	5
1975	5	1	75	F27	1
1975	6	1	0	F27	6
1975	6	1	75	F27	4
1975	7	1	0	F27	1
1975	7	1	75	F27	0
1975	8	1	0	F27	4
1975	8	1	75	F27	3
1975	9	1	0	F27	6
1975	9	1	75	F27	2
1975	10	1	0	F27	2
1975	10	1	75	F27	2
1975	11	1	0	F27	3
1975	11	1	75	F27	3
1975	12	1	0	F27	6
1975	12	1	75	F27	4
1975	1	2	0	F27	10
1975	1	2	75	F27	9
1975	2	2	0	F27	62
1975	2	2	75	F27	50
1975	3	2	0	F27	79
1975	3	2	75	F27	68
1975	4	2	0	F27	16
1975	4	2	75	F27	12
1975	5	2	0	F27	3
1975	5	2	75	F27	3
1975	6	2	0	F27	4
1975	6	2	75	F27	4
1975	7	2	0	F27	2
1975	7	2	75	F27	1
1975	8	2	0	F27	2
1975	8	2	75	F27	2
1975	9	2	0	F27	5
1975	9	2	75	F27	4
1975	10	2	0	F27	2
1975	10	2	75	F27	2
1975	11	2	0	F27	2
1975	11	2	75	F27	2
1975	12	2	0	F27	3
1975	12	2	75	F27	3
1975	1	1	0	F28	74
1975	1	1	75	F28	53
1975	2	1	0	F28	115
1975	2	1	75	F28	65
1975	3	1	0	F28	110
1975	3	1	75	F28	63
1975	4	1	0	F28	86
1975	4	1	75	F28	58
1975	5	1	0	F28	87
1975	5	1	75	F28	54
1975	6	1	0	F28	87
1975	6	1	75	F28	61
1975	7	1	0	F28	84
1975	7	1	75	F28	56
1975	8	1	0	F28	97
1975	8	1	75	F28	73
1975	9	1	0	F28	63
1975	9	1	75	F28	44
1975	10	1	0	F28	87
1975	10	1	75	F28	59
1975	11	1	0	F28	88
1975	11	1	75	F28	59
1975	12	1	0	F28	106
1975	12	1	75	F28	77
1975	1	2	0	F28	83
1975	1	2	75	F28	70
1975	2	2	0	F28	75
1975	2	2	75	F28	59
1975	3	2	0	F28	125
1975	3	2	75	F28	98
1975	4	2	0	F28	64
1975	4	2	75	F28	54
1975	5	2	0	F28	81
1975	5	2	75	F28	65
1975	6	2	0	F28	51
1975	6	2	75	F28	42
1975	7	2	0	F28	70
1975	7	2	75	F28	61
1975	8	2	0	F28	83
1975	8	2	75	F28	74
1975	9	2	0	F28	48
1975	9	2	75	F28	44
1975	10	2	0	F28	75
1975	10	2	75	F28	61
1975	11	2	0	F28	72
1975	11	2	75	F28	58
1975	12	2	0	F28	94
1975	12	2	75	F28	82
1976	1	1	0	F27	3
1976	1	1	75	F27	3
1976	2	1	0	F27	75
1976	2	1	75	F27	58
1976	3	1	0	F27	210
1976	3	1	75	F27	171
1976	4	1	0	F27	54
1976	4	1	75	F27	41
1976	5	1	0	F27	7
1976	5	1	75	F27	3
1976	6	1	0	F27	3
1976	6	1	75	F27	3
1976	7	1	0	F27	2
1976	7	1	75	F27	1
1976	8	1	0	F27	1
1976	8	1	75	F27	0
1976	9	1	0	F27	5
1976	9	1	75	F27	4
1976	10	1	0	F27	2
1976	10	1	75	F27	2
1976	11	1	0	F27	1
1976	11	1	75	F27	1
1976	12	1	0	F27	2
1976	12	1	75	F27	1
1976	1	2	0	F27	1
1976	1	2	75	F27	1
1976	2	2	0	F27	98
1976	2	2	75	F27	85
1976	3	2	0	F27	286
1976	3	2	75	F27	257
1976	4	2	0	F27	93
1976	4	2	75	F27	85
1976	5	2	0	F27	9
1976	5	2	75	F27	6
1976	6	2	0	F27	2
1976	6	2	75	F27	2
1976	7	2	0	F27	2
1976	7	2	75	F27	2
1976	8	2	0	F27	0
1976	8	2	75	F27	0
1976	9	2	0	F27	3
1976	9	2	75	F27	1
1976	10	2	0	F27	4
1976	10	2	75	F27	3
1976	11	2	0	F27	6
1976	11	2	75	F27	2
1976	12	2	0	F27	2
1976	12	2	75	F27	1
1976	1	1	0	F28	93
1976	1	1	75	F28	66
1976	2	1	0	F28	138
1976	2	1	75	F28	98
1976	3	1	0	F28	236
1976	3	1	75	F28	156
1976	4	1	0	F28	133
1976	4	1	75	F28	100
1976	5	1	0	F28	94
1976	5	1	75	F28	64
1976	6	1	0	F28	69
1976	6	1	75	F28	46
1976	7	1	0	F28	78
1976	7	1	75	F28	59
1976	8	1	0	F28	82
1976	8	1	75	F28	62
1976	9	1	0	F28	61
1976	9	1	75	F28	40
1976	10	1	0	F28	75
1976	10	1	75	F28	53
1976	11	1	0	F28	85
1976	11	1	75	F28	59
1976	12	1	0	F28	98
1976	12	1	75	F28	68
1976	1	2	0	F28	94
1976	1	2	75	F28	83
1976	2	2	0	F28	118
1976	2	2	75	F28	96
1976	3	2	0	F28	211
1976	3	2	75	F28	184
1976	4	2	0	F28	105
1976	4	2	75	F28	92
1976	5	2	0	F28	71
1976	5	2	75	F28	64
1976	6	2	0	F28	81
1976	6	2	75	F28	62
1976	7	2	0	F28	82
1976	7	2	75	F28	72
1976	8	2	0	F28	82
1976	8	2	75	F28	73
1976	9	2	0	F28	57
1976	9	2	75	F28	50
1976	10	2	0	F28	77
1976	10	2	75	F28	57
1976	11	2	0	F28	79
1976	11	2	75	F28	65
1976	12	2	0	F28	89
1976	12	2	75	F28	72
1977	1	1	0	F27	10
1977	1	1	75	F27	5
1977	2	1	0	F27	2
1977	2	1	75	F27	2
1977	3	1	0	F27	12
1977	3	1	75	F27	8
1977	4	1	0	F27	36
1977	4	1	75	F27	27
1977	5	1	0	F27	11
1977	5	1	75	F27	10
1977	6	1	0	F27	2
1977	6	1	75	F27	1
1977	7	1	0	F27	2
1977	7	1	75	F27	1
1977	8	1	0	F27	0
1977	8	1	75	F27	0
1977	9	1	0	F27	4
1977	9	1	75	F27	3
1977	10	1	0	F27	3
1977	10	1	75	F27	1
1977	11	1	0	F27	2
1977	11	1	75	F27	0
1977	12	1	0	F27	1
1977	12	1	75	F27	1
1977	1	2	0	F27	7
1977	1	2	75	F27	5
1977	2	2	0	F27	4
1977	2	2	75	F27	3
1977	3	2	0	F27	19
1977	3	2	75	F27	15
1977	4	2	0	F27	32
1977	4	2	75	F27	27
1977	5	2	0	F27	15
1977	5	2	75	F27	14
1977	6	2	0	F27	3
1977	6	2	75	F27	2
1977	7	2	0	F27	1
1977	7	2	75	F27	1
1977	8	2	0	F27	3
1977	8	2	75	F27	2
1977	9	2	0	F27	2
1977	9	2	75	F27	1
1977	10	2	0	F27	1
1977	10	2	75	F27	1
1977	11	2	0	F27	5
1977	11	2	75	F27	3
1977	12	2	0	F27	4
1977	12	2	75	F27	4
1977	1	1	0	F28	110
1977	1	1	75	F28	78
1977	2	1	0	F28	102
1977	2	1	75	F28	74
1977	3	1	0	F28	99
1977	3	1	75	F28	74
1977	4	1	0	F28	128
1977	4	1	75	F28	84
1977	5	1	0	F28	94
1977	5	1	75	F28	60
1977	6	1	0	F28	104
1977	6	1	75	F28	77
1977	7	1	0	F28	91
1977	7	1	75	F28	61
1977	8	1	0	F28	74
1977	8	1	75	F28	51
1977	9	1	0	F28	91
1977	9	1	75	F28	58
1977	10	1	0	F28	87
1977	10	1	75	F28	71
1977	11	1	0	F28	95
1977	11	1	75	F28	70
1977	12	1	0	F28	134
1977	12	1	75	F28	97
1977	1	2	0	F28	119
1977	1	2	75	F28	105
1977	2	2	0	F28	72
1977	2	2	75	F28	64
1977	3	2	0	F28	102
1977	3	2	75	F28	79
1977	4	2	0	F28	127
1977	4	2	75	F28	103
1977	5	2	0	F28	90
1977	5	2	75	F28	78
1977	6	2	0	F28	76
1977	6	2	75	F28	63
1977	7	2	0	F28	93
1977	7	2	75	F28	80
1977	8	2	0	F28	79
1977	8	2	75	F28	69
1977	9	2	0	F28	87
1977	9	2	75	F28	78
1977	10	2	0	F28	84
1977	10	2	75	F28	71
1977	11	2	0	F28	77
1977	11	2	75	F28	68
1977	12	2	0	F28	130
1977	12	2	75	F28	101
1978	1	1	0	F27	14
1978	1	1	75	F27	8
1978	2	1	0	F27	26
1978	2	1	75	F27	20
1978	3	1	0	F27	39
1978	3	1	75	F27	26
1978	4	1	0	F27	9
1978	4	1	75	F27	7
1978	5	1	0	F27	1
1978	5	1	75	F27	0
1978	6	1	0	F27	4
1978	6	1	75	F27	2
1978	7	1	0	F27	0
1978	7	1	75	F27	0
1978	8	1	0	F27	1
1978	8	1	75	F27	1
1978	9	1	0	F27	3
1978	9	1	75	F27	2
1978	10	1	0	F27	0
1978	10	1	75	F27	0
1978	11	1	0	F27	4
1978	11	1	75	F27	2
1978	12	1	0	F27	0
1978	12	1	75	F27	0
1978	1	2	0	F27	5
1978	1	2	75	F27	3
1978	2	2	0	F27	40
1978	2	2	75	F27	33
1978	3	2	0	F27	35
1978	3	2	75	F27	25
1978	4	2	0	F27	6
1978	4	2	75	F27	6
1978	5	2	0	F27	5
1978	5	2	75	F27	3
1978	6	2	0	F27	5
1978	6	2	75	F27	4
1978	7	2	0	F27	2
1978	7	2	75	F27	1
1978	8	2	0	F27	4
1978	8	2	75	F27	2
1978	9	2	0	F27	2
1978	9	2	75	F27	2
1978	10	2	0	F27	6
1978	10	2	75	F27	3
1978	11	2	0	F27	4
1978	11	2	75	F27	4
1978	12	2	0	F27	2
1978	12	2	75	F27	2
1978	1	1	0	F28	122
1978	1	1	75	F28	100
1978	2	1	0	F28	163
1978	2	1	75	F28	119
1978	3	1	0	F28	141
1978	3	1	75	F28	109
1978	4	1	0	F28	131
1978	4	1	75	F28	88
1978	5	1	0	F28	102
1978	5	1	75	F28	77
1978	6	1	0	F28	97
1978	6	1	75	F28	72
1978	7	1	0	F28	103
1978	7	1	75	F28	71
1978	8	1	0	F28	125
1978	8	1	75	F28	84
1978	9	1	0	F28	85
1978	9	1	75	F28	67
1978	10	1	0	F28	90
1978	10	1	75	F28	65
1978	11	1	0	F28	105
1978	11	1	75	F28	84
1978	12	1	0	F28	138
1978	12	1	75	F28	97
1978	1	2	0	F28	142
1978	1	2	75	F28	119
1978	2	2	0	F28	159
1978	2	2	75	F28	132
1978	3	2	0	F28	148
1978	3	2	75	F28	125
1978	4	2	0	F28	120
1978	4	2	75	F28	100
1978	5	2	0	F28	121
1978	5	2	75	F28	100
1978	6	2	0	F28	100
1978	6	2	75	F28	84
1978	7	2	0	F28	104
1978	7	2	75	F28	95
1978	8	2	0	F28	110
1978	8	2	75	F28	98
1978	9	2	0	F28	91
1978	9	2	75	F28	75
1978	10	2	0	F28	82
1978	10	2	75	F28	73
1978	11	2	0	F28	95
1978	11	2	75	F28	78
1978	12	2	0	F28	141
1978	12	2	75	F28	117
1979	1	1	0	F27	5
1979	1	1	75	F27	4
1979	2	1	0	F27	7
1979	2	1	75	F27	6
1979	3	1	0	F27	7
1979	3	1	75	F27	7
1979	4	1	0	F27	9
1979	4	1	75	F27	7
1979	5	1	0	F27	2
1979	5	1	75	F27	1
1979	6	1	0	F27	3
1979	6	1	75	F27	2
1979	7	1	0	F27	1
1979	7	1	75	F27	0
1979	8	1	0	F27	1
1979	8	1	75	F27	1
1979	9	1	0	F27	5
1979	9	1	75	F27	4
1979	10	1	0	F27	2
1979	10	1	75	F27	1
1979	11	1	0	F27	4
1979	11	1	75	F27	3
1979	12	1	0	F27	3
1979	12	1	75	F27	2
1979	1	2	0	F27	10
1979	1	2	75	F27	8
1979	2	2	0	F27	7
1979	2	2	75	F27	6
1979	3	2	0	F27	9
1979	3	2	75	F27	8
1979	4	2	0	F27	13
1979	4	2	75	F27	11
1979	5	2	0	F27	9
1979	5	2	75	F27	8
1979	6	2	0	F27	4
1979	6	2	75	F27	4
1979	7	2	0	F27	1
1979	7	2	75	F27	1
1979	8	2	0	F27	2
1979	8	2	75	F27	2
1979	9	2	0	F27	7
1979	9	2	75	F27	4
1979	10	2	0	F27	2
1979	10	2	75	F27	1
1979	11	2	0	F27	3
1979	11	2	75	F27	2
1979	12	2	0	F27	5
1979	12	2	75	F27	5
1979	1	1	0	F28	177
1979	1	1	75	F28	132
1979	2	1	0	F28	164
1979	2	1	75	F28	114
1979	3	1	0	F28	147
1979	3	1	75	F28	117
1979	4	1	0	F28	157
1979	4	1	75	F28	122
1979	5	1	0	F28	160
1979	5	1	75	F28	125
1979	6	1	0	F28	125
1979	6	1	75	F28	89
1979	7	1	0	F28	113
1979	7	1	75	F28	76
1979	8	1	0	F28	130
1979	8	1	75	F28	88
1979	9	1	0	F28	124
1979	9	1	75	F28	89
1979	10	1	0	F28	130
1979	10	1	75	F28	95
1979	11	1	0	F28	134
1979	11	1	75	F28	90
1979	12	1	0	F28	133
1979	12	1	75	F28	100
1979	1	2	0	F28	168
1979	1	2	75	F28	158
1979	2	2	0	F28	144
1979	2	2	75	F28	122
1979	3	2	0	F28	143
1979	3	2	75	F28	126
1979	4	2	0	F28	156
1979	4	2	75	F28	128
1979	5	2	0	F28	155
1979	5	2	75	F28	133
1979	6	2	0	F28	101
1979	6	2	75	F28	87
1979	7	2	0	F28	93
1979	7	2	75	F28	77
1979	8	2	0	F28	115
1979	8	2	75	F28	95
1979	9	2	0	F28	104
1979	9	2	75	F28	90
1979	10	2	0	F28	108
1979	10	2	75	F28	97
1979	11	2	0	F28	108
1979	11	2	75	F28	91
1979	12	2	0	F28	140
1979	12	2	75	F28	123
1980	1	1	0	F27	7
1980	1	1	75	F27	4
1980	2	1	0	F27	4
1980	2	1	75	F27	4
1980	3	1	0	F27	10
1980	3	1	75	F27	6
1980	4	1	0	F27	3
1980	4	1	75	F27	2
1980	5	1	0	F27	1
1980	5	1	75	F27	0
1980	6	1	0	F27	1
1980	6	1	75	F27	0
1980	7	1	0	F27	2
1980	7	1	75	F27	2
1980	8	1	0	F27	1
1980	8	1	75	F27	1
1980	9	1	0	F27	1
1980	9	1	75	F27	1
1980	10	1	0	F27	3
1980	10	1	75	F27	2
1980	11	1	0	F27	0
1980	11	1	75	F27	0
1980	12	1	0	F27	2
1980	12	1	75	F27	2
1980	1	2	0	F27	4
1980	1	2	75	F27	4
1980	2	2	0	F27	8
1980	2	2	75	F27	6
1980	3	2	0	F27	9
1980	3	2	75	F27	6
1980	4	2	0	F27	2
1980	4	2	75	F27	2
1980	5	2	0	F27	2
1980	5	2	75	F27	2
1980	6	2	0	F27	2
1980	6	2	75	F27	2
1980	7	2	0	F27	4
1980	7	2	75	F27	3
1980	8	2	0	F27	1
1980	8	2	75	F27	1
1980	9	2	0	F27	1
1980	9	2	75	F27	1
1980	10	2	0	F27	6
1980	10	2	75	F27	5
1980	11	2	0	F27	2
1980	11	2	75	F27	2
1980	12	2	0	F27	4
1980	12	2	75	F27	4
1980	1	1	0	F28	159
1980	1	1	75	F28	121
1980	2	1	0	F28	123
1980	2	1	75	F28	97
1980	3	1	0	F28	133
1980	3	1	75	F28	85
1980	4	1	0	F28	121
1980	4	1	75	F28	94
1980	5	1	0	F28	108
1980	5	1	75	F28	85
1980	6	1	0	F28	92
1980	6	1	75	F28	67
1980	7	1	0	F28	110
1980	7	1	75	F28	80
1980	8	1	0	F28	101
1980	8	1	75	F28	75
1980	9	1	0	F28	109
1980	9	1	75	F28	76
1980	10	1	0	F28	113
1980	10	1	75	F28	79
1980	11	1	0	F28	107
1980	11	1	75	F28	79
1980	12	1	0	F28	150
1980	12	1	75	F28	112
1980	1	2	0	F28	155
1980	1	2	75	F28	127
1980	2	2	0	F28	122
1980	2	2	75	F28	112
1980	3	2	0	F28	138
1980	3	2	75	F28	112
1980	4	2	0	F28	146
1980	4	2	75	F28	121
1980	5	2	0	F28	105
1980	5	2	75	F28	90
1980	6	2	0	F28	96
1980	6	2	75	F28	78
1980	7	2	0	F28	113
1980	7	2	75	F28	93
1980	8	2	0	F28	108
1980	8	2	75	F28	91
1980	9	2	0	F28	110
1980	9	2	75	F28	93
1980	10	2	0	F28	113
1980	10	2	75	F28	93
1980	11	2	0	F28	95
1980	11	2	75	F28	84
1980	12	2	0	F28	132
1980	12	2	75	F28	103
1981	1	1	0	F27	22
1981	1	1	75	F27	18
1981	2	1	0	F27	53
1981	2	1	75	F27	46
1981	3	1	0	F27	26
1981	3	1	75	F27	21
1981	4	1	0	F27	6
1981	4	1	75	F27	5
1981	5	1	0	F27	7
1981	5	1	75	F27	5
1981	6	1	0	F27	0
1981	6	1	75	F27	0
1981	7	1	0	F27	2
1981	7	1	75	F27	1
1981	8	1	0	F27	2
1981	8	1	75	F27	2
1981	9	1	0	F27	3
1981	9	1	75	F27	3
1981	10	1	0	F27	4
1981	10	1	75	F27	4
1981	11	1	0	F27	4
1981	11	1	75	F27	3
1981	12	1	0	F27	3
1981	12	1	75	F27	1
1981	1	2	0	F27	31
1981	1	2	75	F27	25
1981	2	2	0	F27	64
1981	2	2	75	F27	54
1981	3	2	0	F27	37
1981	3	2	75	F27	33
1981	4	2	0	F27	13
1981	4	2	75	F27	11
1981	5	2	0	F27	5
1981	5	2	75	F27	4
1981	6	2	0	F27	8
1981	6	2	75	F27	7
1981	7	2	0	F27	3
1981	7	2	75	F27	3
1981	8	2	0	F27	1
1981	8	2	75	F27	1
1981	9	2	0	F27	2
1981	9	2	75	F27	1
1981	10	2	0	F27	3
1981	10	2	75	F27	3
1981	11	2	0	F27	3
1981	11	2	75	F27	3
1981	12	2	0	F27	10
1981	12	2	75	F27	9
1981	1	1	0	F28	230
1981	1	1	75	F28	183
1981	2	1	0	F28	229
1981	2	1	75	F28	170
1981	3	1	0	F28	216
1981	3	1	75	F28	148
1981	4	1	0	F28	140
1981	4	1	75	F28	97
1981	5	1	0	F28	170
1981	5	1	75	F28	118
1981	6	1	0	F28	115
1981	6	1	75	F28	87
1981	7	1	0	F28	121
1981	7	1	75	F28	95
1981	8	1	0	F28	121
1981	8	1	75	F28	100
1981	9	1	0	F28	125
1981	9	1	75	F28	100
1981	10	1	0	F28	128
1981	10	1	75	F28	100
1981	11	1	0	F28	127
1981	11	1	75	F28	102
1981	12	1	0	F28	206
1981	12	1	75	F28	167
1981	1	2	0	F28	203
1981	1	2	75	F28	176
1981	2	2	0	F28	220
1981	2	2	75	F28	194
1981	3	2	0	F28	184
1981	3	2	75	F28	166
1981	4	2	0	F28	146
1981	4	2	75	F28	121
1981	5	2	0	F28	143
1981	5	2	75	F28	122
1981	6	2	0	F28	130
1981	6	2	75	F28	112
1981	7	2	0	F28	129
1981	7	2	75	F28	111
1981	8	2	0	F28	127
1981	8	2	75	F28	110
1981	9	2	0	F28	128
1981	9	2	75	F28	118
1981	10	2	0	F28	96
1981	10	2	75	F28	87
1981	11	2	0	F28	131
1981	11	2	75	F28	112
1981	12	2	0	F28	187
1981	12	2	75	F28	170
1982	1	1	0	F27	7
1982	1	1	75	F27	6
1982	2	1	0	F27	2
1982	2	1	75	F27	2
1982	3	1	0	F27	9
1982	3	1	75	F27	5
1982	4	1	0	F27	4
1982	4	1	75	F27	4
1982	5	1	0	F27	6
1982	5	1	75	F27	6
1982	6	1	0	F27	2
1982	6	1	75	F27	2
1982	7	1	0	F27	3
1982	7	1	75	F27	2
1982	8	1	0	F27	0
1982	8	1	75	F27	0
1982	9	1	0	F27	1
1982	9	1	75	F27	1
1982	10	1	0	F27	3
1982	10	1	75	F27	1
1982	11	1	0	F27	3
1982	11	1	75	F27	1
1982	12	1	0	F27	2
1982	12	1	75	F27	2
1982	1	2	0	F27	15
1982	1	2	75	F27	13
1982	2	2	0	F27	10
1982	2	2	75	F27	6
1982	3	2	0	F27	4
1982	3	2	75	F27	3
1982	4	2	0	F27	3
1982	4	2	75	F27	3
1982	5	2	0	F27	10
1982	5	2	75	F27	7
1982	6	2	0	F27	8
1982	6	2	75	F27	6
1982	7	2	0	F27	0
1982	7	2	75	F27	0
1982	8	2	0	F27	5
1982	8	2	75	F27	3
1982	9	2	0	F27	4
1982	9	2	75	F27	4
1982	10	2	0	F27	2
1982	10	2	75	F27	2
1982	11	2	0	F27	4
1982	11	2	75	F27	3
1982	12	2	0	F27	7
1982	12	2	75	F27	6
1982	1	1	0	F28	193
1982	1	1	75	F28	151
1982	2	1	0	F28	164
1982	2	1	75	F28	119
1982	3	1	0	F28	185
1982	3	1	75	F28	145
1982	4	1	0	F28	164
1982	4	1	75	F28	132
1982	5	1	0	F28	171
1982	5	1	75	F28	139
1982	6	1	0	F28	172
1982	6	1	75	F28	124
1982	7	1	0	F28	190
1982	7	1	75	F28	139
1982	8	1	0	F28	184
1982	8	1	75	F28	141
1982	9	1	0	F28	164
1982	9	1	75	F28	112
1982	10	1	0	F28	129
1982	10	1	75	F28	97
1982	11	1	0	F28	154
1982	11	1	75	F28	111
1982	12	1	0	F28	174
1982	12	1	75	F28	129
1982	1	2	0	F28	229
1982	1	2	75	F28	208
1982	2	2	0	F28	175
1982	2	2	75	F28	159
1982	3	2	0	F28	173
1982	3	2	75	F28	160
1982	4	2	0	F28	192
1982	4	2	75	F28	165
1982	5	2	0	F28	163
1982	5	2	75	F28	133
1982	6	2	0	F28	154
1982	6	2	75	F28	126
1982	7	2	0	F28	175
1982	7	2	75	F28	158
1982	8	2	0	F28	198
1982	8	2	75	F28	166
1982	9	2	0	F28	114
1982	9	2	75	F28	95
1982	10	2	0	F28	150
1982	10	2	75	F28	135
1982	11	2	0	F28	137
1982	11	2	75	F28	118
1982	12	2	0	F28	158
1982	12	2	75	F28	135
1983	1	1	0	F27	2
1983	1	1	75	F27	2
1983	2	1	0	F27	33
1983	2	1	75	F27	30
1983	3	1	0	F27	77
1983	3	1	75	F27	65
1983	4	1	0	F27	16
1983	4	1	75	F27	11
1983	5	1	0	F27	6
1983	5	1	75	F27	5
1983	6	1	0	F27	4
1983	6	1	75	F27	3
1983	7	1	0	F27	1
1983	7	1	75	F27	1
1983	8	1	0	F27	1
1983	8	1	75	F27	0
1983	9	1	0	F27	5
1983	9	1	75	F27	1
1983	10	1	0	F27	6
1983	10	1	75	F27	6
1983	11	1	0	F27	6
1983	11	1	75	F27	5
1983	12	1	0	F27	7
1983	12	1	75	F27	5
1983	1	2	0	F27	15
1983	1	2	75	F27	14
1983	2	2	0	F27	38
1983	2	2	75	F27	32
1983	3	2	0	F27	85
1983	3	2	75	F27	76
1983	4	2	0	F27	20
1983	4	2	75	F27	17
1983	5	2	0	F27	2
1983	5	2	75	F27	1
1983	6	2	0	F27	1
1983	6	2	75	F27	0
1983	7	2	0	F27	3
1983	7	2	75	F27	1
1983	8	2	0	F27	1
1983	8	2	75	F27	1
1983	9	2	0	F27	3
1983	9	2	75	F27	2
1983	10	2	0	F27	6
1983	10	2	75	F27	5
1983	11	2	0	F27	4
1983	11	2	75	F27	3
1983	12	2	0	F27	8
1983	12	2	75	F27	8
1983	1	1	0	F28	218
1983	1	1	75	F28	163
1983	2	1	0	F28	220
1983	2	1	75	F28	183
1983	3	1	0	F28	331
1983	3	1	75	F28	250
1983	4	1	0	F28	188
1983	4	1	75	F28	136
1983	5	1	0	F28	146
1983	5	1	75	F28	110
1983	6	1	0	F28	148
1983	6	1	75	F28	111
1983	7	1	0	F28	185
1983	7	1	75	F28	136
1983	8	1	0	F28	144
1983	8	1	75	F28	106
1983	9	1	0	F28	139
1983	9	1	75	F28	101
1983	10	1	0	F28	173
1983	10	1	75	F28	140
1983	11	1	0	F28	168
1983	11	1	75	F28	127
1983	12	1	0	F28	207
1983	12	1	75	F28	152
1983	1	2	0	F28	188
1983	1	2	75	F28	164
1983	2	2	0	F28	236
1983	2	2	75	F28	206
1983	3	2	0	F28	318
1983	3	2	75	F28	275
1983	4	2	0	F28	180
1983	4	2	75	F28	150
1983	5	2	0	F28	127
1983	5	2	75	F28	107
1983	6	2	0	F28	145
1983	6	2	75	F28	126
1983	7	2	0	F28	162
1983	7	2	75	F28	135
1983	8	2	0	F28	156
1983	8	2	75	F28	139
1983	9	2	0	F28	127
1983	9	2	75	F28	103
1983	10	2	0	F28	141
1983	10	2	75	F28	122
1983	11	2	0	F28	142
1983	11	2	75	F28	116
1983	12	2	0	F28	182
1983	12	2	75	F28	164
1984	1	1	0	F27	9
1984	1	1	75	F27	6
1984	2	1	0	F27	0
1984	2	1	75	F27	0
1984	3	1	0	F27	9
1984	3	1	75	F27	8
1984	4	1	0	F27	18
1984	4	1	75	F27	16
1984	5	1	0	F27	4
1984	5	1	75	F27	2
1984	6	1	0	F27	3
1984	6	1	75	F27	2
1984	7	1	0	F27	4
1984	7	1	75	F27	2
1984	8	1	0	F27	3
1984	8	1	75	F27	3
1984	9	1	0	F27	2
1984	9	1	75	F27	0
1984	10	1	0	F27	5
1984	10	1	75	F27	3
1984	11	1	0	F27	2
1984	11	1	75	F27	0
1984	12	1	0	F27	9
1984	12	1	75	F27	8
1984	1	2	0	F27	6
1984	1	2	75	F27	6
1984	2	2	0	F27	10
1984	2	2	75	F27	7
1984	3	2	0	F27	9
1984	3	2	75	F27	8
1984	4	2	0	F27	19
1984	4	2	75	F27	18
1984	5	2	0	F27	6
1984	5	2	75	F27	5
1984	6	2	0	F27	1
1984	6	2	75	F27	0
1984	7	2	0	F27	4
1984	7	2	75	F27	4
1984	8	2	0	F27	3
1984	8	2	75	F27	2
1984	9	2	0	F27	4
1984	9	2	75	F27	3
1984	10	2	0	F27	8
1984	10	2	75	F27	8
1984	11	2	0	F27	3
1984	11	2	75	F27	2
1984	12	2	0	F27	0
1984	12	2	75	F27	0
1984	1	1	0	F28	224
1984	1	1	75	F28	171
1984	2	1	0	F28	194
1984	2	1	75	F28	134
1984	3	1	0	F28	198
1984	3	1	75	F28	138
1984	4	1	0	F28	239
1984	4	1	75	F28	188
1984	5	1	0	F28	190
1984	5	1	75	F28	147
1984	6	1	0	F28	151
1984	6	1	75	F28	110
1984	7	1	0	F28	169
1984	7	1	75	F28	131
1984	8	1	0	F28	175
1984	8	1	75	F28	140
1984	9	1	0	F28	139
1984	9	1	75	F28	92
1984	10	1	0	F28	165
1984	10	1	75	F28	127
1984	11	1	0	F28	166
1984	11	1	75	F28	126
1984	12	1	0	F28	198
1984	12	1	75	F28	146
1984	1	2	0	F28	188
1984	1	2	75	F28	161
1984	2	2	0	F28	174
1984	2	2	75	F28	154
1984	3	2	0	F28	249
1984	3	2	75	F28	207
1984	4	2	0	F28	222
1984	4	2	75	F28	191
1984	5	2	0	F28	175
1984	5	2	75	F28	153
1984	6	2	0	F28	160
1984	6	2	75	F28	138
1984	7	2	0	F28	159
1984	7	2	75	F28	141
1984	8	2	0	F28	138
1984	8	2	75	F28	122
1984	9	2	0	F28	139
1984	9	2	75	F28	119
1984	10	2	0	F28	168
1984	10	2	75	F28	143
1984	11	2	0	F28	148
1984	11	2	75	F28	122
1984	12	2	0	F28	196
1984	12	2	75	F28	162
1985	1	1	0	F27	12
1985	1	1	75	F27	10
1985	2	1	0	F27	52
1985	2	1	75	F27	46
1985	3	1	0	F27	50
1985	3	1	75	F27	44
1985	4	1	0	F27	9
1985	4	1	75	F27	7
1985	5	1	0	F27	4
1985	5	1	75	F27	3
1985	6	1	0	F27	3
1985	6	1	75	F27	3
1985	7	1	0	F27	5
1985	7	1	75	F27	4
1985	8	1	0	F27	4
1985	8	1	75	F27	4
1985	9	1	0	F27	4
1985	9	1	75	F27	4
1985	10	1	0	F27	9
1985	10	1	75	F27	4
1985	11	1	0	F27	2
1985	11	1	75	F27	2
1985	12	1	0	F27	7
1985	12	1	75	F27	6
1985	1	2	0	F27	31
1985	1	2	75	F27	29
1985	2	2	0	F27	66
1985	2	2	75	F27	59
1985	3	2	0	F27	49
1985	3	2	75	F27	44
1985	4	2	0	F27	10
1985	4	2	75	F27	10
1985	5	2	0	F27	3
1985	5	2	75	F27	2
1985	6	2	0	F27	1
1985	6	2	75	F27	1
1985	7	2	0	F27	1
1985	7	2	75	F27	1
1985	8	2	0	F27	3
1985	8	2	75	F27	3
1985	9	2	0	F27	3
1985	9	2	75	F27	3
1985	10	2	0	F27	7
1985	10	2	75	F27	6
1985	11	2	0	F27	7
1985	11	2	75	F27	6
1985	12	2	0	F27	5
1985	12	2	75	F27	3
1985	1	1	0	F28	311
1985	1	1	75	F28	246
1985	2	1	0	F28	328
1985	2	1	75	F28	235
1985	3	1	0	F28	293
1985	3	1	75	F28	233
1985	4	1	0	F28	206
1985	4	1	75	F28	160
1985	5	1	0	F28	182
1985	5	1	75	F28	143
1985	6	1	0	F28	187
1985	6	1	75	F28	140
1985	7	1	0	F28	177
1985	7	1	75	F28	127
1985	8	1	0	F28	178
1985	8	1	75	F28	129
1985	9	1	0	F28	186
1985	9	1	75	F28	135
1985	10	1	0	F28	184
1985	10	1	75	F28	137
1985	11	1	0	F28	159
1985	11	1	75	F28	117
1985	12	1	0	F28	255
1985	12	1	75	F28	181
1985	1	2	0	F28	301
1985	1	2	75	F28	271
1985	2	2	0	F28	315
1985	2	2	75	F28	268
1985	3	2	0	F28	296
1985	3	2	75	F28	255
1985	4	2	0	F28	183
1985	4	2	75	F28	158
1985	5	2	0	F28	218
1985	5	2	75	F28	196
1985	6	2	0	F28	171
1985	6	2	75	F28	143
1985	7	2	0	F28	161
1985	7	2	75	F28	143
1985	8	2	0	F28	143
1985	8	2	75	F28	119
1985	9	2	0	F28	154
1985	9	2	75	F28	127
1985	10	2	0	F28	161
1985	10	2	75	F28	140
1985	11	2	0	F28	213
1985	11	2	75	F28	186
1985	12	2	0	F28	234
1985	12	2	75	F28	198
1986	1	1	0	F27	10
1986	1	1	75	F27	7
1986	2	1	0	F27	23
1986	2	1	75	F27	22
1986	3	1	0	F27	37
1986	3	1	75	F27	34
1986	4	1	0	F27	13
1986	4	1	75	F27	11
1986	5	1	0	F27	1
1986	5	1	75	F27	0
1986	6	1	0	F27	1
1986	6	1	75	F27	1
1986	7	1	0	F27	1
1986	7	1	75	F27	1
1986	8	1	0	F27	1
1986	8	1	75	F27	0
1986	9	1	0	F27	3
1986	9	1	75	F27	2
1986	10	1	0	F27	2
1986	10	1	75	F27	1
1986	11	1	0	F27	4
1986	11	1	75	F27	2
1986	12	1	0	F27	2
1986	12	1	75	F27	1
1986	1	2	0	F27	10
1986	1	2	75	F27	10
1986	2	2	0	F27	42
1986	2	2	75	F27	39
1986	3	2	0	F27	42
1986	3	2	75	F27	41
1986	4	2	0	F27	13
1986	4	2	75	F27	13
1986	5	2	0	F27	6
1986	5	2	75	F27	6
1986	6	2	0	F27	1
1986	6	2	75	F27	0
1986	7	2	0	F27	1
1986	7	2	75	F27	1
1986	8	2	0	F27	0
1986	8	2	75	F27	0
1986	9	2	0	F27	3
1986	9	2	75	F27	2
1986	10	2	0	F27	1
1986	10	2	75	F27	1
1986	11	2	0	F27	1
1986	11	2	75	F27	0
1986	12	2	0	F27	4
1986	12	2	75	F27	3
1986	1	1	0	F28	255
1986	1	1	75	F28	197
1986	2	1	0	F28	283
1986	2	1	75	F28	213
1986	3	1	0	F28	336
1986	3	1	75	F28	257
1986	4	1	0	F28	206
1986	4	1	75	F28	153
1986	5	1	0	F28	188
1986	5	1	75	F28	134
1986	6	1	0	F28	178
1986	6	1	75	F28	136
1986	7	1	0	F28	189
1986	7	1	75	F28	145
1986	8	1	0	F28	167
1986	8	1	75	F28	114
1986	9	1	0	F28	184
1986	9	1	75	F28	128
1986	10	1	0	F28	160
1986	10	1	75	F28	128
1986	11	1	0	F28	139
1986	11	1	75	F28	96
1986	12	1	0	F28	211
1986	12	1	75	F28	160
1986	1	2	0	F28	282
1986	1	2	75	F28	250
1986	2	2	0	F28	286
1986	2	2	75	F28	256
1986	3	2	0	F28	302
1986	3	2	75	F28	274
1986	4	2	0	F28	248
1986	4	2	75	F28	211
1986	5	2	0	F28	170
1986	5	2	75	F28	149
1986	6	2	0	F28	193
1986	6	2	75	F28	164
1986	7	2	0	F28	156
1986	7	2	75	F28	136
1986	8	2	0	F28	138
1986	8	2	75	F28	124
1986	9	2	0	F28	144
1986	9	2	75	F28	126
1986	10	2	0	F28	148
1986	10	2	75	F28	128
1986	11	2	0	F28	141
1986	11	2	75	F28	118
1986	12	2	0	F28	208
1986	12	2	75	F28	168
1997	1	1	0	I20I25	1199
1997	1	1	0	J09J18	269
1997	1	2	0	I20I25	1055
1997	1	2	0	J09J18	364
1998	1	1	0	I20I25	1017
1998	1	1	0	J09J18	120
1998	1	2	0	I20I25	866
1998	1	2	0	J09J18	136
1999	1	1	0	I20I25	1026
1999	1	1	0	J09J18	172
1999	1	2	0	I20I25	909
1999	1	2	0	J09J18	178
2000	1	1	0	I20I25	1047
2000	1	1	0	J09J18	341
2000	1	2	0	I20I25	987
2000	1	2	0	J09J18	463
2001	1	1	0	I20I25	924
2001	1	1	0	J09J18	128
2001	1	2	0	I20I25	781
2001	1	2	0	J09J18	136
2002	1	1	0	I20I25	926
2002	1	1	0	J09J18	125
2002	1	2	0	I20I25	853
2002	1	2	0	J09J18	128
2003	1	1	0	I20I25	1028
2003	1	1	0	J09J18	161
2003	1	2	0	I20I25	920
2003	1	2	0	J09J18	178
2004	1	1	0	I20I25	978
2004	1	1	0	J09J18	167
2004	1	2	0	I20I25	793
2004	1	2	0	J09J18	232
2005	1	1	0	I20I25	850
2005	1	1	0	J09J18	110
2005	1	2	0	I20I25	721
2005	1	2	0	J09J18	144
2006	1	1	0	I20I25	899
2006	1	1	0	J09J18	112
2006	1	2	0	I20I25	812
2006	1	2	0	J09J18	137
2007	1	1	0	I20I25	910
2007	1	1	0	J09J18	111
2007	1	2	0	I20I25	715
2007	1	2	0	J09J18	119
2008	1	1	0	I20I25	852
2008	1	1	0	J09J18	105
2008	1	2	0	I20I25	683
2008	1	2	0	J09J18	103
2009	1	1	0	I20I25	918
2009	1	1	0	J09J18	184
2009	1	2	0	I20I25	779
2009	1	2	0	J09J18	204
2010	1	1	0	I20I25	822
2010	1	1	0	J09J18	76
2010	1	2	0	I20I25	648
2010	1	2	0	J09J18	61
2011	1	1	0	I20I25	784
2011	1	1	0	J09J18	127
2011	1	2	0	I20I25	669
2011	1	2	0	J09J18	115
2012	1	1	0	I20I25	745
2012	1	1	0	J09J18	111
2012	1	2	0	I20I25	555
2012	1	2	0	J09J18	91
2013	1	1	0	I20I25	753
2013	1	1	0	J09J18	147
2013	1	2	0	I20I25	539
2013	1	2	0	J09J18	130
2014	1	1	0	I20I25	674
2014	1	1	0	J09J18	100
2014	1	2	0	I20I25	543
2014	1	2	0	J09J18	87
2015	1	1	0	I20I25	633
2015	1	1	0	J09J18	115
2015	1	2	0	I20I25	565
2015	1	2	0	J09J18	150
2016	1	1	0	I20I25	628
2016	1	1	0	J09J18	101
2016	1	2	0	I20I25	498
2016	1	2	0	J09J18	124
2017	1	1	0	I20I25	654
2017	1	1	0	J09J18	214
2017	1	2	0	I20I25	482
2017	1	2	0	J09J18	224
2018	1	1	0	I20I25	625
2018	1	1	0	J09J18	137
2018	1	2	0	I20I25	453
2018	1	2	0	J09J18	153
2019	1	1	0	I20I25	513
2019	1	1	0	J09J18	135
2019	1	2	0	I20I25	369
2019	1	2	0	J09J18	123
2020	1	1	0	I20I25	515
2020	1	1	0	J09J18	107
2020	1	2	0	I20I25	367
2020	1	2	0	J09J18	113
2021	1	1	0	I20I25	542
2021	1	1	0	J09J18	61
2021	1	2	0	I20I25	365
2021	1	2	0	J09J18	37
2022	1	1	0	I20I25	515
2022	1	1	0	J09J18	117
2022	1	2	0	I20I25	356
2022	1	2	0	J09J18	98
2023	1	1	0	I20I25	539
2023	1	1	0	J09J18	165
2023	1	2	0	I20I25	324
2023	1	2	0	J09J18	136
2024	1	1	0	I20I25	538
2024	1	1	0	J09J18	141
2024	1	2	0	I20I25	352
2024	1	2	0	J09J18	154
1997	10	1	0	I20I25	982
1997	10	1	0	J09J18	111
1997	10	2	0	I20I25	749
1997	10	2	0	J09J18	142
1998	10	1	0	I20I25	928
1998	10	1	0	J09J18	93
1998	10	2	0	I20I25	781
1998	10	2	0	J09J18	92
1999	10	1	0	I20I25	983
1999	10	1	0	J09J18	114
1999	10	2	0	I20I25	746
1999	10	2	0	J09J18	99
2000	10	1	0	I20I25	892
2000	10	1	0	J09J18	91
2000	10	2	0	I20I25	730
2000	10	2	0	J09J18	114
2001	10	1	0	I20I25	826
2001	10	1	0	J09J18	105
2001	10	2	0	I20I25	741
2001	10	2	0	J09J18	93
2002	10	1	0	I20I25	946
2002	10	1	0	J09J18	106
2002	10	2	0	I20I25	723
2002	10	2	0	J09J18	111
2003	10	1	0	I20I25	891
2003	10	1	0	J09J18	76
2003	10	2	0	I20I25	655
2003	10	2	0	J09J18	106
2004	10	1	0	I20I25	769
2004	10	1	0	J09J18	70
2004	10	2	0	I20I25	704
2004	10	2	0	J09J18	82
2005	10	1	0	I20I25	723
2005	10	1	0	J09J18	74
2005	10	2	0	I20I25	606
2005	10	2	0	J09J18	79
2006	10	1	0	I20I25	813
2006	10	1	0	J09J18	75
2006	10	2	0	I20I25	669
2006	10	2	0	J09J18	89
2007	10	1	0	I20I25	727
2007	10	1	0	J09J18	61
2007	10	2	0	I20I25	607
2007	10	2	0	J09J18	81
2008	10	1	0	I20I25	692
2008	10	1	0	J09J18	92
2008	10	2	0	I20I25	614
2008	10	2	0	J09J18	80
2009	10	1	0	I20I25	708
2009	10	1	0	J09J18	70
2009	10	2	0	I20I25	590
2009	10	2	0	J09J18	73
2010	10	1	0	I20I25	633
2010	10	1	0	J09J18	65
2010	10	2	0	I20I25	550
2010	10	2	0	J09J18	54
2011	10	1	0	I20I25	637
2011	10	1	0	J09J18	92
2011	10	2	0	I20I25	514
2011	10	2	0	J09J18	81
2012	10	1	0	I20I25	632
2012	10	1	0	J09J18	71
2012	10	2	0	I20I25	526
2012	10	2	0	J09J18	77
2013	10	1	0	I20I25	624
2013	10	1	0	J09J18	75
2013	10	2	0	I20I25	459
2013	10	2	0	J09J18	76
2014	10	1	0	I20I25	589
2014	10	1	0	J09J18	64
2014	10	2	0	I20I25	444
2014	10	2	0	J09J18	70
2015	10	1	0	I20I25	543
2015	10	1	0	J09J18	70
2015	10	2	0	I20I25	391
2015	10	2	0	J09J18	68
2016	10	1	0	I20I25	537
2016	10	1	0	J09J18	59
2016	10	2	0	I20I25	389
2016	10	2	0	J09J18	61
2017	10	1	0	I20I25	538
2017	10	1	0	J09J18	73
2017	10	2	0	I20I25	383
2017	10	2	0	J09J18	77
2018	10	1	0	I20I25	553
2018	10	1	0	J09J18	86
2018	10	2	0	I20I25	334
2018	10	2	0	J09J18	52
2019	10	1	0	I20I25	488
2019	10	1	0	J09J18	68
2019	10	2	0	I20I25	348
2019	10	2	0	J09J18	52
2020	10	1	0	I20I25	510
2020	10	1	0	J09J18	53
2020	10	2	0	I20I25	327
2020	10	2	0	J09J18	40
2021	10	1	0	I20I25	469
2021	10	1	0	J09J18	62
2021	10	2	0	I20I25	337
2021	10	2	0	J09J18	42
2022	10	1	0	I20I25	465
2022	10	1	0	J09J18	65
2022	10	2	0	I20I25	307
2022	10	2	0	J09J18	49
2023	10	1	0	I20I25	485
2023	10	1	0	J09J18	89
2023	10	2	0	I20I25	301
2023	10	2	0	J09J18	64
1997	11	1	0	I20I25	938
1997	11	1	0	J09J18	108
1997	11	2	0	I20I25	772
1997	11	2	0	J09J18	126
1998	11	1	0	I20I25	985
1998	11	1	0	J09J18	78
1998	11	2	0	I20I25	777
1998	11	2	0	J09J18	121
1999	11	1	0	I20I25	992
1999	11	1	0	J09J18	96
1999	11	2	0	I20I25	746
1999	11	2	0	J09J18	116
2000	11	1	0	I20I25	846
2000	11	1	0	J09J18	94
2000	11	2	0	I20I25	668
2000	11	2	0	J09J18	84
2001	11	1	0	I20I25	893
2001	11	1	0	J09J18	93
2001	11	2	0	I20I25	750
2001	11	2	0	J09J18	101
2002	11	1	0	I20I25	826
2002	11	1	0	J09J18	114
2002	11	2	0	I20I25	733
2002	11	2	0	J09J18	107
2003	11	1	0	I20I25	797
2003	11	1	0	J09J18	88
2003	11	2	0	I20I25	685
2003	11	2	0	J09J18	94
2004	11	1	0	I20I25	788
2004	11	1	0	J09J18	78
2004	11	2	0	I20I25	653
2004	11	2	0	J09J18	96
2005	11	1	0	I20I25	744
2005	11	1	0	J09J18	72
2005	11	2	0	I20I25	666
2005	11	2	0	J09J18	85
2006	11	1	0	I20I25	800
2006	11	1	0	J09J18	89
2006	11	2	0	I20I25	650
2006	11	2	0	J09J18	74
2007	11	1	0	I20I25	719
2007	11	1	0	J09J18	77
2007	11	2	0	I20I25	622
2007	11	2	0	J09J18	111
2008	11	1	0	I20I25	728
2008	11	1	0	J09J18	71
2008	11	2	0	I20I25	579
2008	11	2	0	J09J18	79
2009	11	1	0	I20I25	649
2009	11	1	0	J09J18	71
2009	11	2	0	I20I25	546
2009	11	2	0	J09J18	77
2010	11	1	0	I20I25	648
2010	11	1	0	J09J18	62
2010	11	2	0	I20I25	537
2010	11	2	0	J09J18	52
2011	11	1	0	I20I25	638
2011	11	1	0	J09J18	72
2011	11	2	0	I20I25	532
2011	11	2	0	J09J18	89
2012	11	1	0	I20I25	570
2012	11	1	0	J09J18	86
2012	11	2	0	I20I25	465
2012	11	2	0	J09J18	85
2013	11	1	0	I20I25	545
2013	11	1	0	J09J18	75
2013	11	2	0	I20I25	466
2013	11	2	0	J09J18	64
2014	11	1	0	I20I25	549
2014	11	1	0	J09J18	72
2014	11	2	0	I20I25	380
2014	11	2	0	J09J18	69
2015	11	1	0	I20I25	576
2015	11	1	0	J09J18	80
2015	11	2	0	I20I25	391
2015	11	2	0	J09J18	58
2016	11	1	0	I20I25	530
2016	11	1	0	J09J18	79
2016	11	2	0	I20I25	424
2016	11	2	0	J09J18	89
2017	11	1	0	I20I25	578
2017	11	1	0	J09J18	55
2017	11	2	0	I20I25	371
2017	11	2	0	J09J18	75
2018	11	1	0	I20I25	434
2018	11	1	0	J09J18	76
2018	11	2	0	I20I25	321
2018	11	2	0	J09J18	55
2019	11	1	0	I20I25	449
2019	11	1	0	J09J18	61
2019	11	2	0	I20I25	360
2019	11	2	0	J09J18	66
2020	11	1	0	I20I25	510
2020	11	1	0	J09J18	50
2020	11	2	0	I20I25	356
2020	11	2	0	J09J18	43
2021	11	1	0	I20I25	496
2021	11	1	0	J09J18	73
2021	11	2	0	I20I25	305
2021	11	2	0	J09J18	61
2022	11	1	0	I20I25	439
2022	11	1	0	J09J18	78
2022	11	2	0	I20I25	267
2022	11	2	0	J09J18	58
2023	11	1	0	I20I25	503
2023	11	1	0	J09J18	85
2023	11	2	0	I20I25	323
2023	11	2	0	J09J18	68
1997	12	1	0	I20I25	1098
1997	12	1	0	J09J18	147
1997	12	2	0	I20I25	901
1997	12	2	0	J09J18	172
1998	12	1	0	I20I25	1137
1998	12	1	0	J09J18	140
1998	12	2	0	I20I25	933
1998	12	2	0	J09J18	172
1999	12	1	0	I20I25	1141
1999	12	1	0	J09J18	174
1999	12	2	0	I20I25	861
1999	12	2	0	J09J18	177
2000	12	1	0	I20I25	946
2000	12	1	0	J09J18	116
2000	12	2	0	I20I25	822
2000	12	2	0	J09J18	115
2001	12	1	0	I20I25	969
2001	12	1	0	J09J18	127
2001	12	2	0	I20I25	834
2001	12	2	0	J09J18	118
2002	12	1	0	I20I25	992
2002	12	1	0	J09J18	131
2002	12	2	0	I20I25	879
2002	12	2	0	J09J18	140
2003	12	1	0	I20I25	959
2003	12	1	0	J09J18	148
2003	12	2	0	I20I25	837
2003	12	2	0	J09J18	176
2004	12	1	0	I20I25	870
2004	12	1	0	J09J18	98
2004	12	2	0	I20I25	772
2004	12	2	0	J09J18	116
2005	12	1	0	I20I25	825
2005	12	1	0	J09J18	73
2005	12	2	0	I20I25	721
2005	12	2	0	J09J18	118
2006	12	1	0	I20I25	843
2006	12	1	0	J09J18	109
2006	12	2	0	I20I25	770
2006	12	2	0	J09J18	83
2007	12	1	0	I20I25	850
2007	12	1	0	J09J18	84
2007	12	2	0	I20I25	681
2007	12	2	0	J09J18	94
2008	12	1	0	I20I25	817
2008	12	1	0	J09J18	116
2008	12	2	0	I20I25	706
2008	12	2	0	J09J18	126
2009	12	1	0	I20I25	744
2009	12	1	0	J09J18	78
2009	12	2	0	I20I25	635
2009	12	2	0	J09J18	95
2010	12	1	0	I20I25	755
2010	12	1	0	J09J18	82
2010	12	2	0	I20I25	688
2010	12	2	0	J09J18	57
2011	12	1	0	I20I25	727
2011	12	1	0	J09J18	92
2011	12	2	0	I20I25	585
2011	12	2	0	J09J18	76
2012	12	1	0	I20I25	718
2012	12	1	0	J09J18	83
2012	12	2	0	I20I25	575
2012	12	2	0	J09J18	88
2013	12	1	0	I20I25	639
2013	12	1	0	J09J18	86
2013	12	2	0	I20I25	529
2013	12	2	0	J09J18	77
2014	12	1	0	I20I25	653
2014	12	1	0	J09J18	93
2014	12	2	0	I20I25	536
2014	12	2	0	J09J18	86
2015	12	1	0	I20I25	583
2015	12	1	0	J09J18	105
2015	12	2	0	I20I25	452
2015	12	2	0	J09J18	64
2016	12	1	0	I20I25	595
2016	12	1	0	J09J18	109
2016	12	2	0	I20I25	467
2016	12	2	0	J09J18	128
2017	12	1	0	I20I25	578
2017	12	1	0	J09J18	86
2017	12	2	0	I20I25	445
2017	12	2	0	J09J18	94
2018	12	1	0	I20I25	543
2018	12	1	0	J09J18	99
2018	12	2	0	I20I25	410
2018	12	2	0	J09J18	74
2019	12	1	0	I20I25	507
2019	12	1	0	J09J18	86
2019	12	2	0	I20I25	409
2019	12	2	0	J09J18	66
2020	12	1	0	I20I25	520
2020	12	1	0	J09J18	63
2020	12	2	0	I20I25	382
2020	12	2	0	J09J18	39
2021	12	1	0	I20I25	506
2021	12	1	0	J09J18	97
2021	12	2	0	I20I25	365
2021	12	2	0	J09J18	109
2022	12	1	0	I20I25	587
2022	12	1	0	J09J18	126
2022	12	2	0	I20I25	364
2022	12	2	0	J09J18	135
2023	12	1	0	I20I25	559
2023	12	1	0	J09J18	121
2023	12	2	0	I20I25	362
2023	12	2	0	J09J18	95
1997	2	1	0	I20I25	1056
1997	2	1	0	J09J18	224
1997	2	2	0	I20I25	886
1997	2	2	0	J09J18	270
1998	2	1	0	I20I25	1021
1998	2	1	0	J09J18	189
1998	2	2	0	I20I25	837
1998	2	2	0	J09J18	208
1999	2	1	0	I20I25	1045
1999	2	1	0	J09J18	216
1999	2	2	0	I20I25	835
1999	2	2	0	J09J18	264
2000	2	1	0	I20I25	970
2000	2	1	0	J09J18	200
2000	2	2	0	I20I25	791
2000	2	2	0	J09J18	255
2001	2	1	0	I20I25	861
2001	2	1	0	J09J18	104
2001	2	2	0	I20I25	698
2001	2	2	0	J09J18	102
2002	2	1	0	I20I25	899
2002	2	1	0	J09J18	116
2002	2	2	0	I20I25	692
2002	2	2	0	J09J18	111
2003	2	1	0	I20I25	860
2003	2	1	0	J09J18	120
2003	2	2	0	I20I25	711
2003	2	2	0	J09J18	136
2004	2	1	0	I20I25	802
2004	2	1	0	J09J18	96
2004	2	2	0	I20I25	710
2004	2	2	0	J09J18	111
2005	2	1	0	I20I25	860
2005	2	1	0	J09J18	111
2005	2	2	0	I20I25	708
2005	2	2	0	J09J18	143
2006	2	1	0	I20I25	812
2006	2	1	0	J09J18	100
2006	2	2	0	I20I25	626
2006	2	2	0	J09J18	111
2007	2	1	0	I20I25	760
2007	2	1	0	J09J18	101
2007	2	2	0	I20I25	703
2007	2	2	0	J09J18	101
2008	2	1	0	I20I25	746
2008	2	1	0	J09J18	101
2008	2	2	0	I20I25	660
2008	2	2	0	J09J18	130
2009	2	1	0	I20I25	756
2009	2	1	0	J09J18	129
2009	2	2	0	I20I25	665
2009	2	2	0	J09J18	137
2010	2	1	0	I20I25	669
2010	2	1	0	J09J18	56
2010	2	2	0	I20I25	568
2010	2	2	0	J09J18	73
2011	2	1	0	I20I25	676
2011	2	1	0	J09J18	84
2011	2	2	0	I20I25	543
2011	2	2	0	J09J18	98
2012	2	1	0	I20I25	717
2012	2	1	0	J09J18	113
2012	2	2	0	I20I25	619
2012	2	2	0	J09J18	139
2013	2	1	0	I20I25	664
2013	2	1	0	J09J18	148
2013	2	2	0	I20I25	513
2013	2	2	0	J09J18	150
2014	2	1	0	I20I25	613
2014	2	1	0	J09J18	80
2014	2	2	0	I20I25	517
2014	2	2	0	J09J18	74
2015	2	1	0	I20I25	619
2015	2	1	0	J09J18	149
2015	2	2	0	I20I25	485
2015	2	2	0	J09J18	167
2016	2	1	0	I20I25	554
2016	2	1	0	J09J18	168
2016	2	2	0	I20I25	458
2016	2	2	0	J09J18	131
2017	2	1	0	I20I25	557
2017	2	1	0	J09J18	143
2017	2	2	0	I20I25	434
2017	2	2	0	J09J18	160
2018	2	1	0	I20I25	578
2018	2	1	0	J09J18	208
2018	2	2	0	I20I25	417
2018	2	2	0	J09J18	242
2019	2	1	0	I20I25	504
2019	2	1	0	J09J18	143
2019	2	2	0	I20I25	360
2019	2	2	0	J09J18	118
2020	2	1	0	I20I25	469
2020	2	1	0	J09J18	105
2020	2	2	0	I20I25	339
2020	2	2	0	J09J18	88
2021	2	1	0	I20I25	507
2021	2	1	0	J09J18	56
2021	2	2	0	I20I25	301
2021	2	2	0	J09J18	38
2022	2	1	0	I20I25	514
2022	2	1	0	J09J18	61
2022	2	2	0	I20I25	310
2022	2	2	0	J09J18	42
2023	2	1	0	I20I25	439
2023	2	1	0	J09J18	88
2023	2	2	0	I20I25	278
2023	2	2	0	J09J18	63
2024	2	1	0	I20I25	390
2024	2	1	0	J09J18	104
2024	2	2	0	I20I25	274
2024	2	2	0	J09J18	89
1997	3	1	0	I20I25	1055
1997	3	1	0	J09J18	153
1997	3	2	0	I20I25	868
1997	3	2	0	J09J18	232
1998	3	1	0	I20I25	1104
1998	3	1	0	J09J18	228
1998	3	2	0	I20I25	899
1998	3	2	0	J09J18	303
1999	3	1	0	I20I25	1067
1999	3	1	0	J09J18	292
1999	3	2	0	I20I25	922
1999	3	2	0	J09J18	363
2000	3	1	0	I20I25	975
2000	3	1	0	J09J18	136
2000	3	2	0	I20I25	802
2000	3	2	0	J09J18	152
2001	3	1	0	I20I25	949
2001	3	1	0	J09J18	138
2001	3	2	0	I20I25	838
2001	3	2	0	J09J18	162
2002	3	1	0	I20I25	1039
2002	3	1	0	J09J18	189
2002	3	2	0	I20I25	891
2002	3	2	0	J09J18	221
2003	3	1	0	I20I25	967
2003	3	1	0	J09J18	123
2003	3	2	0	I20I25	773
2003	3	2	0	J09J18	131
2004	3	1	0	I20I25	818
2004	3	1	0	J09J18	92
2004	3	2	0	I20I25	720
2004	3	2	0	J09J18	115
2005	3	1	0	I20I25	1008
2005	3	1	0	J09J18	197
2005	3	2	0	I20I25	842
2005	3	2	0	J09J18	266
2006	3	1	0	I20I25	874
2006	3	1	0	J09J18	80
2006	3	2	0	I20I25	763
2006	3	2	0	J09J18	137
2007	3	1	0	I20I25	767
2007	3	1	0	J09J18	137
2007	3	2	0	I20I25	793
2007	3	2	0	J09J18	180
2008	3	1	0	I20I25	831
2008	3	1	0	J09J18	127
2008	3	2	0	I20I25	740
2008	3	2	0	J09J18	131
2009	3	1	0	I20I25	745
2009	3	1	0	J09J18	99
2009	3	2	0	I20I25	678
2009	3	2	0	J09J18	111
2010	3	1	0	I20I25	775
2010	3	1	0	J09J18	58
2010	3	2	0	I20I25	614
2010	3	2	0	J09J18	76
2011	3	1	0	I20I25	706
2011	3	1	0	J09J18	107
2011	3	2	0	I20I25	603
2011	3	2	0	J09J18	121
2012	3	1	0	I20I25	680
2012	3	1	0	J09J18	172
2012	3	2	0	I20I25	640
2012	3	2	0	J09J18	207
2013	3	1	0	I20I25	711
2013	3	1	0	J09J18	143
2013	3	2	0	I20I25	605
2013	3	2	0	J09J18	168
2014	3	1	0	I20I25	592
2014	3	1	0	J09J18	109
2014	3	2	0	I20I25	484
2014	3	2	0	J09J18	96
2015	3	1	0	I20I25	657
2015	3	1	0	J09J18	160
2015	3	2	0	I20I25	523
2015	3	2	0	J09J18	212
2016	3	1	0	I20I25	590
2016	3	1	0	J09J18	115
2016	3	2	0	I20I25	446
2016	3	2	0	J09J18	107
2017	3	1	0	I20I25	571
2017	3	1	0	J09J18	132
2017	3	2	0	I20I25	393
2017	3	2	0	J09J18	154
2018	3	1	0	I20I25	595
2018	3	1	0	J09J18	240
2018	3	2	0	I20I25	483
2018	3	2	0	J09J18	279
2019	3	1	0	I20I25	517
2019	3	1	0	J09J18	125
2019	3	2	0	I20I25	343
2019	3	2	0	J09J18	131
2020	3	1	0	I20I25	476
2020	3	1	0	J09J18	123
2020	3	2	0	I20I25	348
2020	3	2	0	J09J18	115
2021	3	1	0	I20I25	464
2021	3	1	0	J09J18	49
2021	3	2	0	I20I25	343
2021	3	2	0	J09J18	39
2022	3	1	0	I20I25	474
2022	3	1	0	J09J18	63
2022	3	2	0	I20I25	328
2022	3	2	0	J09J18	52
2023	3	1	0	I20I25	441
2023	3	1	0	J09J18	92
2023	3	2	0	I20I25	296
2023	3	2	0	J09J18	78
2024	3	1	0	I20I25	426
2024	3	1	0	J09J18	102
2024	3	2	0	I20I25	301
2024	3	2	0	J09J18	67
1997	4	1	0	I20I25	1006
1997	4	1	0	J09J18	127
1997	4	2	0	I20I25	770
1997	4	2	0	J09J18	153
1998	4	1	0	I20I25	1057
1998	4	1	0	J09J18	150
1998	4	2	0	I20I25	870
1998	4	2	0	J09J18	210
1999	4	1	0	I20I25	920
1999	4	1	0	J09J18	116
1999	4	2	0	I20I25	825
1999	4	2	0	J09J18	165
2000	4	1	0	I20I25	908
2000	4	1	0	J09J18	107
2000	4	2	0	I20I25	752
2000	4	2	0	J09J18	130
2001	4	1	0	I20I25	944
2001	4	1	0	J09J18	140
2001	4	2	0	I20I25	824
2001	4	2	0	J09J18	162
2002	4	1	0	I20I25	969
2002	4	1	0	J09J18	142
2002	4	2	0	I20I25	801
2002	4	2	0	J09J18	215
2003	4	1	0	I20I25	889
2003	4	1	0	J09J18	121
2003	4	2	0	I20I25	735
2003	4	2	0	J09J18	118
2004	4	1	0	I20I25	768
2004	4	1	0	J09J18	96
2004	4	2	0	I20I25	657
2004	4	2	0	J09J18	96
2005	4	1	0	I20I25	852
2005	4	1	0	J09J18	146
2005	4	2	0	I20I25	685
2005	4	2	0	J09J18	155
2006	4	1	0	I20I25	782
2006	4	1	0	J09J18	88
2006	4	2	0	I20I25	669
2006	4	2	0	J09J18	91
2007	4	1	0	I20I25	741
2007	4	1	0	J09J18	84
2007	4	2	0	I20I25	708
2007	4	2	0	J09J18	129
2008	4	1	0	I20I25	740
2008	4	1	0	J09J18	112
2008	4	2	0	I20I25	677
2008	4	2	0	J09J18	145
2009	4	1	0	I20I25	724
2009	4	1	0	J09J18	66
2009	4	2	0	I20I25	594
2009	4	2	0	J09J18	86
2010	4	1	0	I20I25	646
2010	4	1	0	J09J18	92
2010	4	2	0	I20I25	566
2010	4	2	0	J09J18	54
2011	4	1	0	I20I25	615
2011	4	1	0	J09J18	80
2011	4	2	0	I20I25	568
2011	4	2	0	J09J18	85
2012	4	1	0	I20I25	660
2012	4	1	0	J09J18	105
2012	4	2	0	I20I25	575
2012	4	2	0	J09J18	124
2013	4	1	0	I20I25	662
2013	4	1	0	J09J18	113
2013	4	2	0	I20I25	538
2013	4	2	0	J09J18	116
2014	4	1	0	I20I25	569
2014	4	1	0	J09J18	80
2014	4	2	0	I20I25	502
2014	4	2	0	J09J18	68
2015	4	1	0	I20I25	580
2015	4	1	0	J09J18	125
2015	4	2	0	I20I25	466
2015	4	2	0	J09J18	139
2016	4	1	0	I20I25	560
2016	4	1	0	J09J18	97
2016	4	2	0	I20I25	462
2016	4	2	0	J09J18	93
2017	4	1	0	I20I25	535
2017	4	1	0	J09J18	87
2017	4	2	0	I20I25	403
2017	4	2	0	J09J18	95
2018	4	1	0	I20I25	527
2018	4	1	0	J09J18	135
2018	4	2	0	I20I25	409
2018	4	2	0	J09J18	124
2019	4	1	0	I20I25	461
2019	4	1	0	J09J18	98
2019	4	2	0	I20I25	358
2019	4	2	0	J09J18	107
2020	4	1	0	I20I25	480
2020	4	1	0	J09J18	56
2020	4	2	0	I20I25	315
2020	4	2	0	J09J18	74
2021	4	1	0	I20I25	433
2021	4	1	0	J09J18	35
2021	4	2	0	I20I25	304
2021	4	2	0	J09J18	38
2022	4	1	0	I20I25	435
2022	4	1	0	J09J18	64
2022	4	2	0	I20I25	274
2022	4	2	0	J09J18	66
2023	4	1	0	I20I25	408
2023	4	1	0	J09J18	69
2023	4	2	0	I20I25	293
2023	4	2	0	J09J18	72
2024	4	1	0	I20I25	366
2024	4	1	0	J09J18	66
2024	4	2	0	I20I25	248
2024	4	2	0	J09J18	54
1997	5	1	0	I20I25	1052
1997	5	1	0	J09J18	109
1997	5	2	0	I20I25	806
1997	5	2	0	J09J18	149
1998	5	1	0	I20I25	930
1998	5	1	0	J09J18	97
1998	5	2	0	I20I25	772
1998	5	2	0	J09J18	85
1999	5	1	0	I20I25	952
1999	5	1	0	J09J18	105
1999	5	2	0	I20I25	758
1999	5	2	0	J09J18	102
2000	5	1	0	I20I25	907
2000	5	1	0	J09J18	104
2000	5	2	0	I20I25	729
2000	5	2	0	J09J18	116
2001	5	1	0	I20I25	948
2001	5	1	0	J09J18	101
2001	5	2	0	I20I25	777
2001	5	2	0	J09J18	130
2002	5	1	0	I20I25	862
2002	5	1	0	J09J18	91
2002	5	2	0	I20I25	716
2002	5	2	0	J09J18	117
2003	5	1	0	I20I25	814
2003	5	1	0	J09J18	95
2003	5	2	0	I20I25	701
2003	5	2	0	J09J18	106
2004	5	1	0	I20I25	784
2004	5	1	0	J09J18	82
2004	5	2	0	I20I25	720
2004	5	2	0	J09J18	107
2005	5	1	0	I20I25	863
2005	5	1	0	J09J18	94
2005	5	2	0	I20I25	629
2005	5	2	0	J09J18	94
2006	5	1	0	I20I25	753
2006	5	1	0	J09J18	65
2006	5	2	0	I20I25	675
2006	5	2	0	J09J18	72
2007	5	1	0	I20I25	719
2007	5	1	0	J09J18	61
2007	5	2	0	I20I25	622
2007	5	2	0	J09J18	70
2008	5	1	0	I20I25	695
2008	5	1	0	J09J18	77
2008	5	2	0	I20I25	673
2008	5	2	0	J09J18	106
2009	5	1	0	I20I25	677
2009	5	1	0	J09J18	73
2009	5	2	0	I20I25	552
2009	5	2	0	J09J18	76
2010	5	1	0	I20I25	676
2010	5	1	0	J09J18	69
2010	5	2	0	I20I25	564
2010	5	2	0	J09J18	53
2011	5	1	0	I20I25	597
2011	5	1	0	J09J18	75
2011	5	2	0	I20I25	566
2011	5	2	0	J09J18	68
2012	5	1	0	I20I25	660
2012	5	1	0	J09J18	80
2012	5	2	0	I20I25	547
2012	5	2	0	J09J18	83
2013	5	1	0	I20I25	581
2013	5	1	0	J09J18	87
2013	5	2	0	I20I25	466
2013	5	2	0	J09J18	68
2014	5	1	0	I20I25	575
2014	5	1	0	J09J18	74
2014	5	2	0	I20I25	493
2014	5	2	0	J09J18	70
2015	5	1	0	I20I25	545
2015	5	1	0	J09J18	98
2015	5	2	0	I20I25	433
2015	5	2	0	J09J18	79
2016	5	1	0	I20I25	510
2016	5	1	0	J09J18	67
2016	5	2	0	I20I25	365
2016	5	2	0	J09J18	61
2017	5	1	0	I20I25	561
2017	5	1	0	J09J18	61
2017	5	2	0	I20I25	377
2017	5	2	0	J09J18	80
2018	5	1	0	I20I25	496
2018	5	1	0	J09J18	57
2018	5	2	0	I20I25	367
2018	5	2	0	J09J18	77
2019	5	1	0	I20I25	451
2019	5	1	0	J09J18	76
2019	5	2	0	I20I25	368
2019	5	2	0	J09J18	76
2020	5	1	0	I20I25	454
2020	5	1	0	J09J18	40
2020	5	2	0	I20I25	340
2020	5	2	0	J09J18	49
2021	5	1	0	I20I25	459
2021	5	1	0	J09J18	48
2021	5	2	0	I20I25	292
2021	5	2	0	J09J18	33
2022	5	1	0	I20I25	437
2022	5	1	0	J09J18	73
2022	5	2	0	I20I25	289
2022	5	2	0	J09J18	66
2023	5	1	0	I20I25	438
2023	5	1	0	J09J18	77
2023	5	2	0	I20I25	264
2023	5	2	0	J09J18	59
2024	5	1	0	I20I25	410
2024	5	1	0	J09J18	60
2024	5	2	0	I20I25	239
2024	5	2	0	J09J18	65
1997	6	1	0	I20I25	957
1997	6	1	0	J09J18	99
1997	6	2	0	I20I25	746
1997	6	2	0	J09J18	146
1998	6	1	0	I20I25	969
1998	6	1	0	J09J18	81
1998	6	2	0	I20I25	717
1998	6	2	0	J09J18	101
1999	6	1	0	I20I25	840
1999	6	1	0	J09J18	88
1999	6	2	0	I20I25	757
1999	6	2	0	J09J18	93
2000	6	1	0	I20I25	820
2000	6	1	0	J09J18	93
2000	6	2	0	I20I25	664
2000	6	2	0	J09J18	107
2001	6	1	0	I20I25	826
2001	6	1	0	J09J18	94
2001	6	2	0	I20I25	728
2001	6	2	0	J09J18	103
2002	6	1	0	I20I25	750
2002	6	1	0	J09J18	89
2002	6	2	0	I20I25	636
2002	6	2	0	J09J18	91
2003	6	1	0	I20I25	783
2003	6	1	0	J09J18	83
2003	6	2	0	I20I25	668
2003	6	2	0	J09J18	77
2004	6	1	0	I20I25	728
2004	6	1	0	J09J18	53
2004	6	2	0	I20I25	620
2004	6	2	0	J09J18	74
2005	6	1	0	I20I25	745
2005	6	1	0	J09J18	67
2005	6	2	0	I20I25	657
2005	6	2	0	J09J18	83
2006	6	1	0	I20I25	723
2006	6	1	0	J09J18	70
2006	6	2	0	I20I25	684
2006	6	2	0	J09J18	95
2007	6	1	0	I20I25	714
2007	6	1	0	J09J18	62
2007	6	2	0	I20I25	571
2007	6	2	0	J09J18	79
2008	6	1	0	I20I25	680
2008	6	1	0	J09J18	85
2008	6	2	0	I20I25	618
2008	6	2	0	J09J18	64
2009	6	1	0	I20I25	608
2009	6	1	0	J09J18	58
2009	6	2	0	I20I25	555
2009	6	2	0	J09J18	83
2010	6	1	0	I20I25	606
2010	6	1	0	J09J18	51
2010	6	2	0	I20I25	492
2010	6	2	0	J09J18	51
2011	6	1	0	I20I25	536
2011	6	1	0	J09J18	75
2011	6	2	0	I20I25	456
2011	6	2	0	J09J18	72
2012	6	1	0	I20I25	603
2012	6	1	0	J09J18	83
2012	6	2	0	I20I25	447
2012	6	2	0	J09J18	64
2013	6	1	0	I20I25	533
2013	6	1	0	J09J18	78
2013	6	2	0	I20I25	456
2013	6	2	0	J09J18	65
2014	6	1	0	I20I25	554
2014	6	1	0	J09J18	58
2014	6	2	0	I20I25	400
2014	6	2	0	J09J18	61
2015	6	1	0	I20I25	521
2015	6	1	0	J09J18	80
2015	6	2	0	I20I25	406
2015	6	2	0	J09J18	54
2016	6	1	0	I20I25	498
2016	6	1	0	J09J18	63
2016	6	2	0	I20I25	376
2016	6	2	0	J09J18	52
2017	6	1	0	I20I25	476
2017	6	1	0	J09J18	66
2017	6	2	0	I20I25	319
2017	6	2	0	J09J18	55
2018	6	1	0	I20I25	428
2018	6	1	0	J09J18	60
2018	6	2	0	I20I25	349
2018	6	2	0	J09J18	54
2019	6	1	0	I20I25	428
2019	6	1	0	J09J18	60
2019	6	2	0	I20I25	317
2019	6	2	0	J09J18	53
2020	6	1	0	I20I25	446
2020	6	1	0	J09J18	38
2020	6	2	0	I20I25	285
2020	6	2	0	J09J18	28
2021	6	1	0	I20I25	415
2021	6	1	0	J09J18	36
2021	6	2	0	I20I25	281
2021	6	2	0	J09J18	26
2022	6	1	0	I20I25	442
2022	6	1	0	J09J18	65
2022	6	2	0	I20I25	264
2022	6	2	0	J09J18	56
2023	6	1	0	I20I25	400
2023	6	1	0	J09J18	67
2023	6	2	0	I20I25	285
2023	6	2	0	J09J18	60
2024	6	1	0	I20I25	347
2024	6	1	0	J09J18	68
2024	6	2	0	I20I25	255
2024	6	2	0	J09J18	65
1997	7	1	0	I20I25	907
1997	7	1	0	J09J18	117
1997	7	2	0	I20I25	767
1997	7	2	0	J09J18	123
1998	7	1	0	I20I25	951
1998	7	1	0	J09J18	109
1998	7	2	0	I20I25	761
1998	7	2	0	J09J18	109
1999	7	1	0	I20I25	909
1999	7	1	0	J09J18	84
1999	7	2	0	I20I25	673
1999	7	2	0	J09J18	115
2000	7	1	0	I20I25	885
2000	7	1	0	J09J18	94
2000	7	2	0	I20I25	717
2000	7	2	0	J09J18	101
2001	7	1	0	I20I25	824
2001	7	1	0	J09J18	96
2001	7	2	0	I20I25	731
2001	7	2	0	J09J18	127
2002	7	1	0	I20I25	831
2002	7	1	0	J09J18	102
2002	7	2	0	I20I25	725
2002	7	2	0	J09J18	79
2003	7	1	0	I20I25	791
2003	7	1	0	J09J18	100
2003	7	2	0	I20I25	674
2003	7	2	0	J09J18	104
2004	7	1	0	I20I25	745
2004	7	1	0	J09J18	80
2004	7	2	0	I20I25	622
2004	7	2	0	J09J18	76
2005	7	1	0	I20I25	754
2005	7	1	0	J09J18	71
2005	7	2	0	I20I25	611
2005	7	2	0	J09J18	85
2006	7	1	0	I20I25	686
2006	7	1	0	J09J18	62
2006	7	2	0	I20I25	696
2006	7	2	0	J09J18	86
2007	7	1	0	I20I25	691
2007	7	1	0	J09J18	70
2007	7	2	0	I20I25	643
2007	7	2	0	J09J18	74
2008	7	1	0	I20I25	660
2008	7	1	0	J09J18	68
2008	7	2	0	I20I25	523
2008	7	2	0	J09J18	79
2009	7	1	0	I20I25	628
2009	7	1	0	J09J18	68
2009	7	2	0	I20I25	537
2009	7	2	0	J09J18	77
2010	7	1	0	I20I25	636
2010	7	1	0	J09J18	43
2010	7	2	0	I20I25	514
2010	7	2	0	J09J18	74
2011	7	1	0	I20I25	596
2011	7	1	0	J09J18	78
2011	7	2	0	I20I25	554
2011	7	2	0	J09J18	75
2012	7	1	0	I20I25	597
2012	7	1	0	J09J18	65
2012	7	2	0	I20I25	502
2012	7	2	0	J09J18	64
2013	7	1	0	I20I25	515
2013	7	1	0	J09J18	66
2013	7	2	0	I20I25	474
2013	7	2	0	J09J18	60
2014	7	1	0	I20I25	531
2014	7	1	0	J09J18	64
2014	7	2	0	I20I25	476
2014	7	2	0	J09J18	66
2015	7	1	0	I20I25	513
2015	7	1	0	J09J18	63
2015	7	2	0	I20I25	423
2015	7	2	0	J09J18	53
2016	7	1	0	I20I25	535
2016	7	1	0	J09J18	67
2016	7	2	0	I20I25	415
2016	7	2	0	J09J18	59
2017	7	1	0	I20I25	475
2017	7	1	0	J09J18	60
2017	7	2	0	I20I25	347
2017	7	2	0	J09J18	55
2018	7	1	0	I20I25	481
2018	7	1	0	J09J18	65
2018	7	2	0	I20I25	344
2018	7	2	0	J09J18	60
2019	7	1	0	I20I25	447
2019	7	1	0	J09J18	64
2019	7	2	0	I20I25	349
2019	7	2	0	J09J18	59
2020	7	1	0	I20I25	422
2020	7	1	0	J09J18	47
2020	7	2	0	I20I25	284
2020	7	2	0	J09J18	31
2021	7	1	0	I20I25	437
2021	7	1	0	J09J18	48
2021	7	2	0	I20I25	321
2021	7	2	0	J09J18	33
2022	7	1	0	I20I25	397
2022	7	1	0	J09J18	57
2022	7	2	0	I20I25	306
2022	7	2	0	J09J18	61
2023	7	1	0	I20I25	402
2023	7	1	0	J09J18	47
2023	7	2	0	I20I25	265
2023	7	2	0	J09J18	54
2024	7	1	0	I20I25	368
2024	7	1	0	J09J18	68
2024	7	2	0	I20I25	237
2024	7	2	0	J09J18	56
1997	8	1	0	I20I25	873
1997	8	1	0	J09J18	134
1997	8	2	0	I20I25	716
1997	8	2	0	J09J18	149
1998	8	1	0	I20I25	915
1998	8	1	0	J09J18	88
1998	8	2	0	I20I25	765
1998	8	2	0	J09J18	90
1999	8	1	0	I20I25	868
1999	8	1	0	J09J18	104
1999	8	2	0	I20I25	745
1999	8	2	0	J09J18	109
2000	8	1	0	I20I25	809
2000	8	1	0	J09J18	79
2000	8	2	0	I20I25	733
2000	8	2	0	J09J18	106
2001	8	1	0	I20I25	806
2001	8	1	0	J09J18	74
2001	8	2	0	I20I25	721
2001	8	2	0	J09J18	90
2002	8	1	0	I20I25	770
2002	8	1	0	J09J18	96
2002	8	2	0	I20I25	725
2002	8	2	0	J09J18	124
2003	8	1	0	I20I25	765
2003	8	1	0	J09J18	73
2003	8	2	0	I20I25	679
2003	8	2	0	J09J18	85
2004	8	1	0	I20I25	799
2004	8	1	0	J09J18	68
2004	8	2	0	I20I25	657
2004	8	2	0	J09J18	69
2005	8	1	0	I20I25	698
2005	8	1	0	J09J18	77
2005	8	2	0	I20I25	615
2005	8	2	0	J09J18	87
2006	8	1	0	I20I25	685
2006	8	1	0	J09J18	73
2006	8	2	0	I20I25	612
2006	8	2	0	J09J18	73
2007	8	1	0	I20I25	606
2007	8	1	0	J09J18	80
2007	8	2	0	I20I25	558
2007	8	2	0	J09J18	86
2008	8	1	0	I20I25	680
2008	8	1	0	J09J18	71
2008	8	2	0	I20I25	585
2008	8	2	0	J09J18	59
2009	8	1	0	I20I25	588
2009	8	1	0	J09J18	75
2009	8	2	0	I20I25	486
2009	8	2	0	J09J18	53
2010	8	1	0	I20I25	638
2010	8	1	0	J09J18	65
2010	8	2	0	I20I25	527
2010	8	2	0	J09J18	54
2011	8	1	0	I20I25	571
2011	8	1	0	J09J18	69
2011	8	2	0	I20I25	520
2011	8	2	0	J09J18	72
2012	8	1	0	I20I25	596
2012	8	1	0	J09J18	56
2012	8	2	0	I20I25	473
2012	8	2	0	J09J18	66
2013	8	1	0	I20I25	544
2013	8	1	0	J09J18	67
2013	8	2	0	I20I25	428
2013	8	2	0	J09J18	51
2014	8	1	0	I20I25	539
2014	8	1	0	J09J18	64
2014	8	2	0	I20I25	441
2014	8	2	0	J09J18	48
2015	8	1	0	I20I25	508
2015	8	1	0	J09J18	69
2015	8	2	0	I20I25	377
2015	8	2	0	J09J18	68
2016	8	1	0	I20I25	521
2016	8	1	0	J09J18	68
2016	8	2	0	I20I25	377
2016	8	2	0	J09J18	52
2017	8	1	0	I20I25	474
2017	8	1	0	J09J18	54
2017	8	2	0	I20I25	363
2017	8	2	0	J09J18	46
2018	8	1	0	I20I25	414
2018	8	1	0	J09J18	66
2018	8	2	0	I20I25	323
2018	8	2	0	J09J18	45
2019	8	1	0	I20I25	442
2019	8	1	0	J09J18	61
2019	8	2	0	I20I25	310
2019	8	2	0	J09J18	54
2020	8	1	0	I20I25	410
2020	8	1	0	J09J18	55
2020	8	2	0	I20I25	347
2020	8	2	0	J09J18	28
2021	8	1	0	I20I25	455
2021	8	1	0	J09J18	52
2021	8	2	0	I20I25	297
2021	8	2	0	J09J18	48
2022	8	1	0	I20I25	427
2022	8	1	0	J09J18	61
2022	8	2	0	I20I25	332
2022	8	2	0	J09J18	65
2023	8	1	0	I20I25	375
2023	8	1	0	J09J18	58
2023	8	2	0	I20I25	261
2023	8	2	0	J09J18	55
2024	8	1	0	I20I25	328
2024	8	1	0	J09J18	67
2024	8	2	0	I20I25	239
2024	8	2	0	J09J18	53
1997	9	1	0	I20I25	957
1997	9	1	0	J09J18	122
1997	9	2	0	I20I25	732
1997	9	2	0	J09J18	111
1998	9	1	0	I20I25	859
1998	9	1	0	J09J18	90
1998	9	2	0	I20I25	723
1998	9	2	0	J09J18	89
1999	9	1	0	I20I25	834
1999	9	1	0	J09J18	93
1999	9	2	0	I20I25	690
1999	9	2	0	J09J18	97
2000	9	1	0	I20I25	830
2000	9	1	0	J09J18	93
2000	9	2	0	I20I25	730
2000	9	2	0	J09J18	108
2001	9	1	0	I20I25	853
2001	9	1	0	J09J18	87
2001	9	2	0	I20I25	720
2001	9	2	0	J09J18	102
2002	9	1	0	I20I25	771
2002	9	1	0	J09J18	83
2002	9	2	0	I20I25	670
2002	9	2	0	J09J18	91
2003	9	1	0	I20I25	806
2003	9	1	0	J09J18	95
2003	9	2	0	I20I25	648
2003	9	2	0	J09J18	97
2004	9	1	0	I20I25	741
2004	9	1	0	J09J18	79
2004	9	2	0	I20I25	634
2004	9	2	0	J09J18	75
2005	9	1	0	I20I25	695
2005	9	1	0	J09J18	72
2005	9	2	0	I20I25	547
2005	9	2	0	J09J18	80
2006	9	1	0	I20I25	698
2006	9	1	0	J09J18	76
2006	9	2	0	I20I25	620
2006	9	2	0	J09J18	87
2007	9	1	0	I20I25	760
2007	9	1	0	J09J18	68
2007	9	2	0	I20I25	565
2007	9	2	0	J09J18	79
2008	9	1	0	I20I25	688
2008	9	1	0	J09J18	70
2008	9	2	0	I20I25	573
2008	9	2	0	J09J18	94
2009	9	1	0	I20I25	630
2009	9	1	0	J09J18	61
2009	9	2	0	I20I25	504
2009	9	2	0	J09J18	60
2010	9	1	0	I20I25	690
2010	9	1	0	J09J18	62
2010	9	2	0	I20I25	533
2010	9	2	0	J09J18	48
2011	9	1	0	I20I25	573
2011	9	1	0	J09J18	75
2011	9	2	0	I20I25	527
2011	9	2	0	J09J18	66
2012	9	1	0	I20I25	552
2012	9	1	0	J09J18	60
2012	9	2	0	I20I25	463
2012	9	2	0	J09J18	65
2013	9	1	0	I20I25	525
2013	9	1	0	J09J18	78
2013	9	2	0	I20I25	461
2013	9	2	0	J09J18	52
2014	9	1	0	I20I25	534
2014	9	1	0	J09J18	92
2014	9	2	0	I20I25	420
2014	9	2	0	J09J18	72
2015	9	1	0	I20I25	535
2015	9	1	0	J09J18	70
2015	9	2	0	I20I25	404
2015	9	2	0	J09J18	56
2016	9	1	0	I20I25	487
2016	9	1	0	J09J18	62
2016	9	2	0	I20I25	372
2016	9	2	0	J09J18	50
2017	9	1	0	I20I25	486
2017	9	1	0	J09J18	65
2017	9	2	0	I20I25	334
2017	9	2	0	J09J18	59
2018	9	1	0	I20I25	473
2018	9	1	0	J09J18	70
2018	9	2	0	I20I25	361
2018	9	2	0	J09J18	57
2019	9	1	0	I20I25	460
2019	9	1	0	J09J18	61
2019	9	2	0	I20I25	280
2019	9	2	0	J09J18	52
2020	9	1	0	I20I25	418
2020	9	1	0	J09J18	44
2020	9	2	0	I20I25	317
2020	9	2	0	J09J18	40
2021	9	1	0	I20I25	426
2021	9	1	0	J09J18	69
2021	9	2	0	I20I25	282
2021	9	2	0	J09J18	30
2022	9	1	0	I20I25	422
2022	9	1	0	J09J18	63
2022	9	2	0	I20I25	287
2022	9	2	0	J09J18	39
2023	9	1	0	I20I25	404
2023	9	1	0	J09J18	68
2023	9	2	0	I20I25	269
2023	9	2	0	J09J18	56
2024	9	1	0	I20I25	338
2024	9	1	0	J09J18	67
2024	9	2	0	I20I25	231
2024	9	2	0	J09J18	51
