ctry,yr,li,age,sex,ca1,ca2,rat
4290,1969,8,1,1,8621,45024,0.19148
4290,1969,8,1,2,4868,38282,0.12716
4290,1970,8,1,1,8573,43415,0.19747
4290,1970,8,1,2,4787,36608,0.13076
4290,1971,8,1,1,9349,45561,0.20520
4290,1971,8,1,2,5082,37173,0.13671
4290,1972,8,1,1,8573,46008,0.18634
4290,1972,8,1,2,4787,38043,0.12583
4290,1973,8,1,1,9634,47124,0.20444
4290,1973,8,1,2,5333,38508,0.13849
4290,1974,8,1,1,9317,47526,0.19604
4290,1974,8,1,2,5435,38779,0.14015
4290,1975,8,1,1,9458,48322,0.19573
4290,1975,8,1,2,5572,39880,0.13972
4290,1976,8,1,1,10075,49630,0.20300
4290,1976,8,1,2,5788,41041,0.14103
4290,1977,8,1,1,9957,48652,0.20466
4290,1977,8,1,2,5751,39532,0.14548
4290,1978,8,1,1,10432,49264,0.21176
4290,1978,8,1,2,6128,40405,0.15166
4290,1979,8,1,1,11017,49947,0.22057
4290,1979,8,1,2,6576,41113,0.15995
4290,1980,8,1,1,10926,49821,0.21931
4290,1980,8,1,2,6527,41974,0.15550
4290,1981,8,1,1,11539,49726,0.23205
4290,1981,8,1,2,6777,42304,0.16020
4290,1982,8,1,1,11319,49013,0.23094
4290,1982,8,1,2,6600,41653,0.15845
4290,1983,8,1,1,10849,48984,0.22148
4290,1983,8,1,2,6522,41799,0.15603
4290,1984,8,1,1,10606,48496,0.21870
4290,1984,8,1,2,6418,41971,0.15292
4290,1985,8,1,1,10777,50034,0.21539
4290,1985,8,1,2,6565,43979,0.14928
4290,1986,8,1,1,10710,49535,0.21621
4290,1986,8,1,2,6776,43733,0.15494
4290,1987,9,1,1,10503,49342,0.212861
4290,1987,9,1,2,6581,43973,0.14966
4290,1987,9,2,1,0,358,0
4290,1987,9,2,2,0,283,0
4290,1987,9,3,1,0,23,0
4290,1987,9,3,2,0,20,0
4290,1987,9,4,1,0,19,0
4290,1987,9,4,2,0,13,0
4290,1987,9,5,1,0,10,0
4290,1987,9,5,2,0,15,0
4290,1987,9,6,1,0,9,0
4290,1987,9,6,2,0,9,0
4290,1987,9,7,1,0,39,0
4290,1987,9,7,2,0,26,0
4290,1987,9,8,1,0,60,0
4290,1987,9,8,2,0,30,0
4290,1987,9,9,1,0,192,0
4290,1987,9,9,2,0,80,0
4290,1987,9,10,1,0,294,0
4290,1987,9,10,2,1,96,0.010417
4290,1987,9,11,1,2,313,0.00639
4290,1987,9,11,2,1,116,0.008621
4290,1987,9,12,1,5,356,0.014045
4290,1987,9,12,2,2,170,0.011765
4290,1987,9,13,1,25,480,0.052083
4290,1987,9,13,2,7,253,0.027668
4290,1987,9,14,1,58,699,0.082976
4290,1987,9,14,2,12,407,0.029484
4290,1987,9,15,1,129,915,0.140984
4290,1987,9,15,2,23,499,0.046092
4290,1987,9,16,1,236,1281,0.184231
4290,1987,9,16,2,35,693,0.050505
4290,1987,9,17,1,481,2057,0.233836
4290,1987,9,17,2,88,1055,0.083412
4290,1987,9,18,1,886,3330,0.266066
4290,1987,9,18,2,240,1867,0.128548
4290,1987,9,19,1,1495,5320,0.281015
4290,1987,9,19,2,492,2954,0.166554
4290,1987,9,20,1,2037,7413,0.274788
4290,1987,9,20,2,895,4661,0.192019
4290,1987,9,21,1,2213,9244,0.239399
4290,1987,9,21,2,1488,7156,0.207937
4290,1987,9,22,1,1694,8387,0.201979
4290,1987,9,22,2,1596,9036,0.176627
4290,1987,9,23,1,1242,8543,0.145382
4290,1987,9,23,2,1701,14534,0.117036
4290,1988,9,1,1,10095,50427,0.20019
4290,1988,9,1,2,6699,46329,0.144596
4290,1988,9,2,1,0,380,0
4290,1988,9,2,2,0,272,0
4290,1988,9,3,1,0,27,0
4290,1988,9,3,2,0,26,0
4290,1988,9,4,1,0,13,0
4290,1988,9,4,2,0,15,0
4290,1988,9,5,1,0,13,0
4290,1988,9,5,2,0,7,0
4290,1988,9,6,1,0,10,0
4290,1988,9,6,2,0,3,0
4290,1988,9,7,1,0,41,0
4290,1988,9,7,2,0,29,0
4290,1988,9,8,1,0,63,0
4290,1988,9,8,2,0,31,0
4290,1988,9,9,1,0,183,0
4290,1988,9,9,2,0,77,0
4290,1988,9,10,1,1,308,0.003247
4290,1988,9,10,2,0,119,0
4290,1988,9,11,1,2,291,0.006873
4290,1988,9,11,2,1,132,0.007576
4290,1988,9,12,1,4,378,0.010582
4290,1988,9,12,2,0,153,0
4290,1988,9,13,1,34,497,0.06841
4290,1988,9,13,2,4,264,0.015152
4290,1988,9,14,1,59,780,0.075641
4290,1988,9,14,2,15,457,0.032823
4290,1988,9,15,1,110,908,0.121145
4290,1988,9,15,2,20,587,0.034072
4290,1988,9,16,1,231,1230,0.187805
4290,1988,9,16,2,40,667,0.05997
4290,1988,9,17,1,416,1933,0.21521
4290,1988,9,17,2,92,1054,0.087287
4290,1988,9,18,1,883,3393,0.260242
4290,1988,9,18,2,233,1790,0.130168
4290,1988,9,19,1,1404,5473,0.256532
4290,1988,9,19,2,499,3118,0.160038
4290,1988,9,20,1,1838,7187,0.25574
4290,1988,9,20,2,929,4684,0.198335
4290,1988,9,21,1,2137,9374,0.227971
4290,1988,9,21,2,1381,7346,0.187993
4290,1988,9,22,1,1769,8941,0.197853
4290,1988,9,22,2,1640,9487,0.172868
4290,1988,9,23,1,1207,9004,0.134052
4290,1988,9,23,2,1845,16011,0.115233
4290,1989,9,1,1,9136,47840,0.19097
4290,1989,9,1,2,6017,44254,0.135965
4290,1989,9,2,1,0,391,0
4290,1989,9,2,2,0,278,0
4290,1989,9,3,1,0,20,0
4290,1989,9,3,2,0,26,0
4290,1989,9,4,1,0,14,0
4290,1989,9,4,2,0,16,0
4290,1989,9,5,1,0,11,0
4290,1989,9,5,2,0,5,0
4290,1989,9,6,1,0,18,0
4290,1989,9,6,2,0,10,0
4290,1989,9,7,1,0,37,0
4290,1989,9,7,2,0,25,0
4290,1989,9,8,1,0,45,0
4290,1989,9,8,2,0,31,0
4290,1989,9,9,1,0,206,0
4290,1989,9,9,2,0,90,0
4290,1989,9,10,1,0,262,0
4290,1989,9,10,2,0,92,0
4290,1989,9,11,1,5,306,0.01634
4290,1989,9,11,2,2,114,0.017544
4290,1989,9,12,1,10,359,0.027855
4290,1989,9,12,2,2,137,0.014599
4290,1989,9,13,1,18,493,0.036511
4290,1989,9,13,2,4,264,0.015152
4290,1989,9,14,1,61,737,0.082768
4290,1989,9,14,2,11,423,0.026005
4290,1989,9,15,1,106,880,0.120455
4290,1989,9,15,2,23,558,0.041219
4290,1989,9,16,1,193,1197,0.161236
4290,1989,9,16,2,41,669,0.061286
4290,1989,9,17,1,351,1861,0.188608
4290,1989,9,17,2,77,990,0.077778
4290,1989,9,18,1,681,2995,0.227379
4290,1989,9,18,2,174,1620,0.107407
4290,1989,9,19,1,1286,5238,0.245514
4290,1989,9,19,2,446,2932,0.152115
4290,1989,9,20,1,1690,6764,0.249852
4290,1989,9,20,2,739,4203,0.175827
4290,1989,9,21,1,1992,8870,0.224577
4290,1989,9,21,2,1305,7038,0.185422
4290,1989,9,22,1,1609,8523,0.188783
4290,1989,9,22,2,1461,9036,0.161687
4290,1989,9,23,1,1134,8613,0.131661
4290,1989,9,23,2,1732,15697,0.11034
4290,1990,9,1,1,9566,49050,0.195025
4290,1990,9,1,2,6325,46092,0.137226
4290,1990,9,2,1,0,421,0
4290,1990,9,2,2,0,318,0
4290,1990,9,3,1,0,23,0
4290,1990,9,3,2,0,22,0
4290,1990,9,4,1,0,21,0
4290,1990,9,4,2,0,10,0
4290,1990,9,5,1,0,18,0
4290,1990,9,5,2,0,9,0
4290,1990,9,6,1,0,11,0
4290,1990,9,6,2,0,5,0
4290,1990,9,7,1,0,46,0
4290,1990,9,7,2,0,31,0
4290,1990,9,8,1,0,42,0
4290,1990,9,8,2,0,40,0
4290,1990,9,9,1,0,181,0
4290,1990,9,9,2,0,74,0
4290,1990,9,10,1,1,265,0.003774
4290,1990,9,10,2,0,95,0
4290,1990,9,11,1,1,298,0.003356
4290,1990,9,11,2,1,127,0.007874
4290,1990,9,12,1,5,319,0.015674
4290,1990,9,12,2,1,151,0.006623
4290,1990,9,13,1,13,411,0.03163
4290,1990,9,13,2,6,223,0.026906
4290,1990,9,14,1,55,706,0.077904
4290,1990,9,14,2,19,403,0.047146
4290,1990,9,15,1,128,976,0.131148
4290,1990,9,15,2,28,589,0.047538
4290,1990,9,16,1,182,1168,0.155822
4290,1990,9,16,2,35,658,0.053191
4290,1990,9,17,1,361,1858,0.194295
4290,1990,9,17,2,91,1077,0.084494
4290,1990,9,18,1,676,2961,0.228301
4290,1990,9,18,2,196,1617,0.121212
4290,1990,9,19,1,1233,4926,0.250305
4290,1990,9,19,2,460,2886,0.15939
4290,1990,9,20,1,1798,6986,0.257372
4290,1990,9,20,2,777,4399,0.176631
4290,1990,9,21,1,2152,9175,0.23455
4290,1990,9,21,2,1316,7101,0.185326
4290,1990,9,22,1,1711,9030,0.18948
4290,1990,9,22,2,1557,9694,0.160615
4290,1990,9,23,1,1250,9208,0.135752
4290,1990,9,23,2,1838,16563,0.11097
4290,1991,9,1,1,9572,48997,0.195359
4290,1991,9,1,2,6366,45939,0.138575
4290,1991,9,2,1,0,418,0
4290,1991,9,2,2,0,335,0
4290,1991,9,3,1,0,22,0
4290,1991,9,3,2,0,24,0
4290,1991,9,4,1,0,12,0
4290,1991,9,4,2,0,15,0
4290,1991,9,5,1,0,13,0
4290,1991,9,5,2,0,7,0
4290,1991,9,6,1,0,10,0
4290,1991,9,6,2,0,13,0
4290,1991,9,7,1,0,33,0
4290,1991,9,7,2,0,22,0
4290,1991,9,8,1,0,30,0
4290,1991,9,8,2,1,41,0.02439
4290,1991,9,9,1,0,182,0
4290,1991,9,9,2,0,66,0
4290,1991,9,10,1,1,240,0.004167
4290,1991,9,10,2,0,75,0
4290,1991,9,11,1,2,301,0.006645
4290,1991,9,11,2,1,126,0.007937
4290,1991,9,12,1,8,335,0.023881
4290,1991,9,12,2,4,148,0.027027
4290,1991,9,13,1,20,426,0.046948
4290,1991,9,13,2,3,233,0.012876
4290,1991,9,14,1,36,693,0.051948
4290,1991,9,14,2,10,408,0.02451
4290,1991,9,15,1,133,1051,0.126546
4290,1991,9,15,2,21,599,0.035058
4290,1991,9,16,1,191,1171,0.163108
4290,1991,9,16,2,51,696,0.073276
4290,1991,9,17,1,415,1880,0.220745
4290,1991,9,17,2,86,1022,0.084149
4290,1991,9,18,1,629,2901,0.216822
4290,1991,9,18,2,208,1658,0.125452
4290,1991,9,19,1,1182,4834,0.244518
4290,1991,9,19,2,432,2786,0.155061
4290,1991,9,20,1,1741,6909,0.25199
4290,1991,9,20,2,788,4366,0.180486
4290,1991,9,21,1,2035,8872,0.229373
4290,1991,9,21,2,1318,6892,0.191236
4290,1991,9,22,1,1915,9162,0.209015
4290,1991,9,22,2,1643,9624,0.170719
4290,1991,9,23,1,1264,9502,0.133025
4290,1991,9,23,2,1800,16783,0.107251
4290,1992,9,1,1,9200,48221,0.190788
4290,1992,9,1,2,6416,46005,0.139463
4290,1992,9,2,1,0,369,0
4290,1992,9,2,2,0,269,0
4290,1992,9,3,1,0,21,0
4290,1992,9,3,2,0,14,0
4290,1992,9,4,1,0,20,0
4290,1992,9,4,2,0,11,0
4290,1992,9,5,1,0,17,0
4290,1992,9,5,2,0,12,0
4290,1992,9,6,1,0,12,0
4290,1992,9,6,2,0,4,0
4290,1992,9,7,1,0,35,0
4290,1992,9,7,2,0,29,0
4290,1992,9,8,1,0,39,0
4290,1992,9,8,2,0,32,0
4290,1992,9,9,1,0,124,0
4290,1992,9,9,2,0,61,0
4290,1992,9,10,1,1,225,0.004444
4290,1992,9,10,2,0,87,0
4290,1992,9,11,1,0,278,0
4290,1992,9,11,2,3,98,0.030612
4290,1992,9,12,1,4,300,0.013333
4290,1992,9,12,2,1,139,0.007194
4290,1992,9,13,1,8,421,0.019002
4290,1992,9,13,2,3,196,0.015306
4290,1992,9,14,1,51,629,0.081081
4290,1992,9,14,2,15,359,0.041783
4290,1992,9,15,1,104,1026,0.101365
4290,1992,9,15,2,30,641,0.046802
4290,1992,9,16,1,198,1195,0.16569
4290,1992,9,16,2,44,731,0.060192
4290,1992,9,17,1,319,1717,0.185789
4290,1992,9,17,2,82,958,0.085595
4290,1992,9,18,1,637,2841,0.224217
4290,1992,9,18,2,212,1635,0.129664
4290,1992,9,19,1,1053,4594,0.229212
4290,1992,9,19,2,428,2726,0.157007
4290,1992,9,20,1,1725,6952,0.24813
4290,1992,9,20,2,791,4487,0.176287
4290,1992,9,21,1,1986,8504,0.233537
4290,1992,9,21,2,1222,6712,0.182062
4290,1992,9,22,1,1713,9169,0.186825
4290,1992,9,22,2,1642,9548,0.171973
4290,1992,9,23,1,1401,9733,0.143943
4290,1992,9,23,2,1943,17256,0.112599
4290,1993,9,1,1,9058,48858,0.185394
4290,1993,9,1,2,6508,47801,0.136148
4290,1993,9,2,1,0,327,0
4290,1993,9,2,2,0,237,0
4290,1993,9,3,1,0,17,0
4290,1993,9,3,2,0,19,0
4290,1993,9,4,1,0,17,0
4290,1993,9,4,2,0,13,0
4290,1993,9,5,1,0,17,0
4290,1993,9,5,2,0,12,0
4290,1993,9,6,1,0,15,0
4290,1993,9,6,2,0,6,0
4290,1993,9,7,1,0,51,0
4290,1993,9,7,2,0,33,0
4290,1993,9,8,1,0,44,0
4290,1993,9,8,2,0,34,0
4290,1993,9,9,1,0,130,0
4290,1993,9,9,2,0,69,0
4290,1993,9,10,1,1,217,0.004608
4290,1993,9,10,2,0,92,0
4290,1993,9,11,1,2,252,0.007937
4290,1993,9,11,2,0,109,0
4290,1993,9,12,1,5,297,0.016835
4290,1993,9,12,2,3,150,0.02
4290,1993,9,13,1,15,427,0.035129
4290,1993,9,13,2,3,208,0.014423
4290,1993,9,14,1,54,609,0.08867
4290,1993,9,14,2,6,319,0.018809
4290,1993,9,15,1,102,994,0.102616
4290,1993,9,15,2,14,632,0.022152
4290,1993,9,16,1,211,1276,0.165361
4290,1993,9,16,2,35,718,0.048747
4290,1993,9,17,1,348,1716,0.202797
4290,1993,9,17,2,79,976,0.080943
4290,1993,9,18,1,563,2633,0.213825
4290,1993,9,18,2,170,1551,0.109607
4290,1993,9,19,1,1034,4410,0.234467
4290,1993,9,19,2,349,2650,0.131698
4290,1993,9,20,1,1567,6878,0.227828
4290,1993,9,20,2,749,4494,0.166667
4290,1993,9,21,1,1912,8619,0.221835
4290,1993,9,21,2,1244,6719,0.185147
4290,1993,9,22,1,1815,9426,0.192553
4290,1993,9,22,2,1663,9944,0.167237
4290,1993,9,23,1,1429,10486,0.136277
4290,1993,9,23,2,2193,18816,0.11655
4290,1994,9,1,1,8574,46385,0.184844
4290,1994,9,1,2,5991,45065,0.132941
4290,1994,9,2,1,0,273,0
4290,1994,9,2,2,0,214,0
4290,1994,9,3,1,0,24,0
4290,1994,9,3,2,0,15,0
4290,1994,9,4,1,0,11,0
4290,1994,9,4,2,0,9,0
4290,1994,9,5,1,0,13,0
4290,1994,9,5,2,0,3,0
4290,1994,9,6,1,0,16,0
4290,1994,9,6,2,0,10,0
4290,1994,9,7,1,0,36,0
4290,1994,9,7,2,0,20,0
4290,1994,9,8,1,0,36,0
4290,1994,9,8,2,0,28,0
4290,1994,9,9,1,0,112,0
4290,1994,9,9,2,0,47,0
4290,1994,9,10,1,1,197,0.005076
4290,1994,9,10,2,0,70,0
4290,1994,9,11,1,2,263,0.007605
4290,1994,9,11,2,1,115,0.008696
4290,1994,9,12,1,5,303,0.016502
4290,1994,9,12,2,0,124,0
4290,1994,9,13,1,16,441,0.036281
4290,1994,9,13,2,5,234,0.021368
4290,1994,9,14,1,44,617,0.071313
4290,1994,9,14,2,13,331,0.039275
4290,1994,9,15,1,116,979,0.118488
4290,1994,9,15,2,26,646,0.040248
4290,1994,9,16,1,190,1271,0.149489
4290,1994,9,16,2,36,810,0.044444
4290,1994,9,17,1,323,1680,0.192262
4290,1994,9,17,2,76,984,0.077236
4290,1994,9,18,1,557,2536,0.219637
4290,1994,9,18,2,154,1506,0.102258
4290,1994,9,19,1,947,4066,0.232907
4290,1994,9,19,2,325,2374,0.1369
4290,1994,9,20,1,1529,6658,0.229649
4290,1994,9,20,2,710,4266,0.166432
4290,1994,9,21,1,1750,8040,0.217662
4290,1994,9,21,2,1091,6063,0.179944
4290,1994,9,22,1,1695,8930,0.18981
4290,1994,9,22,2,1522,9290,0.163832
4290,1994,9,23,1,1399,9883,0.141556
4290,1994,9,23,2,2032,17906,0.113482
4290,1995,9,1,1,8613,47428,0.181602
4290,1995,9,1,2,5939,46213,0.128514
4290,1995,9,2,1,0,241,0
4290,1995,9,2,2,0,175,0
4290,1995,9,3,1,0,21,0
4290,1995,9,3,2,0,9,0
4290,1995,9,4,1,0,13,0
4290,1995,9,4,2,0,10,0
4290,1995,9,5,1,0,6,0
4290,1995,9,5,2,0,5,0
4290,1995,9,6,1,0,10,0
4290,1995,9,6,2,0,10,0
4290,1995,9,7,1,0,35,0
4290,1995,9,7,2,0,23,0
4290,1995,9,8,1,0,37,0
4290,1995,9,8,2,0,24,0
4290,1995,9,9,1,0,117,0
4290,1995,9,9,2,0,56,0
4290,1995,9,10,1,2,197,0.010152
4290,1995,9,10,2,1,82,0.012195
4290,1995,9,11,1,0,215,0
4290,1995,9,11,2,0,101,0
4290,1995,9,12,1,1,305,0.003279
4290,1995,9,12,2,4,141,0.028369
4290,1995,9,13,1,23,365,0.063014
4290,1995,9,13,2,4,177,0.022599
4290,1995,9,14,1,40,595,0.067227
4290,1995,9,14,2,7,322,0.021739
4290,1995,9,15,1,134,980,0.136735
4290,1995,9,15,2,34,587,0.057922
4290,1995,9,16,1,208,1360,0.152941
4290,1995,9,16,2,41,840,0.04881
4290,1995,9,17,1,344,1660,0.207229
4290,1995,9,17,2,63,972,0.064815
4290,1995,9,18,1,529,2500,0.2116
4290,1995,9,18,2,150,1502,0.099867
4290,1995,9,19,1,850,4026,0.211128
4290,1995,9,19,2,313,2417,0.129499
4290,1995,9,20,1,1448,6534,0.22161
4290,1995,9,20,2,673,4123,0.163231
4290,1995,9,21,1,1780,8298,0.21451
4290,1995,9,21,2,1064,6398,0.166302
4290,1995,9,22,1,1693,9117,0.185697
4290,1995,9,22,2,1478,9360,0.157906
4290,1995,9,23,1,1561,10796,0.144591
4290,1995,9,23,2,2107,18879,0.111605
4290,1996,9,1,1,7881,46954,0.167845
4290,1996,9,1,2,5722,46861,0.122106
4290,1996,9,2,1,1,195,0.005128
4290,1996,9,2,2,0,169,0
4290,1996,9,3,1,0,23,0
4290,1996,9,3,2,0,15,0
4290,1996,9,4,1,0,8,0
4290,1996,9,4,2,0,7,0
4290,1996,9,5,1,0,10,0
4290,1996,9,5,2,0,7,0
4290,1996,9,6,1,0,15,0
4290,1996,9,6,2,0,5,0
4290,1996,9,7,1,0,34,0
4290,1996,9,7,2,0,29,0
4290,1996,9,8,1,0,32,0
4290,1996,9,8,2,0,26,0
4290,1996,9,9,1,0,93,0
4290,1996,9,9,2,0,47,0
4290,1996,9,10,1,1,170,0.005882
4290,1996,9,10,2,1,76,0.013158
4290,1996,9,11,1,1,233,0.004292
4290,1996,9,11,2,1,94,0.010638
4290,1996,9,12,1,6,284,0.021127
4290,1996,9,12,2,1,141,0.007092
4290,1996,9,13,1,10,361,0.027701
4290,1996,9,13,2,2,177,0.011299
4290,1996,9,14,1,31,532,0.058271
4290,1996,9,14,2,10,283,0.035336
4290,1996,9,15,1,95,884,0.107466
4290,1996,9,15,2,13,578,0.022491
4290,1996,9,16,1,203,1433,0.141661
4290,1996,9,16,2,36,897,0.040134
4290,1996,9,17,1,278,1604,0.173317
4290,1996,9,17,2,64,1029,0.062196
4290,1996,9,18,1,447,2445,0.182822
4290,1996,9,18,2,130,1415,0.091873
4290,1996,9,19,1,757,3935,0.192376
4290,1996,9,19,2,290,2318,0.125108
4290,1996,9,20,1,1313,6083,0.215847
4290,1996,9,20,2,615,4141,0.148515
4290,1996,9,21,1,1599,8254,0.193724
4290,1996,9,21,2,1051,6399,0.164244
4290,1996,9,22,1,1615,9094,0.17759
4290,1996,9,22,2,1400,9175,0.152589
4290,1996,9,23,1,1524,11232,0.135684
4290,1996,9,23,2,2108,19833,0.106288
4290,1997,10,1,1,7412,46720,0.158647
4290,1997,10,1,2,5189,46629,0.111283
4290,1997,10,2,1,0,190,0
4290,1997,10,2,2,0,138,0
4290,1997,10,3,1,0,20,0
4290,1997,10,3,2,0,24,0
4290,1997,10,4,1,0,4,0
4290,1997,10,4,2,0,11,0
4290,1997,10,5,1,0,13,0
4290,1997,10,5,2,0,7,0
4290,1997,10,6,1,0,14,0
4290,1997,10,6,2,0,1,0
4290,1997,10,7,1,0,53,0
4290,1997,10,7,2,0,22,0
4290,1997,10,8,1,0,28,0
4290,1997,10,8,2,0,31,0
4290,1997,10,9,1,1,77,0.012987
4290,1997,10,9,2,1,60,0.016667
4290,1997,10,10,1,1,199,0.005025
4290,1997,10,10,2,1,85,0.011765
4290,1997,10,11,1,0,201,0
4290,1997,10,11,2,0,77,0
4290,1997,10,12,1,3,264,0.011364
4290,1997,10,12,2,2,144,0.013889
4290,1997,10,13,1,11,374,0.029412
4290,1997,10,13,2,2,175,0.011429
4290,1997,10,14,1,39,519,0.075145
4290,1997,10,14,2,5,295,0.016949
4290,1997,10,15,1,86,836,0.102871
4290,1997,10,15,2,16,492,0.03252
4290,1997,10,16,1,205,1457,0.1407
4290,1997,10,16,2,39,906,0.043046
4290,1997,10,17,1,292,1696,0.17217
4290,1997,10,17,2,61,1002,0.060878
4290,1997,10,18,1,450,2427,0.185414
4290,1997,10,18,2,128,1365,0.093773
4290,1997,10,19,1,730,3774,0.193429
4290,1997,10,19,2,274,2226,0.123091
4290,1997,10,20,1,1165,5934,0.196326
4290,1997,10,20,2,547,3948,0.138551
4290,1997,10,21,1,1555,8373,0.185716
4290,1997,10,21,2,945,6357,0.148655
4290,1997,10,22,1,1501,8891,0.168822
4290,1997,10,22,2,1231,9130,0.13483
4290,1997,10,23,1,994,7225,0.137578
4290,1997,10,23,2,1198,10345,0.115805
4290,1997,10,24,1,332,3312,0.100242
4290,1997,10,24,2,592,7077,0.083651
4290,1997,10,25,1,47,839,0.056019
4290,1997,10,25,2,147,2711,0.054224
4290,1998,10,1,1,7265,46840,0.155102
4290,1998,10,1,2,5462,46788,0.116739
4290,1998,10,2,1,0,186,0
4290,1998,10,2,2,0,131,0
4290,1998,10,3,1,0,18,0
4290,1998,10,3,2,0,11,0
4290,1998,10,4,1,0,14,0
4290,1998,10,4,2,0,5,0
4290,1998,10,5,1,0,9,0
4290,1998,10,5,2,0,6,0
4290,1998,10,6,1,0,8,0
4290,1998,10,6,2,0,5,0
4290,1998,10,7,1,0,48,0
4290,1998,10,7,2,0,25,0
4290,1998,10,8,1,0,40,0
4290,1998,10,8,2,0,39,0
4290,1998,10,9,1,0,140,0
4290,1998,10,9,2,0,65,0
4290,1998,10,10,1,0,176,0
4290,1998,10,10,2,0,73,0
4290,1998,10,11,1,2,196,0.010204
4290,1998,10,11,2,0,70,0
4290,1998,10,12,1,2,271,0.00738
4290,1998,10,12,2,1,118,0.008475
4290,1998,10,13,1,16,355,0.04507
4290,1998,10,13,2,6,196,0.030612
4290,1998,10,14,1,42,477,0.08805
4290,1998,10,14,2,8,307,0.026059
4290,1998,10,15,1,78,785,0.099363
4290,1998,10,15,2,19,496,0.038306
4290,1998,10,16,1,182,1428,0.127451
4290,1998,10,16,2,40,874,0.045767
4290,1998,10,17,1,251,1746,0.143757
4290,1998,10,17,2,70,1083,0.064635
4290,1998,10,18,1,413,2406,0.171654
4290,1998,10,18,2,100,1437,0.069589
4290,1998,10,19,1,709,3716,0.190797
4290,1998,10,19,2,232,2203,0.105311
4290,1998,10,20,1,1031,5710,0.18056
4290,1998,10,20,2,507,3684,0.137622
4290,1998,10,21,1,1526,8432,0.180977
4290,1998,10,21,2,958,6462,0.148251
4290,1998,10,22,1,1446,8847,0.163445
4290,1998,10,22,2,1307,8969,0.145724
4290,1998,10,23,1,1085,7505,0.14457
4290,1998,10,23,2,1339,10529,0.127173
4290,1998,10,24,1,419,3499,0.119748
4290,1998,10,24,2,699,7282,0.09599
4290,1998,10,25,1,63,828,0.076087
4290,1998,10,25,2,176,2718,0.064753
4290,1999,10,1,1,7001,46782,0.149652
4290,1999,10,1,2,5155,48294,0.106742
4290,1999,10,2,1,0,185,0
4290,1999,10,2,2,0,115,0
4290,1999,10,3,1,0,8,0
4290,1999,10,3,2,0,14,0
4290,1999,10,4,1,0,7,0
4290,1999,10,4,2,0,9,0
4290,1999,10,5,1,0,6,0
4290,1999,10,5,2,0,3,0
4290,1999,10,6,1,0,5,0
4290,1999,10,6,2,0,4,0
4290,1999,10,7,1,0,41,0
4290,1999,10,7,2,0,33,0
4290,1999,10,8,1,0,54,0
4290,1999,10,8,2,0,26,0
4290,1999,10,9,1,0,98,0
4290,1999,10,9,2,0,49,0
4290,1999,10,10,1,1,183,0.005464
4290,1999,10,10,2,0,63,0
4290,1999,10,11,1,0,216,0
4290,1999,10,11,2,0,87,0
4290,1999,10,12,1,6,259,0.023166
4290,1999,10,12,2,1,119,0.008403
4290,1999,10,13,1,10,352,0.028409
4290,1999,10,13,2,5,168,0.029762
4290,1999,10,14,1,40,520,0.076923
4290,1999,10,14,2,12,332,0.036145
4290,1999,10,15,1,82,785,0.104459
4290,1999,10,15,2,19,522,0.036398
4290,1999,10,16,1,167,1393,0.119885
4290,1999,10,16,2,33,856,0.038551
4290,1999,10,17,1,245,1831,0.133807
4290,1999,10,17,2,72,1107,0.065041
4290,1999,10,18,1,380,2349,0.161771
4290,1999,10,18,2,134,1454,0.09216
4290,1999,10,19,1,623,3509,0.177543
4290,1999,10,19,2,229,2180,0.105046
4290,1999,10,20,1,1053,5552,0.189661
4290,1999,10,20,2,430,3614,0.118982
4290,1999,10,21,1,1447,8446,0.171324
4290,1999,10,21,2,920,6584,0.139733
4290,1999,10,22,1,1438,8795,0.163502
4290,1999,10,22,2,1176,9032,0.130204
4290,1999,10,23,1,1050,7642,0.137399
4290,1999,10,23,2,1236,11079,0.111562
4290,1999,10,24,1,381,3652,0.104326
4290,1999,10,24,2,701,7815,0.089699
4290,1999,10,25,1,78,894,0.087248
4290,1999,10,25,2,187,3029,0.061737
4290,2000,10,1,1,6553,45710,0.14336
4290,2000,10,1,2,5040,47806,0.105426
4290,2000,10,2,1,0,186,0
4290,2000,10,2,2,0,123,0
4290,2000,10,3,1,0,13,0
4290,2000,10,3,2,0,7,0
4290,2000,10,4,1,0,4,0
4290,2000,10,4,2,0,6,0
4290,2000,10,5,1,0,4,0
4290,2000,10,5,2,0,2,0
4290,2000,10,6,1,0,4,0
4290,2000,10,6,2,0,6,0
4290,2000,10,7,1,0,30,0
4290,2000,10,7,2,0,28,0
4290,2000,10,8,1,0,41,0
4290,2000,10,8,2,0,36,0
4290,2000,10,9,1,0,124,0
4290,2000,10,9,2,1,57,0.017544
4290,2000,10,10,1,0,202,0
4290,2000,10,10,2,0,63,0
4290,2000,10,11,1,2,223,0.008969
4290,2000,10,11,2,0,75,0
4290,2000,10,12,1,5,246,0.020325
4290,2000,10,12,2,1,87,0.011494
4290,2000,10,13,1,14,315,0.044444
4290,2000,10,13,2,3,200,0.015
4290,2000,10,14,1,27,457,0.059081
4290,2000,10,14,2,5,269,0.018587
4290,2000,10,15,1,85,774,0.109819
4290,2000,10,15,2,24,492,0.04878
4290,2000,10,16,1,184,1326,0.138763
4290,2000,10,16,2,45,875,0.051429
4290,2000,10,17,1,292,1830,0.159563
4290,2000,10,17,2,65,1274,0.05102
4290,2000,10,18,1,367,2358,0.15564
4290,2000,10,18,2,129,1510,0.08543
4290,2000,10,19,1,562,3334,0.168566
4290,2000,10,19,2,207,2088,0.099138
4290,2000,10,20,1,913,5266,0.173376
4290,2000,10,20,2,395,3483,0.113408
4290,2000,10,21,1,1237,7973,0.155149
4290,2000,10,21,2,852,6247,0.136385
4290,2000,10,22,1,1352,8752,0.154479
4290,2000,10,22,2,1168,9079,0.128649
4290,2000,10,23,1,1040,7568,0.137421
4290,2000,10,23,2,1238,10769,0.11496
4290,2000,10,24,1,398,3716,0.107104
4290,2000,10,24,2,706,7882,0.089571
4290,2000,10,25,1,75,964,0.077801
4290,2000,10,25,2,201,3148,0.06385
4290,2001,10,1,1,6399,45467,0.140739
4290,2001,10,1,2,4966,48341,0.102729
4290,2001,10,2,1,0,190,0
4290,2001,10,2,2,0,145,0
4290,2001,10,3,1,0,10,0
4290,2001,10,3,2,0,15,0
4290,2001,10,4,1,0,13,0
4290,2001,10,4,2,0,6,0
4290,2001,10,5,1,0,7,0
4290,2001,10,5,2,0,8,0
4290,2001,10,6,1,0,5,0
4290,2001,10,6,2,0,5,0
4290,2001,10,7,1,0,23,0
4290,2001,10,7,2,0,27,0
4290,2001,10,8,1,0,36,0
4290,2001,10,8,2,0,34,0
4290,2001,10,9,1,0,104,0
4290,2001,10,9,2,0,51,0
4290,2001,10,10,1,1,217,0.004608
4290,2001,10,10,2,0,54,0
4290,2001,10,11,1,1,201,0.004975
4290,2001,10,11,2,1,68,0.014706
4290,2001,10,12,1,4,248,0.016129
4290,2001,10,12,2,0,104,0
4290,2001,10,13,1,13,355,0.03662
4290,2001,10,13,2,1,166,0.006024
4290,2001,10,14,1,26,471,0.055202
4290,2001,10,14,2,8,250,0.032
4290,2001,10,15,1,80,776,0.103093
4290,2001,10,15,2,16,492,0.03252
4290,2001,10,16,1,161,1277,0.126077
4290,2001,10,16,2,37,874,0.042334
4290,2001,10,17,1,273,1983,0.13767
4290,2001,10,17,2,86,1304,0.065951
4290,2001,10,18,1,376,2374,0.158382
4290,2001,10,18,2,112,1400,0.08
4290,2001,10,19,1,534,3286,0.162508
4290,2001,10,19,2,228,2131,0.106992
4290,2001,10,20,1,829,4971,0.166767
4290,2001,10,20,2,372,3493,0.106499
4290,2001,10,21,1,1152,7564,0.1523
4290,2001,10,21,2,738,6014,0.122714
4290,2001,10,22,1,1356,8946,0.151576
4290,2001,10,22,2,1182,9155,0.12911
4290,2001,10,23,1,1043,7448,0.140038
4290,2001,10,23,2,1220,11058,0.110327
4290,2001,10,24,1,462,3940,0.117259
4290,2001,10,24,2,777,8229,0.094422
4290,2001,10,25,1,88,1022,0.086106
4290,2001,10,25,2,188,3258,0.057704
4290,2002,10,1,1,6250,45813,0.136424
4290,2002,10,1,2,4927,49258,0.100024
4290,2002,10,2,1,0,173,0
4290,2002,10,2,2,0,141,0
4290,2002,10,3,1,0,16,0
4290,2002,10,3,2,0,8,0
4290,2002,10,4,1,0,18,0
4290,2002,10,4,2,0,7,0
4290,2002,10,5,1,0,5,0
4290,2002,10,5,2,0,5,0
4290,2002,10,6,1,0,7,0
4290,2002,10,6,2,0,3,0
4290,2002,10,7,1,0,16,0
4290,2002,10,7,2,0,20,0
4290,2002,10,8,1,0,41,0
4290,2002,10,8,2,1,26,0.038462
4290,2002,10,9,1,0,109,0
4290,2002,10,9,2,0,65,0
4290,2002,10,10,1,0,210,0
4290,2002,10,10,2,0,64,0
4290,2002,10,11,1,0,180,0
4290,2002,10,11,2,1,78,0.012821
4290,2002,10,12,1,4,232,0.017241
4290,2002,10,12,2,1,110,0.009091
4290,2002,10,13,1,11,309,0.035599
4290,2002,10,13,2,2,169,0.011834
4290,2002,10,14,1,31,460,0.067391
4290,2002,10,14,2,7,252,0.027778
4290,2002,10,15,1,61,677,0.090103
4290,2002,10,15,2,9,468,0.019231
4290,2002,10,16,1,125,1216,0.102796
4290,2002,10,16,2,41,762,0.053806
4290,2002,10,17,1,268,2069,0.129531
4290,2002,10,17,2,76,1346,0.056464
4290,2002,10,18,1,367,2417,0.151841
4290,2002,10,18,2,109,1465,0.074403
4290,2002,10,19,1,544,3284,0.165652
4290,2002,10,19,2,183,2093,0.087434
4290,2002,10,20,1,761,4937,0.154142
4290,2002,10,20,2,360,3459,0.104076
4290,2002,10,21,1,1152,7381,0.156076
4290,2002,10,21,2,725,5869,0.12353
4290,2002,10,22,1,1317,9211,0.142981
4290,2002,10,22,2,1155,9464,0.122041
4290,2002,10,23,1,1070,7730,0.138422
4290,2002,10,23,2,1258,11111,0.113221
4290,2002,10,24,1,446,4057,0.109933
4290,2002,10,24,2,779,8682,0.089726
4290,2002,10,25,1,93,1058,0.087902
4290,2002,10,25,2,220,3591,0.061264
4290,2003,10,1,1,6130,45362,0.135135
4290,2003,10,1,2,4685,47641,0.09834
4290,2003,10,2,1,0,184,0
4290,2003,10,2,2,0,125,0
4290,2003,10,3,1,0,19,0
4290,2003,10,3,2,0,11,0
4290,2003,10,4,1,0,13,0
4290,2003,10,4,2,0,6,0
4290,2003,10,5,1,0,11,0
4290,2003,10,5,2,0,4,0
4290,2003,10,6,1,0,5,0
4290,2003,10,6,2,0,5,0
4290,2003,10,7,1,0,28,0
4290,2003,10,7,2,0,17,0
4290,2003,10,8,1,0,36,0
4290,2003,10,8,2,0,28,0
4290,2003,10,9,1,1,107,0.009346
4290,2003,10,9,2,0,78,0
4290,2003,10,10,1,1,186,0.005376
4290,2003,10,10,2,0,61,0
4290,2003,10,11,1,0,181,0
4290,2003,10,11,2,0,87,0
4290,2003,10,12,1,2,193,0.010363
4290,2003,10,12,2,2,116,0.017241
4290,2003,10,13,1,18,323,0.055728
4290,2003,10,13,2,4,172,0.023256
4290,2003,10,14,1,33,469,0.070362
4290,2003,10,14,2,4,254,0.015748
4290,2003,10,15,1,62,723,0.085754
4290,2003,10,15,2,25,449,0.055679
4290,2003,10,16,1,119,1157,0.102852
4290,2003,10,16,2,26,755,0.034437
4290,2003,10,17,1,239,1993,0.11992
4290,2003,10,17,2,57,1278,0.044601
4290,2003,10,18,1,360,2474,0.145513
4290,2003,10,18,2,106,1567,0.067645
4290,2003,10,19,1,511,3303,0.154708
4290,2003,10,19,2,192,2048,0.09375
4290,2003,10,20,1,732,4894,0.149571
4290,2003,10,20,2,329,3265,0.100766
4290,2003,10,21,1,1103,7064,0.156144
4290,2003,10,21,2,640,5540,0.115523
4290,2003,10,22,1,1359,9349,0.145363
4290,2003,10,22,2,1114,9238,0.120589
4290,2003,10,23,1,1041,7644,0.136185
4290,2003,10,23,2,1169,10524,0.111079
4290,2003,10,24,1,452,3952,0.114372
4290,2003,10,24,2,776,8349,0.092945
4290,2003,10,25,1,97,1054,0.09203
4290,2003,10,25,2,241,3664,0.065775
4290,2004,10,1,1,5478,44192,0.123959
4290,2004,10,1,2,4293,46887,0.091561
4290,2004,10,2,1,0,175,0
4290,2004,10,2,2,0,144,0
4290,2004,10,3,1,0,12,0
4290,2004,10,3,2,0,19,0
4290,2004,10,4,1,0,11,0
4290,2004,10,4,2,0,6,0
4290,2004,10,5,1,0,7,0
4290,2004,10,5,2,0,8,0
4290,2004,10,6,1,0,5,0
4290,2004,10,6,2,0,7,0
4290,2004,10,7,1,0,37,0
4290,2004,10,7,2,0,44,0
4290,2004,10,8,1,0,57,0
4290,2004,10,8,2,0,52,0
4290,2004,10,9,1,0,132,0
4290,2004,10,9,2,0,75,0
4290,2004,10,10,1,0,233,0
4290,2004,10,10,2,0,73,0
4290,2004,10,11,1,0,200,0
4290,2004,10,11,2,0,89,0
4290,2004,10,12,1,4,209,0.019139
4290,2004,10,12,2,0,114,0
4290,2004,10,13,1,11,302,0.036424
4290,2004,10,13,2,1,192,0.005208
4290,2004,10,14,1,30,452,0.066372
4290,2004,10,14,2,5,279,0.017921
4290,2004,10,15,1,58,724,0.08011
4290,2004,10,15,2,22,459,0.04793
4290,2004,10,16,1,128,1168,0.109589
4290,2004,10,16,2,21,729,0.028807
4290,2004,10,17,1,236,2019,0.11689
4290,2004,10,17,2,48,1310,0.036641
4290,2004,10,18,1,300,2546,0.117832
4290,2004,10,18,2,87,1677,0.051878
4290,2004,10,19,1,478,3300,0.144848
4290,2004,10,19,2,150,2007,0.074738
4290,2004,10,20,1,602,4598,0.130926
4290,2004,10,20,2,321,3183,0.100848
4290,2004,10,21,1,903,6511,0.138688
4290,2004,10,21,2,616,5307,0.116073
4290,2004,10,22,1,1243,9034,0.137591
4290,2004,10,22,2,1025,8996,0.11394
4290,2004,10,23,1,928,7381,0.125728
4290,2004,10,23,2,1084,10287,0.105376
4290,2004,10,24,1,455,4005,0.113608
4290,2004,10,24,2,710,8217,0.086406
4290,2004,10,25,1,102,1074,0.094972
4290,2004,10,25,2,203,3613,0.056186
4290,2005,10,1,1,5497,44828,0.122624
4290,2005,10,1,2,4218,46947,0.089846
4290,2005,10,2,1,0,131,0
4290,2005,10,2,2,0,117,0
4290,2005,10,3,1,0,24,0
4290,2005,10,3,2,0,18,0
4290,2005,10,4,1,0,5,0
4290,2005,10,4,2,0,9,0
4290,2005,10,5,1,0,13,0
4290,2005,10,5,2,0,6,0
4290,2005,10,6,1,0,4,0
4290,2005,10,6,2,0,4,0
4290,2005,10,7,1,0,33,0
4290,2005,10,7,2,0,16,0
4290,2005,10,8,1,0,38,0
4290,2005,10,8,2,0,24,0
4290,2005,10,9,1,1,107,0.009346
4290,2005,10,9,2,0,46,0
4290,2005,10,10,1,0,179,0
4290,2005,10,10,2,0,69,0
4290,2005,10,11,1,1,204,0.004902
4290,2005,10,11,2,0,69,0
4290,2005,10,12,1,3,197,0.015228
4290,2005,10,12,2,0,108,0
4290,2005,10,13,1,8,283,0.028269
4290,2005,10,13,2,1,175,0.005714
4290,2005,10,14,1,31,445,0.069663
4290,2005,10,14,2,3,244,0.012295
4290,2005,10,15,1,47,672,0.06994
4290,2005,10,15,2,20,404,0.049505
4290,2005,10,16,1,130,1084,0.119926
4290,2005,10,16,2,24,748,0.032086
4290,2005,10,17,1,227,1935,0.117313
4290,2005,10,17,2,45,1307,0.03443
4290,2005,10,18,1,344,2684,0.128167
4290,2005,10,18,2,120,1736,0.069124
4290,2005,10,19,1,440,3378,0.130255
4290,2005,10,19,2,166,2145,0.077389
4290,2005,10,20,1,601,4505,0.133407
4290,2005,10,20,2,258,3031,0.08512
4290,2005,10,21,1,920,6582,0.139775
4290,2005,10,21,2,485,5136,0.094431
4290,2005,10,22,1,1158,9066,0.12773
4290,2005,10,22,2,999,8846,0.112932
4290,2005,10,23,1,1039,7846,0.132424
4290,2005,10,23,2,1111,10440,0.106418
4290,2005,10,24,1,454,4280,0.106075
4290,2005,10,24,2,748,8481,0.088197
4290,2005,10,25,1,93,1133,0.082083
4290,2005,10,25,2,238,3768,0.063163
4290,2006,10,1,1,5185,44232,0.117223
4290,2006,10,1,2,4305,47039,0.09152
4290,2006,10,2,1,0,166,0
4290,2006,10,2,2,0,132,0
4290,2006,10,3,1,0,15,0
4290,2006,10,3,2,0,15,0
4290,2006,10,4,1,0,7,0
4290,2006,10,4,2,0,7,0
4290,2006,10,5,1,0,9,0
4290,2006,10,5,2,0,6,0
4290,2006,10,6,1,0,3,0
4290,2006,10,6,2,0,8,0
4290,2006,10,7,1,0,30,0
4290,2006,10,7,2,0,13,0
4290,2006,10,8,1,0,35,0
4290,2006,10,8,2,0,18,0
4290,2006,10,9,1,2,127,0.015748
4290,2006,10,9,2,0,65,0
4290,2006,10,10,1,4,189,0.021164
4290,2006,10,10,2,0,83,0
4290,2006,10,11,1,0,174,0
4290,2006,10,11,2,2,63,0.031746
4290,2006,10,12,1,2,185,0.010811
4290,2006,10,12,2,2,123,0.01626
4290,2006,10,13,1,15,287,0.052265
4290,2006,10,13,2,2,162,0.012346
4290,2006,10,14,1,27,437,0.061785
4290,2006,10,14,2,9,258,0.034884
4290,2006,10,15,1,45,610,0.07377
4290,2006,10,15,2,21,405,0.051852
4290,2006,10,16,1,98,1109,0.088368
4290,2006,10,16,2,19,692,0.027457
4290,2006,10,17,1,198,1841,0.10755
4290,2006,10,17,2,66,1190,0.055462
4290,2006,10,18,1,359,2809,0.127803
4290,2006,10,18,2,107,1826,0.058598
4290,2006,10,19,1,414,3327,0.124436
4290,2006,10,19,2,137,2029,0.067521
4290,2006,10,20,1,593,4372,0.135636
4290,2006,10,20,2,281,3009,0.093387
4290,2006,10,21,1,807,6301,0.128075
4290,2006,10,21,2,500,5029,0.099423
4290,2006,10,22,1,1057,8663,0.122013
4290,2006,10,22,2,918,8490,0.108127
4290,2006,10,23,1,987,8134,0.121343
4290,2006,10,23,2,1153,10809,0.10667
4290,2006,10,24,1,486,4217,0.115248
4290,2006,10,24,2,797,8547,0.093249
4290,2006,10,25,1,91,1185,0.076793
4290,2006,10,25,2,291,4060,0.071675
4290,2007,10,1,1,4936,44025,0.112118
4290,2007,10,1,2,3904,47795,0.081682
4290,2007,10,2,1,0,149,0
4290,2007,10,2,2,0,121,0
4290,2007,10,3,1,0,16,0
4290,2007,10,3,2,0,17,0
4290,2007,10,4,1,0,7,0
4290,2007,10,4,2,0,8,0
4290,2007,10,5,1,0,1,0
4290,2007,10,5,2,0,8,0
4290,2007,10,6,1,0,5,0
4290,2007,10,6,2,0,6,0
4290,2007,10,7,1,0,20,0
4290,2007,10,7,2,0,21,0
4290,2007,10,8,1,0,29,0
4290,2007,10,8,2,0,16,0
4290,2007,10,9,1,0,141,0
4290,2007,10,9,2,0,63,0
4290,2007,10,10,1,0,196,0
4290,2007,10,10,2,0,65,0
4290,2007,10,11,1,1,212,0.004717
4290,2007,10,11,2,0,65,0
4290,2007,10,12,1,3,193,0.015544
4290,2007,10,12,2,3,92,0.032609
4290,2007,10,13,1,12,261,0.045977
4290,2007,10,13,2,3,166,0.018072
4290,2007,10,14,1,23,445,0.051685
4290,2007,10,14,2,7,262,0.026718
4290,2007,10,15,1,55,642,0.08567
4290,2007,10,15,2,16,415,0.038554
4290,2007,10,16,1,118,1081,0.109158
4290,2007,10,16,2,29,660,0.043939
4290,2007,10,17,1,201,1743,0.115318
4290,2007,10,17,2,40,1119,0.035746
4290,2007,10,18,1,344,2934,0.117246
4290,2007,10,18,2,100,1801,0.055525
4290,2007,10,19,1,421,3372,0.124852
4290,2007,10,19,2,127,2226,0.057053
4290,2007,10,20,1,498,4152,0.119942
4290,2007,10,20,2,222,2907,0.076367
4290,2007,10,21,1,732,6111,0.119784
4290,2007,10,21,2,467,5029,0.092861
4290,2007,10,22,1,1008,8405,0.119929
4290,2007,10,22,2,822,8313,0.098881
4290,2007,10,23,1,952,8199,0.116112
4290,2007,10,23,2,1075,11454,0.093854
4290,2007,10,24,1,470,4418,0.106383
4290,2007,10,24,2,729,8720,0.083601
4290,2007,10,25,1,98,1293,0.075793
4290,2007,10,25,2,264,4241,0.062249
4290,2008,10,1,1,4846,44116,0.109847
4290,2008,10,1,2,3813,47426,0.080399
4290,2008,10,2,1,0,141,0
4290,2008,10,2,2,0,131,0
4290,2008,10,3,1,0,12,0
4290,2008,10,3,2,0,12,0
4290,2008,10,4,1,0,10,0
4290,2008,10,4,2,0,7,0
4290,2008,10,5,1,0,4,0
4290,2008,10,5,2,0,3,0
4290,2008,10,6,1,0,3,0
4290,2008,10,6,2,0,7,0
4290,2008,10,7,1,0,17,0
4290,2008,10,7,2,0,11,0
4290,2008,10,8,1,0,34,0
4290,2008,10,8,2,0,26,0
4290,2008,10,9,1,0,122,0
4290,2008,10,9,2,0,62,0
4290,2008,10,10,1,0,210,0
4290,2008,10,10,2,0,65,0
4290,2008,10,11,1,1,207,0.004831
4290,2008,10,11,2,0,91,0
4290,2008,10,12,1,4,231,0.017316
4290,2008,10,12,2,0,91,0
4290,2008,10,13,1,5,254,0.019685
4290,2008,10,13,2,2,140,0.014286
4290,2008,10,14,1,27,439,0.061503
4290,2008,10,14,2,5,282,0.01773
4290,2008,10,15,1,53,601,0.088186
4290,2008,10,15,2,12,388,0.030928
4290,2008,10,16,1,83,1059,0.078376
4290,2008,10,16,2,29,671,0.043219
4290,2008,10,17,1,195,1661,0.117399
4290,2008,10,17,2,62,1092,0.056777
4290,2008,10,18,1,380,2942,0.129164
4290,2008,10,18,2,112,1866,0.060021
4290,2008,10,19,1,453,3501,0.129392
4290,2008,10,19,2,155,2277,0.068072
4290,2008,10,20,1,465,4283,0.108569
4290,2008,10,20,2,214,2820,0.075887
4290,2008,10,21,1,703,5923,0.11869
4290,2008,10,21,2,429,4731,0.090679
4290,2008,10,22,1,920,8244,0.111596
4290,2008,10,22,2,754,8042,0.093758
4290,2008,10,23,1,976,8537,0.114326
4290,2008,10,23,2,1044,11398,0.091595
4290,2008,10,24,1,469,4369,0.107347
4290,2008,10,24,2,744,8866,0.083916
4290,2008,10,25,1,112,1312,0.085366
4290,2008,10,25,2,251,4347,0.057741
4290,2009,10,1,1,4393,43753,0.100405
4290,2009,10,1,2,3529,46424,0.076017
4290,2009,10,2,1,0,148,0
4290,2009,10,2,2,0,130,0
4290,2009,10,3,1,0,23,0
4290,2009,10,3,2,0,13,0
4290,2009,10,4,1,0,15,0
4290,2009,10,4,2,0,9,0
4290,2009,10,5,1,0,12,0
4290,2009,10,5,2,0,10,0
4290,2009,10,6,1,0,4,0
4290,2009,10,6,2,0,1,0
4290,2009,10,7,1,0,28,0
4290,2009,10,7,2,0,19,0
4290,2009,10,8,1,0,37,0
4290,2009,10,8,2,0,20,0
4290,2009,10,9,1,0,109,0
4290,2009,10,9,2,0,64,0
4290,2009,10,10,1,1,207,0.004831
4290,2009,10,10,2,0,64,0
4290,2009,10,11,1,1,201,0.004975
4290,2009,10,11,2,0,65,0
4290,2009,10,12,1,4,201,0.0199
4290,2009,10,12,2,0,83,0
4290,2009,10,13,1,3,283,0.010601
4290,2009,10,13,2,3,157,0.019108
4290,2009,10,14,1,21,422,0.049763
4290,2009,10,14,2,6,265,0.022642
4290,2009,10,15,1,60,611,0.0982
4290,2009,10,15,2,13,408,0.031863
4290,2009,10,16,1,101,1035,0.097585
4290,2009,10,16,2,28,688,0.040698
4290,2009,10,17,1,166,1622,0.102343
4290,2009,10,17,2,40,1037,0.038573
4290,2009,10,18,1,290,2771,0.104655
4290,2009,10,18,2,101,1851,0.054565
4290,2009,10,19,1,398,3527,0.112844
4290,2009,10,19,2,150,2294,0.065388
4290,2009,10,20,1,474,4259,0.111294
4290,2009,10,20,2,221,3056,0.072317
4290,2009,10,21,1,588,5833,0.100806
4290,2009,10,21,2,353,4518,0.078132
4290,2009,10,22,1,840,7903,0.106289
4290,2009,10,22,2,683,7664,0.089118
4290,2009,10,23,1,875,8598,0.101768
4290,2009,10,23,2,982,11284,0.087026
4290,2009,10,24,1,454,4484,0.101249
4290,2009,10,24,2,689,8443,0.081606
4290,2009,10,25,1,117,1420,0.082394
4290,2009,10,25,2,260,4281,0.060733
4290,2010,10,1,1,4292,43919,0.097725
4290,2010,10,1,2,3183,46600,0.068305
4290,2010,10,2,1,0,160,0
4290,2010,10,2,2,0,134,0
4290,2010,10,3,1,0,13,0
4290,2010,10,3,2,0,15,0
4290,2010,10,4,1,0,8,0
4290,2010,10,4,2,0,6,0
4290,2010,10,5,1,0,7,0
4290,2010,10,5,2,0,5,0
4290,2010,10,6,1,0,8,0
4290,2010,10,6,2,0,4,0
4290,2010,10,7,1,0,13,0
4290,2010,10,7,2,0,19,0
4290,2010,10,8,1,0,25,0
4290,2010,10,8,2,0,19,0
4290,2010,10,9,1,0,110,0
4290,2010,10,9,2,0,60,0
4290,2010,10,10,1,0,209,0
4290,2010,10,10,2,1,75,0.013333
4290,2010,10,11,1,3,215,0.013953
4290,2010,10,11,2,0,72,0
4290,2010,10,12,1,1,200,0.005
4290,2010,10,12,2,2,93,0.021505
4290,2010,10,13,1,5,227,0.022026
4290,2010,10,13,2,5,134,0.037313
4290,2010,10,14,1,16,385,0.041558
4290,2010,10,14,2,5,217,0.023041
4290,2010,10,15,1,36,625,0.0576
4290,2010,10,15,2,13,374,0.034759
4290,2010,10,16,1,73,978,0.074642
4290,2010,10,16,2,28,595,0.047059
4290,2010,10,17,1,167,1554,0.107465
4290,2010,10,17,2,49,975,0.050256
4290,2010,10,18,1,329,2790,0.117921
4290,2010,10,18,2,95,1849,0.051379
4290,2010,10,19,1,381,3727,0.102227
4290,2010,10,19,2,142,2440,0.058197
4290,2010,10,20,1,457,4353,0.104985
4290,2010,10,20,2,210,3018,0.069583
4290,2010,10,21,1,627,5896,0.106343
4290,2010,10,21,2,333,4590,0.072549
4290,2010,10,22,1,803,7808,0.102843
4290,2010,10,22,2,560,7491,0.074756
4290,2010,10,23,1,859,8434,0.10185
4290,2010,10,23,2,825,11057,0.074613
4290,2010,10,24,1,432,4759,0.090775
4290,2010,10,24,2,677,9017,0.07508
4290,2010,10,25,1,103,1415,0.072792
4290,2010,10,25,2,238,4341,0.054826
4290,2011,10,1,1,3838,43596,0.088036
4290,2011,10,1,2,3087,46345,0.066609
4290,2011,10,2,1,0,128,0
4290,2011,10,2,2,0,107,0
4290,2011,10,3,1,0,18,0
4290,2011,10,3,2,0,12,0
4290,2011,10,4,1,0,3,0
4290,2011,10,4,2,0,2,0
4290,2011,10,5,1,0,8,0
4290,2011,10,5,2,0,5,0
4290,2011,10,6,1,0,8,0
4290,2011,10,6,2,0,4,0
4290,2011,10,7,1,0,22,0
4290,2011,10,7,2,0,25,0
4290,2011,10,8,1,0,22,0
4290,2011,10,8,2,0,21,0
4290,2011,10,9,1,0,112,0
4290,2011,10,9,2,0,59,0
4290,2011,10,10,1,0,204,0
4290,2011,10,10,2,0,77,0
4290,2011,10,11,1,0,199,0
4290,2011,10,11,2,0,89,0
4290,2011,10,12,1,1,204,0.004902
4290,2011,10,12,2,1,103,0.009709
4290,2011,10,13,1,2,239,0.008368
4290,2011,10,13,2,1,151,0.006623
4290,2011,10,14,1,15,378,0.039683
4290,2011,10,14,2,6,210,0.028571
4290,2011,10,15,1,40,642,0.062305
4290,2011,10,15,2,12,379,0.031662
4290,2011,10,16,1,102,912,0.111842
4290,2011,10,16,2,16,614,0.026059
4290,2011,10,17,1,153,1567,0.097639
4290,2011,10,17,2,46,954,0.048218
4290,2011,10,18,1,298,2526,0.117973
4290,2011,10,18,2,89,1687,0.052756
4290,2011,10,19,1,410,4010,0.102244
4290,2011,10,19,2,116,2417,0.047993
4290,2011,10,20,1,450,4340,0.103687
4290,2011,10,20,2,194,3057,0.063461
4290,2011,10,21,1,530,5761,0.091998
4290,2011,10,21,2,341,4345,0.078481
4290,2011,10,22,1,689,7571,0.091005
4290,2011,10,22,2,567,7422,0.076395
4290,2011,10,23,1,693,8217,0.084337
4290,2011,10,23,2,843,10764,0.078317
4290,2011,10,24,1,354,5095,0.06948
4290,2011,10,24,2,628,9304,0.067498
4290,2011,10,25,1,101,1410,0.071631
4290,2011,10,25,2,227,4537,0.050033
4290,2012,10,1,1,3856,44318,0.087008
4290,2012,10,1,2,2938,47672,0.061629
4290,2012,10,2,1,0,167,0
4290,2012,10,2,2,0,127,0
4290,2012,10,3,1,0,11,0
4290,2012,10,3,2,0,7,0
4290,2012,10,4,1,0,9,0
4290,2012,10,4,2,0,6,0
4290,2012,10,5,1,0,6,0
4290,2012,10,5,2,0,6,0
4290,2012,10,6,1,0,10,0
4290,2012,10,6,2,0,4,0
4290,2012,10,7,1,0,22,0
4290,2012,10,7,2,0,13,0
4290,2012,10,8,1,0,25,0
4290,2012,10,8,2,0,26,0
4290,2012,10,9,1,0,88,0
4290,2012,10,9,2,0,50,0
4290,2012,10,10,1,1,213,0.004695
4290,2012,10,10,2,1,68,0.014706
4290,2012,10,11,1,1,224,0.004464
4290,2012,10,11,2,0,63,0
4290,2012,10,12,1,2,195,0.010256
4290,2012,10,12,2,1,94,0.010638
4290,2012,10,13,1,6,242,0.024793
4290,2012,10,13,2,3,174,0.017241
4290,2012,10,14,1,22,355,0.061972
4290,2012,10,14,2,4,215,0.018605
4290,2012,10,15,1,44,628,0.070064
4290,2012,10,15,2,9,422,0.021327
4290,2012,10,16,1,83,905,0.091713
4290,2012,10,16,2,17,643,0.026439
4290,2012,10,17,1,136,1465,0.092833
4290,2012,10,17,2,39,935,0.041711
4290,2012,10,18,1,267,2459,0.108581
4290,2012,10,18,2,68,1593,0.042687
4290,2012,10,19,1,410,3931,0.104299
4290,2012,10,19,2,163,2736,0.059576
4290,2012,10,20,1,478,4548,0.105101
4290,2012,10,20,2,198,3115,0.063563
4290,2012,10,21,1,524,5703,0.091881
4290,2012,10,21,2,277,4528,0.061175
4290,2012,10,22,1,652,7735,0.084292
4290,2012,10,22,2,511,7412,0.068942
4290,2012,10,23,1,712,8365,0.085117
4290,2012,10,23,2,795,10795,0.073645
4290,2012,10,24,1,422,5425,0.077788
4290,2012,10,24,2,633,9853,0.064244
4290,2012,10,25,1,96,1587,0.060491
4290,2012,10,25,2,219,4787,0.045749
4290,2013,10,1,1,3518,43728,0.080452
4290,2013,10,1,2,2707,46777,0.05787
4290,2013,10,2,1,0,169,0
4290,2013,10,2,2,0,138,0
4290,2013,10,3,1,0,7,0
4290,2013,10,3,2,0,7,0
4290,2013,10,4,1,0,6,0
4290,2013,10,4,2,0,6,0
4290,2013,10,5,1,0,11,0
4290,2013,10,5,2,0,5,0
4290,2013,10,6,1,0,5,0
4290,2013,10,6,2,0,6,0
4290,2013,10,7,1,0,18,0
4290,2013,10,7,2,0,18,0
4290,2013,10,8,1,0,29,0
4290,2013,10,8,2,0,12,0
4290,2013,10,9,1,1,94,0.010638
4290,2013,10,9,2,0,42,0
4290,2013,10,10,1,0,210,0
4290,2013,10,10,2,1,82,0.012195
4290,2013,10,11,1,5,245,0.020408
4290,2013,10,11,2,1,97,0.010309
4290,2013,10,12,1,1,225,0.004444
4290,2013,10,12,2,0,87,0
4290,2013,10,13,1,8,260,0.030769
4290,2013,10,13,2,1,141,0.007092
4290,2013,10,14,1,15,338,0.044379
4290,2013,10,14,2,3,229,0.0131
4290,2013,10,15,1,26,608,0.042763
4290,2013,10,15,2,13,407,0.031941
4290,2013,10,16,1,84,945,0.088889
4290,2013,10,16,2,19,612,0.031046
4290,2013,10,17,1,137,1381,0.099203
4290,2013,10,17,2,32,977,0.032753
4290,2013,10,18,1,256,2451,0.104447
4290,2013,10,18,2,70,1539,0.045484
4290,2013,10,19,1,392,4003,0.097927
4290,2013,10,19,2,141,2736,0.051535
4290,2013,10,20,1,426,4664,0.091338
4290,2013,10,20,2,174,3229,0.053887
4290,2013,10,21,1,485,5652,0.08581
4290,2013,10,21,2,290,4481,0.064718
4290,2013,10,22,1,588,7394,0.079524
4290,2013,10,22,2,445,7287,0.061068
4290,2013,10,23,1,632,7987,0.079129
4290,2013,10,23,2,677,10179,0.066509
4290,2013,10,24,1,373,5497,0.067855
4290,2013,10,24,2,607,9696,0.062603
4290,2013,10,25,1,89,1529,0.058208
4290,2013,10,25,2,233,4764,0.048908
4290,2014,10,1,1,3275,43440,0.075391
4290,2014,10,1,2,2440,45622,0.053483
4290,2014,10,2,1,0,151,0
4290,2014,10,2,2,0,100,0
4290,2014,10,3,1,0,12,0
4290,2014,10,3,2,0,13,0
4290,2014,10,4,1,0,3,0
4290,2014,10,4,2,0,2,0
4290,2014,10,5,1,0,9,0
4290,2014,10,5,2,0,5,0
4290,2014,10,6,1,0,2,0
4290,2014,10,6,2,0,5,0
4290,2014,10,7,1,0,17,0
4290,2014,10,7,2,0,24,0
4290,2014,10,8,1,0,22,0
4290,2014,10,8,2,0,15,0
4290,2014,10,9,1,0,85,0
4290,2014,10,9,2,0,46,0
4290,2014,10,10,1,0,224,0
4290,2014,10,10,2,0,77,0
4290,2014,10,11,1,2,226,0.00885
4290,2014,10,11,2,0,87,0
4290,2014,10,12,1,1,262,0.003817
4290,2014,10,12,2,1,114,0.008772
4290,2014,10,13,1,3,229,0.0131
4290,2014,10,13,2,4,114,0.035088
4290,2014,10,14,1,16,363,0.044077
4290,2014,10,14,2,5,233,0.021459
4290,2014,10,15,1,34,614,0.055375
4290,2014,10,15,2,5,401,0.012469
4290,2014,10,16,1,70,900,0.077778
4290,2014,10,16,2,24,613,0.039152
4290,2014,10,17,1,129,1382,0.093343
4290,2014,10,17,2,38,941,0.040383
4290,2014,10,18,1,221,2299,0.096129
4290,2014,10,18,2,70,1506,0.046481
4290,2014,10,19,1,374,3963,0.094373
4290,2014,10,19,2,149,2688,0.055432
4290,2014,10,20,1,421,4826,0.087236
4290,2014,10,20,2,194,3328,0.058293
4290,2014,10,21,1,477,5782,0.082497
4290,2014,10,21,2,241,4332,0.055633
4290,2014,10,22,1,550,7238,0.075988
4290,2014,10,22,2,386,6829,0.056524
4290,2014,10,23,1,553,7866,0.070303
4290,2014,10,23,2,591,9839,0.060067
4290,2014,10,24,1,342,5375,0.063628
4290,2014,10,24,2,546,9684,0.056382
4290,2014,10,25,1,82,1590,0.051572
4290,2014,10,25,2,186,4626,0.040208
4290,2015,10,1,1,3077,44542,0.069081
4290,2015,10,1,2,2314,46460,0.049806
4290,2015,10,2,1,0,166,0
4290,2015,10,2,2,0,116,0
4290,2015,10,3,1,0,10,0
4290,2015,10,3,2,0,11,0
4290,2015,10,4,1,0,13,0
4290,2015,10,4,2,0,6,0
4290,2015,10,5,1,0,4,0
4290,2015,10,5,2,0,3,0
4290,2015,10,6,1,0,8,0
4290,2015,10,6,2,0,4,0
4290,2015,10,7,1,0,17,0
4290,2015,10,7,2,0,21,0
4290,2015,10,8,1,0,24,0
4290,2015,10,8,2,0,33,0
4290,2015,10,9,1,0,85,0
4290,2015,10,9,2,0,38,0
4290,2015,10,10,1,0,229,0
4290,2015,10,10,2,0,78,0
4290,2015,10,11,1,0,274,0
4290,2015,10,11,2,0,96,0
4290,2015,10,12,1,3,226,0.013274
4290,2015,10,12,2,0,114,0
4290,2015,10,13,1,3,257,0.011673
4290,2015,10,13,2,3,110,0.027273
4290,2015,10,14,1,16,352,0.045455
4290,2015,10,14,2,0,203,0
4290,2015,10,15,1,37,553,0.066908
4290,2015,10,15,2,13,358,0.036313
4290,2015,10,16,1,66,944,0.069915
4290,2015,10,16,2,14,557,0.025135
4290,2015,10,17,1,137,1429,0.095871
4290,2015,10,17,2,42,933,0.045016
4290,2015,10,18,1,212,2224,0.095324
4290,2015,10,18,2,58,1509,0.038436
4290,2015,10,19,1,308,3832,0.080376
4290,2015,10,19,2,145,2662,0.05447
4290,2015,10,20,1,466,5223,0.089221
4290,2015,10,20,2,170,3542,0.047995
4290,2015,10,21,1,406,5942,0.068327
4290,2015,10,21,2,233,4552,0.051186
4290,2015,10,22,1,470,7254,0.064792
4290,2015,10,22,2,380,6939,0.054763
4290,2015,10,23,1,542,8104,0.066881
4290,2015,10,23,2,525,9778,0.053692
4290,2015,10,24,1,323,5578,0.057906
4290,2015,10,24,2,517,9791,0.052804
4290,2015,10,25,1,88,1794,0.049052
4290,2015,10,25,2,214,5006,0.042749
4290,2016,10,1,1,2967,44485,0.066697
4290,2016,10,1,2,2154,46586,0.046237
4290,2016,10,2,1,0,159,0
4290,2016,10,2,2,0,136,0
4290,2016,10,3,1,0,13,0
4290,2016,10,3,2,0,10,0
4290,2016,10,4,1,0,7,0
4290,2016,10,4,2,0,6,0
4290,2016,10,5,1,0,4,0
4290,2016,10,5,2,0,6,0
4290,2016,10,6,1,0,7,0
4290,2016,10,6,2,0,7,0
4290,2016,10,7,1,0,27,0
4290,2016,10,7,2,0,22,0
4290,2016,10,8,1,0,18,0
4290,2016,10,8,2,0,27,0
4290,2016,10,9,1,1,74,0.013514
4290,2016,10,9,2,0,31,0
4290,2016,10,10,1,1,176,0.005682
4290,2016,10,10,2,0,77,0
4290,2016,10,11,1,1,257,0.003891
4290,2016,10,11,2,0,92,0
4290,2016,10,12,1,1,258,0.003876
4290,2016,10,12,2,0,107,0
4290,2016,10,13,1,2,272,0.007353
4290,2016,10,13,2,2,127,0.015748
4290,2016,10,14,1,25,367,0.06812
4290,2016,10,14,2,7,214,0.03271
4290,2016,10,15,1,35,578,0.060554
4290,2016,10,15,2,11,370,0.02973
4290,2016,10,16,1,85,908,0.093612
4290,2016,10,16,2,14,570,0.024561
4290,2016,10,17,1,143,1323,0.108088
4290,2016,10,17,2,34,906,0.037528
4290,2016,10,18,1,189,2263,0.083517
4290,2016,10,18,2,56,1488,0.037634
4290,2016,10,19,1,319,3756,0.084931
4290,2016,10,19,2,120,2491,0.048173
4290,2016,10,20,1,382,5421,0.070467
4290,2016,10,20,2,198,3870,0.051163
4290,2016,10,21,1,446,6069,0.073488
4290,2016,10,21,2,241,4610,0.052278
4290,2016,10,22,1,472,7239,0.065202
4290,2016,10,22,2,339,6719,0.050454
4290,2016,10,23,1,444,7756,0.057246
4290,2016,10,23,2,476,9729,0.048926
4290,2016,10,24,1,332,5558,0.059734
4290,2016,10,24,2,442,9706,0.045539
4290,2016,10,25,1,89,1975,0.045063
4290,2016,10,25,2,214,5265,0.040646
4290,2017,10,1,1,2840,44933,0.063205
4290,2017,10,1,2,1937,47142,0.041089
4290,2017,10,2,1,0,147,0
4290,2017,10,2,2,0,133,0
4290,2017,10,3,1,0,10,0
4290,2017,10,3,2,0,6,0
4290,2017,10,4,1,0,4,0
4290,2017,10,4,2,0,9,0
4290,2017,10,5,1,0,4,0
4290,2017,10,5,2,0,6,0
4290,2017,10,6,1,0,6,0
4290,2017,10,6,2,0,4,0
4290,2017,10,7,1,0,19,0
4290,2017,10,7,2,0,19,0
4290,2017,10,8,1,0,29,0
4290,2017,10,8,2,0,22,0
4290,2017,10,9,1,0,88,0
4290,2017,10,9,2,0,41,0
4290,2017,10,10,1,1,208,0.004808
4290,2017,10,10,2,0,65,0
4290,2017,10,11,1,1,302,0.003311
4290,2017,10,11,2,0,98,0
4290,2017,10,12,1,1,243,0.004115
4290,2017,10,12,2,2,118,0.016949
4290,2017,10,13,1,6,282,0.021277
4290,2017,10,13,2,0,123,0
4290,2017,10,14,1,12,380,0.031579
4290,2017,10,14,2,2,205,0.009756
4290,2017,10,15,1,30,542,0.055351
4290,2017,10,15,2,8,372,0.021505
4290,2017,10,16,1,83,896,0.092634
4290,2017,10,16,2,21,603,0.034826
4290,2017,10,17,1,112,1289,0.086889
4290,2017,10,17,2,26,851,0.030552
4290,2017,10,18,1,209,2192,0.095347
4290,2017,10,18,2,73,1462,0.049932
4290,2017,10,19,1,307,3488,0.088016
4290,2017,10,19,2,95,2453,0.038728
4290,2017,10,20,1,389,5449,0.071389
4290,2017,10,20,2,178,3997,0.044533
4290,2017,10,21,1,395,6172,0.063999
4290,2017,10,21,2,224,4820,0.046473
4290,2017,10,22,1,441,7286,0.060527
4290,2017,10,22,2,326,6849,0.047598
4290,2017,10,23,1,451,8087,0.055769
4290,2017,10,23,2,448,9783,0.045794
4290,2017,10,24,1,298,5723,0.052071
4290,2017,10,24,2,360,9498,0.037903
4290,2017,10,25,1,104,2087,0.049832
4290,2017,10,25,2,174,5605,0.031044
4290,2018,10,1,1,2768,45456,0.060894
4290,2018,10,1,2,1913,46794,0.040881
4290,2018,10,2,1,0,132,0
4290,2018,10,2,2,0,103,0
4290,2018,10,3,1,0,12,0
4290,2018,10,3,2,0,17,0
4290,2018,10,4,1,0,12,0
4290,2018,10,4,2,0,6,0
4290,2018,10,5,1,0,5,0
4290,2018,10,5,2,0,6,0
4290,2018,10,6,1,0,8,0
4290,2018,10,6,2,0,4,0
4290,2018,10,7,1,0,12,0
4290,2018,10,7,2,0,19,0
4290,2018,10,8,1,0,36,0
4290,2018,10,8,2,0,27,0
4290,2018,10,9,1,0,90,0
4290,2018,10,9,2,0,51,0
4290,2018,10,10,1,0,202,0
4290,2018,10,10,2,0,87,0
4290,2018,10,11,1,1,268,0.003731
4290,2018,10,11,2,0,98,0
4290,2018,10,12,1,1,247,0.004049
4290,2018,10,12,2,1,127,0.007874
4290,2018,10,13,1,1,271,0.00369
4290,2018,10,13,2,1,125,0.008
4290,2018,10,14,1,14,355,0.039437
4290,2018,10,14,2,5,200,0.025
4290,2018,10,15,1,33,505,0.065347
4290,2018,10,15,2,5,338,0.014793
4290,2018,10,16,1,82,941,0.087141
4290,2018,10,16,2,17,562,0.030249
4290,2018,10,17,1,112,1298,0.086287
4290,2018,10,17,2,29,863,0.033604
4290,2018,10,18,1,205,2165,0.094688
4290,2018,10,18,2,63,1434,0.043933
4290,2018,10,19,1,253,3551,0.071248
4290,2018,10,19,2,115,2404,0.047837
4290,2018,10,20,1,402,5578,0.072069
4290,2018,10,20,2,184,4129,0.044563
4290,2018,10,21,1,443,6526,0.067882
4290,2018,10,21,2,235,4951,0.047465
4290,2018,10,22,1,432,7565,0.057105
4290,2018,10,22,2,296,6754,0.043826
4290,2018,10,23,1,418,8038,0.052003
4290,2018,10,23,2,411,9453,0.043478
4290,2018,10,24,1,266,5617,0.047356
4290,2018,10,24,2,377,9467,0.039823
4290,2018,10,25,1,105,2022,0.051929
4290,2018,10,25,2,174,5569,0.031244
4290,2019,10,1,1,2465,44318,0.055621
4290,2019,10,1,2,1788,44885,0.039835
4290,2019,10,1,9,9,73,0.123288
4290,2019,10,2,1,0,142,0
4290,2019,10,2,2,0,109,0
4290,2019,10,3,1,0,10,0
4290,2019,10,3,2,0,14,0
4290,2019,10,4,1,0,3,0
4290,2019,10,4,2,0,3,0
4290,2019,10,5,1,0,4,0
4290,2019,10,5,2,0,10,0
4290,2019,10,6,1,0,8,0
4290,2019,10,6,2,0,6,0
4290,2019,10,7,1,0,19,0
4290,2019,10,7,2,0,15,0
4290,2019,10,8,1,0,20,0
4290,2019,10,8,2,0,21,0
4290,2019,10,9,1,1,94,0.010638
4290,2019,10,9,2,0,47,0
4290,2019,10,10,1,0,202,0
4290,2019,10,10,2,0,76,0
4290,2019,10,10,9,0,2,0
4290,2019,10,11,1,1,261,0.003831
4290,2019,10,11,2,0,108,0
4290,2019,10,12,1,1,250,0.004
4290,2019,10,12,2,1,113,0.00885
4290,2019,10,12,9,0,1,0
4290,2019,10,13,1,6,266,0.022556
4290,2019,10,13,2,0,161,0
4290,2019,10,13,9,0,2,0
4290,2019,10,14,1,12,355,0.033803
4290,2019,10,14,2,0,214,0
4290,2019,10,14,9,0,4,0
4290,2019,10,15,1,31,489,0.063395
4290,2019,10,15,2,15,333,0.045045
4290,2019,10,15,9,1,3,0.333333
4290,2019,10,16,1,75,839,0.089392
4290,2019,10,16,2,15,569,0.026362
4290,2019,10,16,9,2,5,0.4
4290,2019,10,17,1,100,1308,0.076453
4290,2019,10,17,2,31,856,0.036215
4290,2019,10,17,9,1,7,0.142857
4290,2019,10,18,1,160,2063,0.077557
4290,2019,10,18,2,45,1389,0.032397
4290,2019,10,18,9,1,9,0.111111
4290,2019,10,19,1,260,3329,0.078102
4290,2019,10,19,2,99,2139,0.046283
4290,2019,10,19,9,2,8,0.25
4290,2019,10,20,1,336,5405,0.062165
4290,2019,10,20,2,186,3887,0.047852
4290,2019,10,20,9,1,12,0.083333
4290,2019,10,21,1,394,6651,0.059239
4290,2019,10,21,2,215,4978,0.04319
4290,2019,10,21,9,0,7,0
4290,2019,10,22,1,424,7395,0.057336
4290,2019,10,22,2,301,6654,0.045236
4290,2019,10,22,9,0,3,0
4290,2019,10,23,1,365,7666,0.047613
4290,2019,10,23,2,360,8927,0.040327
4290,2019,10,23,9,1,4,0.25
4290,2019,10,24,1,221,5460,0.040476
4290,2019,10,24,2,358,8899,0.040229
4290,2019,10,24,9,0,4,0
4290,2019,10,25,1,77,2060,0.037379
4290,2019,10,25,2,162,5356,0.030246
4290,2019,10,25,9,0,2,0
4290,2020,10,1,1,2298,49712,0.046226
4290,2020,10,1,2,1487,48882,0.03042
4290,2020,10,1,9,1,58,0.017241
4290,2020,10,2,1,0,156,0
4290,2020,10,2,2,0,117,0
4290,2020,10,2,9,0,1,0
4290,2020,10,3,1,0,14,0
4290,2020,10,3,2,0,9,0
4290,2020,10,4,1,0,8,0
4290,2020,10,4,2,0,5,0
4290,2020,10,5,1,0,4,0
4290,2020,10,5,2,0,3,0
4290,2020,10,6,1,0,3,0
4290,2020,10,6,2,0,9,0
4290,2020,10,7,1,0,18,0
4290,2020,10,7,2,0,15,0
4290,2020,10,7,9,0,1,0
4290,2020,10,8,1,0,36,0
4290,2020,10,8,2,0,20,0
4290,2020,10,9,1,0,113,0
4290,2020,10,9,2,0,35,0
4290,2020,10,10,1,0,194,0
4290,2020,10,10,2,2,64,0.03125
4290,2020,10,11,1,0,258,0
4290,2020,10,11,2,0,79,0
4290,2020,10,12,1,2,254,0.007874
4290,2020,10,12,2,0,126,0
4290,2020,10,13,1,4,242,0.016529
4290,2020,10,13,2,0,161,0
4290,2020,10,14,1,11,322,0.034161
4290,2020,10,14,2,4,208,0.019231
4290,2020,10,15,1,23,510,0.045098
4290,2020,10,15,2,4,332,0.012048
4290,2020,10,15,9,0,3,0
4290,2020,10,16,1,58,911,0.063666
4290,2020,10,16,2,13,549,0.023679
4290,2020,10,16,9,0,4,0
4290,2020,10,17,1,111,1484,0.074798
4290,2020,10,17,2,36,855,0.042105
4290,2020,10,17,9,1,4,0.25
4290,2020,10,18,1,154,2198,0.070064
4290,2020,10,18,2,50,1349,0.037064
4290,2020,10,18,9,0,7,0
4290,2020,10,19,1,248,3502,0.070817
4290,2020,10,19,2,91,2212,0.041139
4290,2020,10,19,9,0,7,0
4290,2020,10,20,1,353,5731,0.061595
4290,2020,10,20,2,158,4041,0.039099
4290,2020,10,20,9,0,6,0
4290,2020,10,21,1,388,7723,0.05024
4290,2020,10,21,2,199,5736,0.034693
4290,2020,10,21,9,0,6,0
4290,2020,10,22,1,350,8663,0.040402
4290,2020,10,22,2,245,7488,0.032719
4290,2020,10,22,9,0,12,0
4290,2020,10,23,1,333,8768,0.037979
4290,2020,10,23,2,292,9731,0.030007
4290,2020,10,23,9,0,4,0
4290,2020,10,24,1,190,6274,0.030284
4290,2020,10,24,2,257,9816,0.026182
4290,2020,10,24,9,0,1,0
4290,2020,10,25,1,71,2310,0.030736
4290,2020,10,25,2,136,5921,0.022969
4290,2020,10,25,9,0,2,0
4290,2021,10,1,1,2322,46556,0.049875
4290,2021,10,1,2,1404,45523,0.030842
4290,2021,10,2,1,0,119,0
4290,2021,10,2,2,0,92,0
4290,2021,10,3,1,0,12,0
4290,2021,10,3,2,0,11,0
4290,2021,10,4,1,0,8,0
4290,2021,10,4,2,0,6,0
4290,2021,10,5,1,0,6,0
4290,2021,10,5,2,0,2,0
4290,2021,10,6,1,0,9,0
4290,2021,10,6,2,0,4,0
4290,2021,10,7,1,0,24,0
4290,2021,10,7,2,0,16,0
4290,2021,10,8,1,0,22,0
4290,2021,10,8,2,0,24,0
4290,2021,10,9,1,0,97,0
4290,2021,10,9,2,0,39,0
4290,2021,10,10,1,0,165,0
4290,2021,10,10,2,0,73,0
4290,2021,10,11,1,0,235,0
4290,2021,10,11,2,0,82,0
4290,2021,10,12,1,1,258,0.003876
4290,2021,10,12,2,1,126,0.007937
4290,2021,10,13,1,4,266,0.015038
4290,2021,10,13,2,1,159,0.006289
4290,2021,10,14,1,12,307,0.039088
4290,2021,10,14,2,2,196,0.010204
4290,2021,10,15,1,32,534,0.059925
4290,2021,10,15,2,6,325,0.018462
4290,2021,10,16,1,63,874,0.072082
4290,2021,10,16,2,10,553,0.018083
4290,2021,10,17,1,111,1380,0.080435
4290,2021,10,17,2,29,867,0.033449
4290,2021,10,18,1,178,2145,0.082984
4290,2021,10,18,2,36,1324,0.02719
4290,2021,10,19,1,240,3368,0.071259
4290,2021,10,19,2,72,2187,0.032922
4290,2021,10,20,1,343,5413,0.063366
4290,2021,10,20,2,139,3771,0.03686
4290,2021,10,21,1,392,7622,0.05143
4290,2021,10,21,2,213,5797,0.036743
4290,2021,10,22,1,345,7981,0.043228
4290,2021,10,22,2,216,6975,0.030968
4290,2021,10,23,1,341,8038,0.042423
4290,2021,10,23,2,270,8700,0.031034
4290,2021,10,24,1,186,5499,0.033824
4290,2021,10,24,2,289,8785,0.032897
4290,2021,10,25,1,74,2174,0.034039
4290,2021,10,25,2,120,5409,0.022185
4290,2022,10,1,1,2222,47558,0.046722
4290,2022,10,1,2,1457,47265,0.030826
4290,2022,10,2,1,0,122,0
4290,2022,10,2,2,0,107,0
4290,2022,10,3,1,0,12,0
4290,2022,10,3,2,0,12,0
4290,2022,10,4,1,0,4,0
4290,2022,10,4,2,0,3,0
4290,2022,10,5,1,0,9,0
4290,2022,10,5,2,0,9,0
4290,2022,10,6,1,0,9,0
4290,2022,10,6,2,0,2,0
4290,2022,10,7,1,0,22,0
4290,2022,10,7,2,0,15,0
4290,2022,10,8,1,0,26,0
4290,2022,10,8,2,0,25,0
4290,2022,10,9,1,0,98,0
4290,2022,10,9,2,0,46,0
4290,2022,10,10,1,0,182,0
4290,2022,10,10,2,0,48,0
4290,2022,10,11,1,1,219,0.004566
4290,2022,10,11,2,0,82,0
4290,2022,10,12,1,0,247,0
4290,2022,10,12,2,0,125,0
4290,2022,10,13,1,4,289,0.013841
4290,2022,10,13,2,2,131,0.015267
4290,2022,10,14,1,12,367,0.032698
4290,2022,10,14,2,5,170,0.029412
4290,2022,10,15,1,34,453,0.075055
4290,2022,10,15,2,3,302,0.009934
4290,2022,10,16,1,59,768,0.076823
4290,2022,10,16,2,13,560,0.023214
4290,2022,10,17,1,87,1354,0.064254
4290,2022,10,17,2,22,925,0.023784
4290,2022,10,18,1,162,2021,0.080158
4290,2022,10,18,2,50,1290,0.03876
4290,2022,10,19,1,210,3213,0.065359
4290,2022,10,19,2,82,2170,0.037788
4290,2022,10,20,1,318,5200,0.061154
4290,2022,10,20,2,155,3718,0.041689
4290,2022,10,21,1,384,7890,0.048669
4290,2022,10,21,2,218,6109,0.035685
4290,2022,10,22,1,383,8598,0.044545
4290,2022,10,22,2,230,7438,0.030922
4290,2022,10,23,1,286,8149,0.035096
4290,2022,10,23,2,275,9007,0.030532
4290,2022,10,24,1,210,6010,0.034942
4290,2022,10,24,2,264,9079,0.029078
4290,2022,10,25,1,72,2296,0.031359
4290,2022,10,25,2,138,5892,0.023422
4290,2023,10,1,1,2156,47559,0.045333
4290,2023,10,1,2,1383,46945,0.02946
4290,2023,10,2,1,0,122,0
4290,2023,10,2,2,0,86,0
4290,2023,10,3,1,0,6,0
4290,2023,10,3,2,0,7,0
4290,2023,10,4,1,0,4,0
4290,2023,10,4,2,0,5,0
4290,2023,10,5,1,0,9,0
4290,2023,10,5,2,0,8,0
4290,2023,10,6,1,0,8,0
4290,2023,10,6,2,0,9,0
4290,2023,10,7,1,0,20,0
4290,2023,10,7,2,0,15,0
4290,2023,10,8,1,0,34,0
4290,2023,10,8,2,0,25,0
4290,2023,10,9,1,0,93,0
4290,2023,10,9,2,1,49,0.020408
4290,2023,10,10,1,1,167,0.005988
4290,2023,10,10,2,0,80,0
4290,2023,10,11,1,1,213,0.004695
4290,2023,10,11,2,0,72,0
4290,2023,10,12,1,2,269,0.007435
4290,2023,10,12,2,0,138,0
4290,2023,10,13,1,4,298,0.013423
4290,2023,10,13,2,2,157,0.012739
4290,2023,10,14,1,9,325,0.027692
4290,2023,10,14,2,4,195,0.020513
4290,2023,10,15,1,25,481,0.051975
4290,2023,10,15,2,4,305,0.013115
4290,2023,10,16,1,52,740,0.07027
4290,2023,10,16,2,7,557,0.012567
4290,2023,10,17,1,120,1373,0.0874
4290,2023,10,17,2,20,928,0.021552
4290,2023,10,18,1,129,1960,0.065816
4290,2023,10,18,2,39,1271,0.030685
4290,2023,10,19,1,219,3144,0.069656
4290,2023,10,19,2,102,2174,0.046918
4290,2023,10,20,1,281,4973,0.056505
4290,2023,10,20,2,125,3467,0.036054
4290,2023,10,21,1,384,7989,0.048066
4290,2023,10,21,2,210,6212,0.033806
4290,2023,10,22,1,365,8740,0.041762
4290,2023,10,22,2,242,7434,0.032553
4290,2023,10,23,1,294,8410,0.034958
4290,2023,10,23,2,237,8891,0.026656
4290,2023,10,24,1,212,5833,0.036345
4290,2023,10,24,2,256,8957,0.028581
4290,2023,10,25,1,58,2348,0.024702
4290,2023,10,25,2,134,5903,0.0227
