WHOREGION	FLUSEASON	HEMISPHERE	ITZ	COUNTRY_CODE	COUNTRY_AREA_TERRITORY	ISO_WEEKSTARTDATE	ISO_YEAR	ISO_WEEK	MMWR_WEEKSTARTDATE	MMWR_YEAR	MMWR_WEEK	ORIGIN_SOURCE	SPEC_PROCESSED_NB	SPEC_RECEIVED_NB	AH1N12009	AH1	AH3	AH5	AH7N9	ANOTSUBTYPED	ANOTSUBTYPABLE	AOTHER_SUBTYPE	AOTHER_SUBTYPE_DETAILS	INF_A	BVIC_2DEL	BVIC_3DEL	BVIC_NODEL	BVIC_DELUNK	BYAM	BNOTDETERMINED	INF_B	INF_ALL	INF_NEGATIVE	ILI_ACTIVITY	ADENO	BOCA	HUMAN_CORONA	METAPNEUMO	PARAINFLUENZA	RHINO	RSV_PROCESSED	RSV	OTHERRESPVIRUS	OTHER_RESPVIRUS_DETAILS	LAB_RESULT_COMMENT	WCR_COMMENT	ISO2	ISOYW	MMWRYW	PSOURCE_SUBTYPE_INF	PSOURCE_PPOS_INF	PSOURCE_RSV
EUR	NH	NH	FLU_NTH_EUR	SWE	Sweden	2013-09-30	2013	40	2013-09-29	2013	40	NONSENTINEL	228		1	0	0			1				2			0		0	0	0	2										1					SE	201340	201340			
EUR	NH	NH	FLU_NTH_EUR	SWE	Sweden	2013-10-07	2013	41	2013-10-06	2013	41	NONSENTINEL	271		1	0	0			0				1			0		0	0	0	1										0					SE	201341	201341			
EUR	NH	NH	FLU_NTH_EUR	SWE	Sweden	2013-10-14	2013	42	2013-10-13	2013	42	NONSENTINEL	281		3	0	0			0				3			0		0	0	0	3										3					SE	201342	201342			
EUR	NH	NH	FLU_NTH_EUR	SWE	Sweden	2013-10-21	2013	43	2013-10-20	2013	43	NONSENTINEL	327		2	0	0			0				2			0		0	0	0	2										2					SE	201343	201343			
EUR	NH	NH	FLU_NTH_EUR	SWE	Sweden	2013-10-28	2013	44	2013-10-27	2013	44	NONSENTINEL	311		3	0	1			1				5			0		0	1	1	6										1					SE	201344	201344			
EUR	NH	NH	FLU_NTH_EUR	SWE	Sweden	2013-11-04	2013	45	2013-11-03	2013	45	NONSENTINEL	327		2	0	1			1				4			0		0	0	0	4										1					SE	201345	201345			
EUR	NH	NH	FLU_NTH_EUR	SWE	Sweden	2013-11-11	2013	46	2013-11-10	2013	46	NONSENTINEL	384		3	0	0			5				8			0		0	1	1	9										2					SE	201346	201346			
EUR	NH	NH	FLU_NTH_EUR	SWE	Sweden	2013-11-18	2013	47	2013-11-17	2013	47	NONSENTINEL	395		0	0	0			0				0			0		1	0	1	1										4					SE	201347	201347			
EUR	NH	NH	FLU_NTH_EUR	SWE	Sweden	2013-11-25	2013	48	2013-11-24	2013	48	NONSENTINEL	402		6	0	1			3				10			0		0	1	1	11										2					SE	201348	201348			
EUR	NH	NH	FLU_NTH_EUR	SWE	Sweden	2013-12-02	2013	49	2013-12-01	2013	49	NONSENTINEL	464		7	0	3			1				11			0		1	1	2	13										14					SE	201349	201349			
EUR	NH	NH	FLU_NTH_EUR	SWE	Sweden	2013-12-09	2013	50	2013-12-08	2013	50	NONSENTINEL	499		33	0	2			3				38			0		0	1	1	39										15					SE	201350	201350			
EUR	NH	NH	FLU_NTH_EUR	SWE	Sweden	2013-12-16	2013	51	2013-12-15	2013	51	NONSENTINEL	709		62	0	3			14				79			1		2	0	3	82										14					SE	201351	201351			
EUR	NH	NH	FLU_NTH_EUR	SWE	Sweden	2013-12-23	2013	52	2013-12-22	2013	52	NONSENTINEL	492		51	0	2			10				63			0		1	2	3	66										16					SE	201352	201352			
EUR	NH	NH	FLU_NTH_EUR	SWE	Sweden	2013-12-30	2014	1	2013-12-29	2014	1	NONSENTINEL	671		72	0	3			9				84			0		0	4	4	88										19					SE	201401	201401			
EUR	NH	NH	FLU_NTH_EUR	SWE	Sweden	2014-01-06	2014	2	2014-01-05	2014	2	NONSENTINEL	629		61	0	4			9				74			0		0	2	2	76										20					SE	201402	201402			
EUR	NH	NH	FLU_NTH_EUR	SWE	Sweden	2014-01-13	2014	3	2014-01-12	2014	3	NONSENTINEL	787		54	0	3			10				67			0		0	4	4	71										25					SE	201403	201403			
EUR	NH	NH	FLU_NTH_EUR	SWE	Sweden	2014-01-20	2014	4	2014-01-19	2014	4	NONSENTINEL	791		82	0	0			17				99			0		0	6	6	105										40					SE	201404	201404			
EUR	NH	NH	FLU_NTH_EUR	SWE	Sweden	2014-01-27	2014	5	2014-01-26	2014	5	NONSENTINEL	856		118	0	3			22				143			0		0	6	6	149										51					SE	201405	201405			
EUR	NH	NH	FLU_NTH_EUR	SWE	Sweden	2014-02-03	2014	6	2014-02-02	2014	6	NONSENTINEL	1068		184	0	15			33				232			0		0	12	12	244										69					SE	201406	201406			
EUR	NH	NH	FLU_NTH_EUR	SWE	Sweden	2014-02-10	2014	7	2014-02-09	2014	7	NONSENTINEL	1311		205	0	30			41				276			0		0	9	9	285										90					SE	201407	201407			
EUR	NH	NH	FLU_NTH_EUR	SWE	Sweden	2014-02-17	2014	8	2014-02-16	2014	8	NONSENTINEL	1447		214	0	35			32				281			0		0	16	16	297										135					SE	201408	201408			
EUR	NH	NH	FLU_NTH_EUR	SWE	Sweden	2014-02-24	2014	9	2014-02-23	2014	9	NONSENTINEL	1444		156	0	13			46				215			0		0	9	9	224										129					SE	201409	201409			
EUR	NH	NH	FLU_NTH_EUR	SWE	Sweden	2014-03-03	2014	10	2014-03-02	2014	10	NONSENTINEL	1281		140	0	14			31				185			0		0	8	8	193										140					SE	201410	201410			
EUR	NH	NH	FLU_NTH_EUR	SWE	Sweden	2014-03-10	2014	11	2014-03-09	2014	11	NONSENTINEL	1086		85	0	9			28				122			0		0	13	13	135										113					SE	201411	201411			
EUR	NH	NH	FLU_NTH_EUR	SWE	Sweden	2014-03-17	2014	12	2014-03-16	2014	12	NONSENTINEL	988		58	0	6			24				88			0		0	10	10	98										154					SE	201412	201412			
EUR	NH	NH	FLU_NTH_EUR	SWE	Sweden	2014-03-24	2014	13	2014-03-23	2014	13	NONSENTINEL	857		40	0	4			17				61			0		0	18	18	79										121					SE	201413	201413			
EUR	NH	NH	FLU_NTH_EUR	SWE	Sweden	2014-03-31	2014	14	2014-03-30	2014	14	NONSENTINEL	782		35	0	3			24				62			0		0	14	14	76										153					SE	201414	201414			
EUR	NH	NH	FLU_NTH_EUR	SWE	Sweden	2014-04-07	2014	15	2014-04-06	2014	15	NONSENTINEL	753		24	0	3			36				63			0		0	21	21	84										139					SE	201415	201415			
EUR	NH	NH	FLU_NTH_EUR	SWE	Sweden	2014-04-14	2014	16	2014-04-13	2014	16	NONSENTINEL	632		15	0	2			17				34			0		0	18	18	52										122					SE	201416	201416			
EUR	NH	NH	FLU_NTH_EUR	SWE	Sweden	2014-04-21	2014	17	2014-04-20	2014	17	NONSENTINEL	538		11	0	2			13				26			0		0	17	17	43										97					SE	201417	201417			
EUR	NH	NH	FLU_NTH_EUR	SWE	Sweden	2014-04-28	2014	18	2014-04-27	2014	18	NONSENTINEL	486		1	0	3			9				13			0		0	4	4	17										77					SE	201418	201418			
EUR	NH	NH	FLU_NTH_EUR	SWE	Sweden	2014-05-05	2014	19	2014-05-04	2014	19	NONSENTINEL	404		4	0	4			5				13			0		0	6	6	19										59					SE	201419	201419			
EUR	NH	NH	FLU_NTH_EUR	SWE	Sweden	2014-09-29	2014	40	2014-09-28	2014	40	NONSENTINEL	346		0	0	0			0				0			0		0	0	0											10					SE	201440	201440			
EUR	NH	NH	FLU_NTH_EUR	SWE	Sweden	2014-10-06	2014	41	2014-10-05	2014	41	NONSENTINEL	364		0	0	0			1				1			0		0	0	0	1										5					SE	201441	201441			
EUR	NH	NH	FLU_NTH_EUR	SWE	Sweden	2014-10-13	2014	42	2014-10-12	2014	42	NONSENTINEL	376		0	0	2			0				2			0		0	0	0	2										8					SE	201442	201442			
EUR	NH	NH	FLU_NTH_EUR	SWE	Sweden	2014-10-20	2014	43	2014-10-19	2014	43	NONSENTINEL	467		2	0	1			0				3			0		0	5	5	8										9					SE	201443	201443			
EUR	NH	NH	FLU_NTH_EUR	SWE	Sweden	2014-10-27	2014	44	2014-10-26	2014	44	NONSENTINEL	433		0	0	1			0				1			0		0	1	1	2										13					SE	201444	201444			
EUR	NH	NH	FLU_NTH_EUR	SWE	Sweden	2014-11-03	2014	45	2014-11-02	2014	45	NONSENTINEL	547		1	0	2			3				6			0		0	3	3	9										20					SE	201445	201445			
EUR	NH	NH	FLU_NTH_EUR	SWE	Sweden	2014-11-10	2014	46	2014-11-09	2014	46	NONSENTINEL	519		2	0	0			3				5			0		0	1	1	6										22					SE	201446	201446			
EUR	NH	NH	FLU_NTH_EUR	SWE	Sweden	2014-11-17	2014	47	2014-11-16	2014	47	NONSENTINEL	602		0	0	2			2				4			0		0	0	0	4										45					SE	201447	201447			
EUR	NH	NH	FLU_NTH_EUR	SWE	Sweden	2014-11-24	2014	48	2014-11-23	2014	48	NONSENTINEL	527		0	0	8			0				8			0		0	3	3	11										70					SE	201448	201448			
EUR	NH	NH	FLU_NTH_EUR	SWE	Sweden	2014-12-01	2014	49	2014-11-30	2014	49	NONSENTINEL	578		0	0	7			0				7			0		0	2	2	9										73					SE	201449	201449			
EUR	NH	NH	FLU_NTH_EUR	SWE	Sweden	2014-12-08	2014	50	2014-12-07	2014	50	NONSENTINEL	682		4	0	10			5				19			0		0	5	5	24										119					SE	201450	201450			
EUR	NH	NH	FLU_NTH_EUR	SWE	Sweden	2014-12-15	2014	51	2014-12-14	2014	51	NONSENTINEL	819		1	0	8			15				24			0		0	11	11	35										194					SE	201451	201451			
EUR	NH	NH	FLU_NTH_EUR	SWE	Sweden	2014-12-22	2014	52	2014-12-21	2014	52	NONSENTINEL	633		1	0	14			26				41			0		0	7	7	48										167					SE	201452	201452			
EUR	NH	NH	FLU_NTH_EUR	SWE	Sweden	2014-12-29	2015	1	2014-12-28	2014	53	NONSENTINEL	819		6	0	21			55				82			0		0	18	18	100										264					SE	201501	201453			
EUR	NH	NH	FLU_NTH_EUR	SWE	Sweden	2015-01-05	2015	2	2015-01-04	2015	1	NONSENTINEL	972		10	0	20			127				157			0		0	11	11	168										225					SE	201502	201501			
EUR	NH	NH	FLU_NTH_EUR	SWE	Sweden	2015-01-12	2015	3	2015-01-11	2015	2	NONSENTINEL	1169		10	0	43			161				214			0		0	25	25	239										250					SE	201503	201502			
EUR	NH	NH	FLU_NTH_EUR	SWE	Sweden	2015-01-19	2015	4	2015-01-18	2015	3	NONSENTINEL	1134		12	0	38			186				236			0		0	32	32	268										285					SE	201504	201503			
EUR	NH	NH	FLU_NTH_EUR	SWE	Sweden	2015-01-26	2015	5	2015-01-25	2015	4	NONSENTINEL	1586		21	0	71			272				364			0		0	60	60	424										425					SE	201505	201504			
EUR	NH	NH	FLU_NTH_EUR	SWE	Sweden	2015-02-02	2015	6	2015-02-01	2015	5	NONSENTINEL	1978		36	0	119			354				509			0		0	97	97	606										421					SE	201506	201505			
EUR	NH	NH	FLU_NTH_EUR	SWE	Sweden	2015-02-09	2015	7	2015-02-08	2015	6	NONSENTINEL	2636		64	0	193			521				778			0		0	169	169	947										458					SE	201507	201506			
EUR	NH	NH	FLU_NTH_EUR	SWE	Sweden	2015-02-16	2015	8	2015-02-15	2015	7	NONSENTINEL	3122		82	0	212			561				855			0		0	259	259	1114										395					SE	201508	201507			
EUR	NH	NH	FLU_NTH_EUR	SWE	Sweden	2015-02-23	2015	9	2015-02-22	2015	8	NONSENTINEL	3078		75	0	198			515				788			0		0	288	288	1076										388					SE	201509	201508			
EUR	NH	NH	FLU_NTH_EUR	SWE	Sweden	2015-03-02	2015	10	2015-03-01	2015	9	NONSENTINEL	2976		65	0	230			452				747			0		0	329	329	1076										339					SE	201510	201509			
EUR	NH	NH	FLU_NTH_EUR	SWE	Sweden	2015-03-09	2015	11	2015-03-08	2015	10	NONSENTINEL	2677		68	0	177			279				524			0		0	338	338	862										235					SE	201511	201510			
EUR	NH	NH	FLU_NTH_EUR	SWE	Sweden	2015-03-16	2015	12	2015-03-15	2015	11	NONSENTINEL	2226		44	0	137			128				309			0		0	317	317	626										206					SE	201512	201511			
EUR	NH	NH	FLU_NTH_EUR	SWE	Sweden	2015-03-23	2015	13	2015-03-22	2015	12	NONSENTINEL	2181		49	0	97			134				280			0		0	348	348	628										126					SE	201513	201512			
EUR	NH	NH	FLU_NTH_EUR	SWE	Sweden	2015-03-30	2015	14	2015-03-29	2015	13	NONSENTINEL	1892		41	0	122			64				227			0		0	375	375	602										105					SE	201514	201513			
EUR	NH	NH	FLU_NTH_EUR	SWE	Sweden	2015-04-06	2015	15	2015-04-05	2015	14	NONSENTINEL	1801		30	0	108			61				199			0		0	353	353	552										72					SE	201515	201514			
EUR	NH	NH	FLU_NTH_EUR	SWE	Sweden	2015-04-13	2015	16	2015-04-12	2015	15	NONSENTINEL	1716		17	0	66			25				108			0		0	234	234	342										63					SE	201516	201515			
EUR	NH	NH	FLU_NTH_EUR	SWE	Sweden	2015-04-20	2015	17	2015-04-19	2015	16	NONSENTINEL	1328		9	0	57			10				76			0		0	190	190	266										39					SE	201517	201516			
EUR	NH	NH	FLU_NTH_EUR	SWE	Sweden	2015-04-27	2015	18	2015-04-26	2015	17	NONSENTINEL	950		10	0	38			4				52			0		0	112	112	164										27					SE	201518	201517			
EUR	NH	NH	FLU_NTH_EUR	SWE	Sweden	2015-05-04	2015	19	2015-05-03	2015	18	NONSENTINEL	889		3	0	32			6				41			0		0	78	78	119										19					SE	201519	201518			
EUR	NH	NH	FLU_NTH_EUR	SWE	Sweden	2015-05-11	2015	20	2015-05-10	2015	19	NONSENTINEL	645		0	0	5			0				5			0		0	42	42	47										21					SE	201520	201519			
EUR	NH	NH	FLU_NTH_EUR	SWE	Sweden	2015-05-18	2015	21	2015-05-17	2015	20	NONSENTINEL	0		0	0	0			9				9			0		0	21	21	30										0					SE	201521	201520			
EUR	NH	NH	FLU_NTH_EUR	SWE	Sweden	2015-05-25	2015	22	2015-05-24	2015	21	NONSENTINEL	0		1	0	0			2				3			0		0	10	10	13										0					SE	201522	201521			
EUR	NH	NH	FLU_NTH_EUR	SWE	Sweden	2015-06-01	2015	23	2015-05-31	2015	22	NONSENTINEL	0		0	0	0			1				1			0		0	6	6	7										0					SE	201523	201522			
EUR	NH	NH	FLU_NTH_EUR	SWE	Sweden	2015-06-08	2015	24	2015-06-07	2015	23	NONSENTINEL	0		0	0	0			1				1			0		0	7	7	8										0					SE	201524	201523			
EUR	NH	NH	FLU_NTH_EUR	SWE	Sweden	2015-06-15	2015	25	2015-06-14	2015	24	NONSENTINEL	0		0	0	0			2				2			0		0	0	0	2										0					SE	201525	201524			
EUR	NH	NH	FLU_NTH_EUR	SWE	Sweden	2015-06-22	2015	26	2015-06-21	2015	25	NONSENTINEL	0		0	0	0			0				0			0		0	2	2	2										0					SE	201526	201525			
EUR	NH	NH	FLU_NTH_EUR	SWE	Sweden	2015-06-29	2015	27	2015-06-28	2015	26	NONSENTINEL	0		0	0	0			1				1			0		0	1	1	2										0					SE	201527	201526			
EUR	NH	NH	FLU_NTH_EUR	SWE	Sweden	2015-07-06	2015	28	2015-07-05	2015	27	NONSENTINEL	0		0	0	0			2				2			0		0	0	0	2										0					SE	201528	201527			
EUR	NH	NH	FLU_NTH_EUR	SWE	Sweden	2015-07-13	2015	29	2015-07-12	2015	28	NONSENTINEL	0		0	0	0			0				0			0		0	0	0											0					SE	201529	201528			
EUR	NH	NH	FLU_NTH_EUR	SWE	Sweden	2015-07-20	2015	30	2015-07-19	2015	29	NONSENTINEL	0		0	0	0			0				0			0		0	0	0											0					SE	201530	201529			
EUR	NH	NH	FLU_NTH_EUR	SWE	Sweden	2015-07-27	2015	31	2015-07-26	2015	30	NONSENTINEL	0		0	0	0			1				1			0		0	1	1	2										0					SE	201531	201530			
EUR	NH	NH	FLU_NTH_EUR	SWE	Sweden	2015-08-03	2015	32	2015-08-02	2015	31	NONSENTINEL	0		2	0	0			0				2			0		0	0	0	2										0					SE	201532	201531			
EUR	NH	NH	FLU_NTH_EUR	SWE	Sweden	2015-08-10	2015	33	2015-08-09	2015	32	NONSENTINEL	0		0	0	0			0				0			0		0	0	0											0					SE	201533	201532			
EUR	NH	NH	FLU_NTH_EUR	SWE	Sweden	2015-08-17	2015	34	2015-08-16	2015	33	NONSENTINEL	0		0	0	0			0				0			0		0	0	0											0					SE	201534	201533			
EUR	NH	NH	FLU_NTH_EUR	SWE	Sweden	2015-08-24	2015	35	2015-08-23	2015	34	NONSENTINEL	0		1	0	0			0				1			0		0	0	0	1										0					SE	201535	201534			
EUR	NH	NH	FLU_NTH_EUR	SWE	Sweden	2015-08-31	2015	36	2015-08-30	2015	35	NONSENTINEL	0		1	0	0			0				1			0		0	0	0	1										0					SE	201536	201535			
EUR	NH	NH	FLU_NTH_EUR	SWE	Sweden	2015-09-14	2015	38	2015-09-13	2015	37	NONSENTINEL	0		0	0	0			0				0			0		0	0	0											0					SE	201538	201537			
EUR	NH	NH	FLU_NTH_EUR	SWE	Sweden	2015-09-21	2015	39	2015-09-20	2015	38	NONSENTINEL	0		1	0	0			0				1			0		0	0	0	1										0					SE	201539	201538			
EUR	NH	NH	FLU_NTH_EUR	SWE	Sweden	2015-09-28	2015	40	2015-09-27	2015	39	NONSENTINEL	363		0	0	3			1				4			0		0	0	0	4										2					SE	201540	201539			
EUR	NH	NH	FLU_NTH_EUR	SWE	Sweden	2015-10-05	2015	41	2015-10-04	2015	40	NONSENTINEL	400		1	0	3			2				6			0		0	2	2	8										2					SE	201541	201540			
EUR	NH	NH	FLU_NTH_EUR	SWE	Sweden	2015-10-12	2015	42	2015-10-11	2015	41	NONSENTINEL	446		4	0	1			1				6			0		0	0	0	6										1					SE	201542	201541			
EUR	NH	NH	FLU_NTH_EUR	SWE	Sweden	2015-10-19	2015	43	2015-10-18	2015	42	NONSENTINEL	438		5	0	4			0				9			0		0	0	0	9										0					SE	201543	201542			
EUR	NH	NH	FLU_NTH_EUR	SWE	Sweden	2015-10-26	2015	44	2015-10-25	2015	43	NONSENTINEL	424		2	0	2			0				4			0		0	0	0	4										1					SE	201544	201543			
EUR	NH	NH	FLU_NTH_EUR	SWE	Sweden	2015-11-02	2015	45	2015-11-01	2015	44	NONSENTINEL	527		8	0	0			3				11			0		0	0	0	11										4					SE	201545	201544			
EUR	NH	NH	FLU_NTH_EUR	SWE	Sweden	2015-11-09	2015	46	2015-11-08	2015	45	NONSENTINEL	555		15	0	2			3				20			0		0	2	2	22										4					SE	201546	201545			
EUR	NH	NH	FLU_NTH_EUR	SWE	Sweden	2015-11-16	2015	47	2015-11-15	2015	46	NONSENTINEL	653		22	0	5			13				40			0		1	3	4	44										8					SE	201547	201546			
EUR	NH	NH	FLU_NTH_EUR	SWE	Sweden	2015-11-23	2015	48	2015-11-22	2015	47	NONSENTINEL	742		11	0	6			30				47			0		0	0	0	47										14					SE	201548	201547			
EUR	NH	NH	FLU_NTH_EUR	SWE	Sweden	2015-11-30	2015	49	2015-11-29	2015	48	NONSENTINEL	884		19	0	3			65				87			0		0	1	1	88										15					SE	201549	201548			
EUR	NH	NH	FLU_NTH_EUR	SWE	Sweden	2015-12-07	2015	50	2015-12-06	2015	49	NONSENTINEL	1036		24	0	8			88				120			1		0	2	3	123										17					SE	201550	201549			
EUR	NH	NH	FLU_NTH_EUR	SWE	Sweden	2015-12-14	2015	51	2015-12-13	2015	50	NONSENTINEL	1165		38	0	2			139				179			0		0	3	3	182										15					SE	201551	201550			
EUR	NH	NH	FLU_NTH_EUR	SWE	Sweden	2015-12-21	2015	52	2015-12-20	2015	51	NONSENTINEL	1267		96	0	4			166				266			0		0	2	2	268										43					SE	201552	201551			
EUR	NH	NH	FLU_NTH_EUR	SWE	Sweden	2015-12-28	2015	53	2015-12-27	2015	52	NONSENTINEL	1553		94	0	3			166				263			2		0	8	10	273										32					SE	201553	201552			
EUR	NH	NH	FLU_NTH_EUR	SWE	Sweden	2016-01-04	2016	1	2016-01-03	2016	1	NONSENTINEL	1689		53	0	4			207				264			0		2	10	12	276										48					SE	201601	201601			
EUR	NH	NH	FLU_NTH_EUR	SWE	Sweden	2016-01-11	2016	2	2016-01-10	2016	2	NONSENTINEL	1736		52	0	3			195				250			0		0	14	14	264										40					SE	201602	201602			
EUR	NH	NH	FLU_NTH_EUR	SWE	Sweden	2016-01-18	2016	3	2016-01-17	2016	3	NONSENTINEL	1785		97	0	0			326				423			1		0	22	23	446										55					SE	201603	201603			
EUR	NH	NH	FLU_NTH_EUR	SWE	Sweden	2016-01-25	2016	4	2016-01-24	2016	4	NONSENTINEL	2265		184	0	4			512				700			2		0	38	40	740										105					SE	201604	201604			
EUR	NH	NH	FLU_NTH_EUR	SWE	Sweden	2016-02-01	2016	5	2016-01-31	2016	5	NONSENTINEL	2939		249	0	5			609				863			7		0	42	49	912										124					SE	201605	201605			
EUR	NH	NH	FLU_NTH_EUR	SWE	Sweden	2016-02-08	2016	6	2016-02-07	2016	6	NONSENTINEL	3136		276	0	8			624				908			6		0	96	102	1010										177					SE	201606	201606			
EUR	NH	NH	FLU_NTH_EUR	SWE	Sweden	2016-02-15	2016	7	2016-02-14	2016	7	NONSENTINEL	3243		214	0	10			483				707			7		0	103	110	817										157					SE	201607	201607			
EUR	NH	NH	FLU_NTH_EUR	SWE	Sweden	2016-02-22	2016	8	2016-02-21	2016	8	NONSENTINEL	3149		195	0	10			309				514			6		0	169	175	689										213					SE	201608	201608			
EUR	NH	NH	FLU_NTH_EUR	SWE	Sweden	2016-02-29	2016	9	2016-02-28	2016	9	NONSENTINEL	2871		123	0	4			247				374			5		1	240	246	620										267					SE	201609	201609			
EUR	NH	NH	FLU_NTH_EUR	SWE	Sweden	2016-03-07	2016	10	2016-03-06	2016	10	NONSENTINEL	2396		74	0	5			167				246			0		0	267	267	513										216					SE	201610	201610			
EUR	NH	NH	FLU_NTH_EUR	SWE	Sweden	2016-03-14	2016	11	2016-03-13	2016	11	NONSENTINEL	2057		0	0	0			147				147			0		0	282	282	429										193					SE	201611	201611			
EUR	NH	NH	FLU_NTH_EUR	SWE	Sweden	2016-03-21	2016	12	2016-03-20	2016	12	NONSENTINEL	1911		0	0	0			111				111			0		0	291	291	402										221					SE	201612	201612			
EUR	NH	NH	FLU_NTH_EUR	SWE	Sweden	2016-03-28	2016	13	2016-03-27	2016	13	NONSENTINEL	1753		0	0	0			78				78			0		0	252	252	330										223					SE	201613	201613			
EUR	NH	NH	FLU_NTH_EUR	SWE	Sweden	2016-04-04	2016	14	2016-04-03	2016	14	NONSENTINEL	1486		0	0	0			43				43			0		0	179	179	222										185					SE	201614	201614			
EUR	NH	NH	FLU_NTH_EUR	SWE	Sweden	2016-04-11	2016	15	2016-04-10	2016	15	NONSENTINEL	1242		0	0	0			15				15			0		0	116	116	131										135					SE	201615	201615			
EUR	NH	NH	FLU_NTH_EUR	SWE	Sweden	2016-04-18	2016	16	2016-04-17	2016	16	NONSENTINEL	1116		0	0	0			15				15			0		0	73	73	88										147					SE	201616	201616			
EUR	NH	NH	FLU_NTH_EUR	SWE	Sweden	2016-04-25	2016	17	2016-04-24	2016	17	NONSENTINEL	972		0	0	0			5				5			0		0	54	54	59										105					SE	201617	201617			
EUR	NH	NH	FLU_NTH_EUR	SWE	Sweden	2016-05-02	2016	18	2016-05-01	2016	18	NONSENTINEL	666		0	0	0			12				12			0		0	48	48	60										78					SE	201618	201618			
EUR	NH	NH	FLU_NTH_EUR	SWE	Sweden	2016-05-09	2016	19	2016-05-08	2016	19	NONSENTINEL	680		0	0	0			6				6			0		0	32	32	38										43					SE	201619	201619			
EUR	NH	NH	FLU_NTH_EUR	SWE	Sweden	2016-05-16	2016	20	2016-05-15	2016	20	NONSENTINEL	590		0	0	0			3				3			0		0	30	30	33										45					SE	201620	201620			
EUR	NH	NH	FLU_NTH_EUR	SWE	Sweden	2016-05-23	2016	21	2016-05-22	2016	21	NONSENTINEL	0		0	0	0			3				3			0		0	12	12	15										0					SE	201621	201621			
EUR	NH	NH	FLU_NTH_EUR	SWE	Sweden	2016-05-30	2016	22	2016-05-29	2016	22	NONSENTINEL	0		0	0	0			0				0			0		0	7	7	7										0					SE	201622	201622			
EUR	NH	NH	FLU_NTH_EUR	SWE	Sweden	2016-06-06	2016	23	2016-06-05	2016	23	NONSENTINEL	0		0	0	0			4				4			0		0	1	1	5										0					SE	201623	201623			
EUR	NH	NH	FLU_NTH_EUR	SWE	Sweden	2016-06-13	2016	24	2016-06-12	2016	24	NONSENTINEL	0		0	0	0			1				1			0		0	3	3	4										0					SE	201624	201624			
EUR	NH	NH	FLU_NTH_EUR	SWE	Sweden	2016-06-20	2016	25	2016-06-19	2016	25	NONSENTINEL	0		0	0	0			1				1			0		0	0	0	1										0					SE	201625	201625			
EUR	NH	NH	FLU_NTH_EUR	SWE	Sweden	2016-06-27	2016	26	2016-06-26	2016	26	NONSENTINEL	0		0	0	0			0				0			0		0	0	0											0					SE	201626	201626			
EUR	NH	NH	FLU_NTH_EUR	SWE	Sweden	2016-07-04	2016	27	2016-07-03	2016	27	NONSENTINEL	0		0	0	0			1				1			0		0	0	0	1										0					SE	201627	201627			
EUR	NH	NH	FLU_NTH_EUR	SWE	Sweden	2016-07-11	2016	28	2016-07-10	2016	28	NONSENTINEL	0		0	0	0			2				2			0		0	0	0	2										0					SE	201628	201628			
EUR	NH	NH	FLU_NTH_EUR	SWE	Sweden	2016-07-18	2016	29	2016-07-17	2016	29	NONSENTINEL	0		0	0	0			3				3			0		0	0	0	3										0					SE	201629	201629			
EUR	NH	NH	FLU_NTH_EUR	SWE	Sweden	2016-07-25	2016	30	2016-07-24	2016	30	NONSENTINEL	0		0	0	0			0				0			0		0	0	0											0					SE	201630	201630			
EUR	NH	NH	FLU_NTH_EUR	SWE	Sweden	2016-08-01	2016	31	2016-07-31	2016	31	NONSENTINEL	0		0	0	0			0				0			0		0	0	0											0					SE	201631	201631			
EUR	NH	NH	FLU_NTH_EUR	SWE	Sweden	2016-08-08	2016	32	2016-08-07	2016	32	NONSENTINEL	0		0	0	0			1				1			0		0	0	0	1										0					SE	201632	201632			
EUR	NH	NH	FLU_NTH_EUR	SWE	Sweden	2016-08-15	2016	33	2016-08-14	2016	33	NONSENTINEL	0		0	0	0			0				0			0		0	2	2	2										0					SE	201633	201633			
EUR	NH	NH	FLU_NTH_EUR	SWE	Sweden	2016-08-22	2016	34	2016-08-21	2016	34	NONSENTINEL	0		0	0	0			1				1			0		0	2	2	3										0					SE	201634	201634			
EUR	NH	NH	FLU_NTH_EUR	SWE	Sweden	2016-08-29	2016	35	2016-08-28	2016	35	NONSENTINEL	0		0	0	0			4				4			0		0	0	0	4										0					SE	201635	201635			
EUR	NH	NH	FLU_NTH_EUR	SWE	Sweden	2016-09-05	2016	36	2016-09-04	2016	36	NONSENTINEL	0		0	0	0			6				6			0		0	1	1	7										0					SE	201636	201636			
EUR	NH	NH	FLU_NTH_EUR	SWE	Sweden	2016-09-12	2016	37	2016-09-11	2016	37	NONSENTINEL	0		0	0	0			2				2			0		0	0	0	2										0					SE	201637	201637			
EUR	NH	NH	FLU_NTH_EUR	SWE	Sweden	2016-09-19	2016	38	2016-09-18	2016	38	NONSENTINEL	0		0	0	0			2				2			0		0	0	0	2										0					SE	201638	201638			
EUR	NH	NH	FLU_NTH_EUR	SWE	Sweden	2016-09-26	2016	39	2016-09-25	2016	39	NONSENTINEL	0		0	0	0			5				5			0		0	0	0	5										0					SE	201639	201639			
EUR	NH	NH	FLU_NTH_EUR	SWE	Sweden	2016-10-03	2016	40	2016-10-02	2016	40	NONSENTINEL	527		0	0	0			13				13			0		0	0	0	13										2					SE	201640	201640			
EUR	NH	NH	FLU_NTH_EUR	SWE	Sweden	2016-10-10	2016	41	2016-10-09	2016	41	NONSENTINEL	586		0	0	0			6				6			0		0	1	1	7										2					SE	201641	201641			
EUR	NH	NH	FLU_NTH_EUR	SWE	Sweden	2016-10-17	2016	42	2016-10-16	2016	42	NONSENTINEL	674		0	0	0			4				4			0		0	0	0	4										5					SE	201642	201642			
EUR	NH	NH	FLU_NTH_EUR	SWE	Sweden	2016-10-24	2016	43	2016-10-23	2016	43	NONSENTINEL	680		0	0	0			4				4			0		0	0	0	4										10					SE	201643	201643			
EUR	NH	NH	FLU_NTH_EUR	SWE	Sweden	2016-10-31	2016	44	2016-10-30	2016	44	NONSENTINEL	622		0	0	0			7				7			0		0	1	1	8										11					SE	201644	201644			
EUR	NH	NH	FLU_NTH_EUR	SWE	Sweden	2016-11-07	2016	45	2016-11-06	2016	45	NONSENTINEL	793		0	0	0			35				35			0		0	4	4	39										19					SE	201645	201645			
EUR	NH	NH	FLU_NTH_EUR	SWE	Sweden	2016-11-14	2016	46	2016-11-13	2016	46	NONSENTINEL	917		0	0	0			59				59			0		0	2	2	61										34					SE	201646	201646			
EUR	NH	NH	FLU_NTH_EUR	SWE	Sweden	2016-11-21	2016	47	2016-11-20	2016	47	NONSENTINEL	1164		0	0	0			102				102			0		0	0	0	102										62					SE	201647	201647			
EUR	NH	NH	FLU_NTH_EUR	SWE	Sweden	2016-11-28	2016	48	2016-11-27	2016	48	NONSENTINEL	1320		0	0	0			176				176			0		0	2	2	178										82					SE	201648	201648			
EUR	NH	NH	FLU_NTH_EUR	SWE	Sweden	2016-12-05	2016	49	2016-12-04	2016	49	NONSENTINEL	1830		0	0	0			347				347			0		0	4	4	351										133					SE	201649	201649			
EUR	NH	NH	FLU_NTH_EUR	SWE	Sweden	2016-12-12	2016	50	2016-12-11	2016	50	NONSENTINEL	2387		0	0	0			530				530			0		0	5	5	535										192					SE	201650	201650			
EUR	NH	NH	FLU_NTH_EUR	SWE	Sweden	2016-12-19	2016	51	2016-12-18	2016	51	NONSENTINEL	3447		0	0	0			1049				1049			0		0	6	6	1055										302					SE	201651	201651			
EUR	NH	NH	FLU_NTH_EUR	SWE	Sweden	2016-12-26	2016	52	2016-12-25	2016	52	NONSENTINEL	3972		0	0	0			1339				1339			0		0	6	6	1345										326					SE	201652	201652			
EUR	NH	NH	FLU_NTH_EUR	SWE	Sweden	2017-01-02	2017	1	2017-01-01	2017	1	NONSENTINEL	3966		0	0	0			921				921			0		0	8	8	929										395					SE	201701	201701			
EUR	NH	NH	FLU_NTH_EUR	SWE	Sweden	2017-01-09	2017	2	2017-01-08	2017	2	NONSENTINEL	3771		0	0	0			744				744			0		0	5	5	749										359					SE	201702	201702			
EUR	NH	NH	FLU_NTH_EUR	SWE	Sweden	2017-01-16	2017	3	2017-01-15	2017	3	NONSENTINEL	3118		0	0	0			609				609			0		0	10	10	619										342					SE	201703	201703			
EUR	NH	NH	FLU_NTH_EUR	SWE	Sweden	2017-01-23	2017	4	2017-01-22	2017	4	NONSENTINEL	2923		0	0	0			638				638			0		0	7	7	645										422					SE	201704	201704			
EUR	NH	NH	FLU_NTH_EUR	SWE	Sweden	2017-01-30	2017	5	2017-01-29	2017	5	NONSENTINEL	3136		0	0	0			752				752			0		0	10	10	762										541					SE	201705	201705			
EUR	NH	NH	FLU_NTH_EUR	SWE	Sweden	2017-02-06	2017	6	2017-02-05	2017	6	NONSENTINEL	3338		0	0	0			835				835			0		0	13	13	848										552					SE	201706	201706			
EUR	NH	NH	FLU_NTH_EUR	SWE	Sweden	2017-02-13	2017	7	2017-02-12	2017	7	NONSENTINEL	3409		0	0	0			898				898			0		0	9	9	907										589					SE	201707	201707			
EUR	NH	NH	FLU_NTH_EUR	SWE	Sweden	2017-02-20	2017	8	2017-02-19	2017	8	NONSENTINEL	3761		0	0	0			915				915			0		0	19	19	934										589					SE	201708	201708			
EUR	NH	NH	FLU_NTH_EUR	SWE	Sweden	2017-02-27	2017	9	2017-02-26	2017	9	NONSENTINEL	3403		0	0	0			682				682			0		0	23	23	705										597					SE	201709	201709			
EUR	NH	NH	FLU_NTH_EUR	SWE	Sweden	2017-03-06	2017	10	2017-03-05	2017	10	NONSENTINEL	3005		0	0	0			452				452			0		0	25	25	477										483					SE	201710	201710			
EUR	NH	NH	FLU_NTH_EUR	SWE	Sweden	2017-03-13	2017	11	2017-03-12	2017	11	NONSENTINEL	2547		0	0	0			357				357			0		0	26	26	383										401					SE	201711	201711			
EUR	NH	NH	FLU_NTH_EUR	SWE	Sweden	2017-03-20	2017	12	2017-03-19	2017	12	NONSENTINEL	2143		0	0	0			263				263			0		0	35	35	298										312					SE	201712	201712			
EUR	NH	NH	FLU_NTH_EUR	SWE	Sweden	2017-03-27	2017	13	2017-03-26	2017	13	NONSENTINEL	2094		0	0	0			206				206			0		0	45	45	251										251					SE	201713	201713			
EUR	NH	NH	FLU_NTH_EUR	SWE	Sweden	2017-04-03	2017	14	2017-04-02	2017	14	NONSENTINEL	1622		0	0	0			157				157			0		0	60	60	217										171					SE	201714	201714			
EUR	NH	NH	FLU_NTH_EUR	SWE	Sweden	2017-04-10	2017	15	2017-04-09	2017	15	NONSENTINEL	1456		0	0	0			105				105			0		0	43	43	148										117					SE	201715	201715			
EUR	NH	NH	FLU_NTH_EUR	SWE	Sweden	2017-04-17	2017	16	2017-04-16	2017	16	NONSENTINEL	1320		0	0	0			59				59			0		0	44	44	103										90					SE	201716	201716			
EUR	NH	NH	FLU_NTH_EUR	SWE	Sweden	2017-04-24	2017	17	2017-04-23	2017	17	NONSENTINEL	1339		0	0	0			42				42			0		0	62	62	104										59					SE	201717	201717			
EUR	NH	NH	FLU_NTH_EUR	SWE	Sweden	2017-05-01	2017	18	2017-04-30	2017	18	NONSENTINEL	1009		0	0	0			24				24			0		0	68	68	92										24					SE	201718	201718			
EUR	NH	NH	FLU_NTH_EUR	SWE	Sweden	2017-05-08	2017	19	2017-05-07	2017	19	NONSENTINEL	1019		0	0	0			14				14			0		0	83	83	97										27					SE	201719	201719			
EUR	NH	NH	FLU_NTH_EUR	SWE	Sweden	2017-05-15	2017	20	2017-05-14	2017	20	NONSENTINEL	881		0	0	0			17				17			0		0	82	82	99										20					SE	201720	201720			
EUR	NH	NH	FLU_NTH_EUR	SWE	Sweden	2017-05-22	2017	21	2017-05-21	2017	21	NONSENTINEL	0		0	0	0			9				9			0		0	52	52	61										0					SE	201721	201721			
EUR	NH	NH	FLU_NTH_EUR	SWE	Sweden	2017-05-29	2017	22	2017-05-28	2017	22	NONSENTINEL	0		0	0	0			4				4			0		0	25	25	29										0					SE	201722	201722			
EUR	NH	NH	FLU_NTH_EUR	SWE	Sweden	2017-06-05	2017	23	2017-06-04	2017	23	NONSENTINEL	0		0	0	0			2				2			0		0	19	19	21										0					SE	201723	201723			
EUR	NH	NH	FLU_NTH_EUR	SWE	Sweden	2017-06-12	2017	24	2017-06-11	2017	24	NONSENTINEL	0		0	0	0			11				11			0		0	14	14	25										0					SE	201724	201724			
EUR	NH	NH	FLU_NTH_EUR	SWE	Sweden	2017-06-19	2017	25	2017-06-18	2017	25	NONSENTINEL	0		0	0	0			6				6			0		0	5	5	11										0					SE	201725	201725			
EUR	NH	NH	FLU_NTH_EUR	SWE	Sweden	2017-06-26	2017	26	2017-06-25	2017	26	NONSENTINEL	0		0	0	0			2				2			0		0	2	2	4										0					SE	201726	201726			
EUR	NH	NH	FLU_NTH_EUR	SWE	Sweden	2017-07-03	2017	27	2017-07-02	2017	27	NONSENTINEL	0		0	0	0			2				2			0		0	1	1	3										0					SE	201727	201727			
EUR	NH	NH	FLU_NTH_EUR	SWE	Sweden	2017-07-10	2017	28	2017-07-09	2017	28	NONSENTINEL	0		0	0	0			5				5			0		0	1	1	6										0					SE	201728	201728			
EUR	NH	NH	FLU_NTH_EUR	SWE	Sweden	2017-07-17	2017	29	2017-07-16	2017	29	NONSENTINEL	0		0	0	0			4				4			0		0	1	1	5										0					SE	201729	201729			
EUR	NH	NH	FLU_NTH_EUR	SWE	Sweden	2017-07-24	2017	30	2017-07-23	2017	30	NONSENTINEL	0		0	0	0			2				2			0		0	2	2	4										0					SE	201730	201730			
EUR	NH	NH	FLU_NTH_EUR	SWE	Sweden	2017-07-31	2017	31	2017-07-30	2017	31	NONSENTINEL	0		0	0	0			1				1			0		0	3	3	4										0					SE	201731	201731			
EUR	NH	NH	FLU_NTH_EUR	SWE	Sweden	2017-08-07	2017	32	2017-08-06	2017	32	NONSENTINEL	0		0	0	0			2				2			0		0	2	2	4										0					SE	201732	201732			
EUR	NH	NH	FLU_NTH_EUR	SWE	Sweden	2017-08-14	2017	33	2017-08-13	2017	33	NONSENTINEL	0		0	0	0			1				1			0		0	0	0	1										0					SE	201733	201733			
EUR	NH	NH	FLU_NTH_EUR	SWE	Sweden	2017-08-21	2017	34	2017-08-20	2017	34	NONSENTINEL	0		0	0	0			1				1			0		0	1	1	2										0					SE	201734	201734			
EUR	NH	NH	FLU_NTH_EUR	SWE	Sweden	2017-08-28	2017	35	2017-08-27	2017	35	NONSENTINEL	0		0	0	0			4				4			0		0	5	5	9										0					SE	201735	201735			
EUR	NH	NH	FLU_NTH_EUR	SWE	Sweden	2017-09-04	2017	36	2017-09-03	2017	36	NONSENTINEL	0		0	0	0			1				1			0		0	1	1	2										0					SE	201736	201736			
EUR	NH	NH	FLU_NTH_EUR	SWE	Sweden	2017-09-11	2017	37	2017-09-10	2017	37	NONSENTINEL	0		0	0	0			3				3			0		0	1	1	4										0					SE	201737	201737			
EUR	NH	NH	FLU_NTH_EUR	SWE	Sweden	2017-09-18	2017	38	2017-09-17	2017	38	NONSENTINEL	0		0	0	0			5				5			0		0	2	2	7										0					SE	201738	201738			
EUR	NH	NH	FLU_NTH_EUR	SWE	Sweden	2017-09-25	2017	39	2017-09-24	2017	39	NONSENTINEL	0		0	0	0			4				4			0		0	0	0	4										0					SE	201739	201739			
EUR	NH	NH	FLU_NTH_EUR	SWE	Sweden	2017-10-02	2017	40	2017-10-01	2017	40	NONSENTINEL	643		0	0	0			10				10			0		0	0	0	10										3					SE	201740	201740			
EUR	NH	NH	FLU_NTH_EUR	SWE	Sweden	2017-10-09	2017	41	2017-10-08	2017	41	NONSENTINEL	764		0	0	0			7				7			0		0	4	4	11										3					SE	201741	201741			
EUR	NH	NH	FLU_NTH_EUR	SWE	Sweden	2017-10-16	2017	42	2017-10-15	2017	42	NONSENTINEL	748		0	0	0			3				3			0		0	1	1	4										5					SE	201742	201742			
EUR	NH	NH	FLU_NTH_EUR	SWE	Sweden	2017-10-23	2017	43	2017-10-22	2017	43	NONSENTINEL	770		0	0	0			5				5			0		0	4	4	9										8					SE	201743	201743			
EUR	NH	NH	FLU_NTH_EUR	SWE	Sweden	2017-10-30	2017	44	2017-10-29	2017	44	NONSENTINEL	874		0	0	0			8				8			0		0	3	3	11										4					SE	201744	201744			
EUR	NH	NH	FLU_NTH_EUR	SWE	Sweden	2017-11-06	2017	45	2017-11-05	2017	45	NONSENTINEL	1007		0	0	0			23				23			0		0	2	2	25										8					SE	201745	201745			
EUR	NH	NH	FLU_NTH_EUR	SWE	Sweden	2017-11-13	2017	46	2017-11-12	2017	46	NONSENTINEL	1055		0	0	0			38				38			0		0	10	10	48										12					SE	201746	201746			
EUR	NH	NH	FLU_NTH_EUR	SWE	Sweden	2017-11-20	2017	47	2017-11-19	2017	47	NONSENTINEL	1351		0	0	0			48				48			0		0	20	20	68										18					SE	201747	201747			
EUR	NH	NH	FLU_NTH_EUR	SWE	Sweden	2017-11-27	2017	48	2017-11-26	2017	48	NONSENTINEL	1423		0	0	0			33				33			0		0	33	33	66										21					SE	201748	201748			
EUR	NH	NH	FLU_NTH_EUR	SWE	Sweden	2017-12-04	2017	49	2017-12-03	2017	49	NONSENTINEL	1621		0	0	0			48				48			0		0	70	70	118										33					SE	201749	201749			
EUR	NH	NH	FLU_NTH_EUR	SWE	Sweden	2017-12-11	2017	50	2017-12-10	2017	50	NONSENTINEL	2021		0	0	0			66				66			0		0	125	125	191										34					SE	201750	201750			
EUR	NH	NH	FLU_NTH_EUR	SWE	Sweden	2017-12-18	2017	51	2017-12-17	2017	51	NONSENTINEL	2239		0	0	0			125				125			0		0	212	212	337										71					SE	201751	201751			
EUR	NH	NH	FLU_NTH_EUR	SWE	Sweden	2017-12-25	2017	52	2017-12-24	2017	52	NONSENTINEL	2871		0	0	0			123				123			0		0	466	466	589										76					SE	201752	201752			
EUR	NH	NH	FLU_NTH_EUR	SWE	Sweden	2018-01-01	2018	1	2017-12-31	2018	1	NONSENTINEL	3081		0	0	0			107				107			0		0	536	536	643										123					SE	201801	201801			
EUR	NH	NH	FLU_NTH_EUR	SWE	Sweden	2018-01-08	2018	2	2018-01-07	2018	2	NONSENTINEL	3071		0	0	0			132				132			0		0	487	487	619										94					SE	201802	201802			
EUR	NH	NH	FLU_NTH_EUR	SWE	Sweden	2018-01-15	2018	3	2018-01-14	2018	3	NONSENTINEL	3131		0	0	0			156				156			0		0	578	578	734										96					SE	201803	201803			
EUR	NH	NH	FLU_NTH_EUR	SWE	Sweden	2018-01-22	2018	4	2018-01-21	2018	4	NONSENTINEL	3521		0	0	0			242				242			0		0	845	845	1087										154					SE	201804	201804			
EUR	NH	NH	FLU_NTH_EUR	SWE	Sweden	2018-01-29	2018	5	2018-01-28	2018	5	NONSENTINEL	4312		0	0	0			311				311			0		0	1155	1155	1466										205					SE	201805	201805			
EUR	NH	NH	FLU_NTH_EUR	SWE	Sweden	2018-02-05	2018	6	2018-02-04	2018	6	NONSENTINEL	5036		0	0	0			457				457			0		0	1433	1433	1890										249					SE	201806	201806			
EUR	NH	NH	FLU_NTH_EUR	SWE	Sweden	2018-02-12	2018	7	2018-02-11	2018	7	NONSENTINEL	5584		0	0	0			466				466			0		0	1693	1693	2159										257					SE	201807	201807			
EUR	NH	NH	FLU_NTH_EUR	SWE	Sweden	2018-02-19	2018	8	2018-02-18	2018	8	NONSENTINEL	5678		0	0	0			471				471			0		0	1471	1471	1942										312					SE	201808	201808			
EUR	NH	NH	FLU_NTH_EUR	SWE	Sweden	2018-02-26	2018	9	2018-02-25	2018	9	NONSENTINEL	5461		0	0	0			513				513			0		0	1229	1229	1742										304					SE	201809	201809			
EUR	NH	NH	FLU_NTH_EUR	SWE	Sweden	2018-03-05	2018	10	2018-03-04	2018	10	NONSENTINEL	5319		0	0	0			580				580			0		0	1007	1007	1587										298					SE	201810	201810			
EUR	NH	NH	FLU_NTH_EUR	SWE	Sweden	2018-03-12	2018	11	2018-03-11	2018	11	NONSENTINEL	4875		0	0	0			591				591			0		0	666	666	1257										321					SE	201811	201811			
EUR	NH	NH	FLU_NTH_EUR	SWE	Sweden	2018-03-19	2018	12	2018-03-18	2018	12	NONSENTINEL	4211		0	0	0			679				679			0		0	496	496	1175										340					SE	201812	201812			
EUR	NH	NH	FLU_NTH_EUR	SWE	Sweden	2018-03-26	2018	13	2018-03-25	2018	13	NONSENTINEL	3731		0	0	0			642				642			0		0	306	306	948										292					SE	201813	201813			
EUR	NH	NH	FLU_NTH_EUR	SWE	Sweden	2018-04-02	2018	14	2018-04-01	2018	14	NONSENTINEL	3663		0	0	0			584				584			0		0	208	208	792										287					SE	201814	201814			
EUR	NH	NH	FLU_NTH_EUR	SWE	Sweden	2018-04-09	2018	15	2018-04-08	2018	15	NONSENTINEL	3014		0	0	0			392				392			0		0	112	112	504										271					SE	201815	201815			
EUR	NH	NH	FLU_NTH_EUR	SWE	Sweden	2018-04-16	2018	16	2018-04-15	2018	16	NONSENTINEL	2384		0	0	0			270				270			0		0	58	58	328										193					SE	201816	201816			
EUR	NH	NH	FLU_NTH_EUR	SWE	Sweden	2018-04-23	2018	17	2018-04-22	2018	17	NONSENTINEL	1914		0	0	0			145				145			0		0	24	24	169										185					SE	201817	201817			
EUR	NH	NH	FLU_NTH_EUR	SWE	Sweden	2018-04-30	2018	18	2018-04-29	2018	18	NONSENTINEL	1416		0	0	0			68				68			0		0	18	18	86										133					SE	201818	201818			
EUR	NH	NH	FLU_NTH_EUR	SWE	Sweden	2018-05-07	2018	19	2018-05-06	2018	19	NONSENTINEL	1071		0	0	0			52				52			0		0	6	6	58										77					SE	201819	201819			
EUR	NH	NH	FLU_NTH_EUR	SWE	Sweden	2018-05-14	2018	20	2018-05-13	2018	20	NONSENTINEL	977		0	0	0			11				11			0		0	2	2	13										41					SE	201820	201820			
EUR	NH	NH	FLU_NTH_EUR	SWE	Sweden	2018-05-21	2018	21	2018-05-20	2018	21	NONSENTINEL	0		0	0	0			9				9			0		0	0	0	9										0					SE	201821	201821			
EUR	NH	NH	FLU_NTH_EUR	SWE	Sweden	2018-05-28	2018	22	2018-05-27	2018	22	NONSENTINEL	0		0	0	0			3				3			0		0	1	1	4										0					SE	201822	201822			
EUR	NH	NH	FLU_NTH_EUR	SWE	Sweden	2018-06-04	2018	23	2018-06-03	2018	23	NONSENTINEL	0		0	0	0			2				2			0		0	1	1	3										0					SE	201823	201823			
EUR	NH	NH	FLU_NTH_EUR	SWE	Sweden	2018-06-11	2018	24	2018-06-10	2018	24	NONSENTINEL	0		0	0	0			2				2			0		0	1	1	3										0					SE	201824	201824			
EUR	NH	NH	FLU_NTH_EUR	SWE	Sweden	2018-06-18	2018	25	2018-06-17	2018	25	NONSENTINEL	0		0	0	0			3				3			0		0	1	1	4										0					SE	201825	201825			
EUR	NH	NH	FLU_NTH_EUR	SWE	Sweden	2018-06-25	2018	26	2018-06-24	2018	26	NONSENTINEL	0		0	0	0			2				2			0		0	3	3	5										0					SE	201826	201826			
EUR	NH	NH	FLU_NTH_EUR	SWE	Sweden	2018-07-02	2018	27	2018-07-01	2018	27	NONSENTINEL	0		0	0	0			2				2			0		0	0	0	2										0					SE	201827	201827			
EUR	NH	NH	FLU_NTH_EUR	SWE	Sweden	2018-07-09	2018	28	2018-07-08	2018	28	NONSENTINEL	0		0	0	0			2				2			0		0	0	0	2										0					SE	201828	201828			
EUR	NH	NH	FLU_NTH_EUR	SWE	Sweden	2018-07-16	2018	29	2018-07-15	2018	29	NONSENTINEL	0		0	0	0			0				0			0		0	1	1	1										0					SE	201829	201829			
EUR	NH	NH	FLU_NTH_EUR	SWE	Sweden	2018-07-23	2018	30	2018-07-22	2018	30	NONSENTINEL	0		0	0	0			1				1			0		0	2	2	3										0					SE	201830	201830			
EUR	NH	NH	FLU_NTH_EUR	SWE	Sweden	2018-07-30	2018	31	2018-07-29	2018	31	NONSENTINEL	0		0	0	0			2				2			0		0	0	0	2										0					SE	201831	201831			
EUR	NH	NH	FLU_NTH_EUR	SWE	Sweden	2018-08-06	2018	32	2018-08-05	2018	32	NONSENTINEL	0		0	0	0			2				2			0		0	0	0	2										0					SE	201832	201832			
EUR	NH	NH	FLU_NTH_EUR	SWE	Sweden	2018-08-13	2018	33	2018-08-12	2018	33	NONSENTINEL	0		0	0	0			4				4			0		0	0	0	4										0					SE	201833	201833			
EUR	NH	NH	FLU_NTH_EUR	SWE	Sweden	2018-08-20	2018	34	2018-08-19	2018	34	NONSENTINEL	0		0	0	0			0				0			0		0	0	0											0					SE	201834	201834			
EUR	NH	NH	FLU_NTH_EUR	SWE	Sweden	2018-08-27	2018	35	2018-08-26	2018	35	NONSENTINEL	0		0	0	0			2				2			0		0	0	0	2										0					SE	201835	201835			
EUR	NH	NH	FLU_NTH_EUR	SWE	Sweden	2018-09-03	2018	36	2018-09-02	2018	36	NONSENTINEL	0		0	0	0			6				6			0		0	3	3	9										0					SE	201836	201836			
EUR	NH	NH	FLU_NTH_EUR	SWE	Sweden	2018-09-10	2018	37	2018-09-09	2018	37	NONSENTINEL	0		0	0	0			1				1			0		0	1	1	2										0					SE	201837	201837			
EUR	NH	NH	FLU_NTH_EUR	SWE	Sweden	2018-09-17	2018	38	2018-09-16	2018	38	NONSENTINEL	0		0	0	0			1				1			0		0	0	0	1										0					SE	201838	201838			
EUR	NH	NH	FLU_NTH_EUR	SWE	Sweden	2018-09-24	2018	39	2018-09-23	2018	39	NONSENTINEL	0		0	0	0			1				1			0		0	0	0	1										0					SE	201839	201839			
EUR	NH	NH	FLU_NTH_EUR	SWE	Sweden	2018-10-01	2018	40	2018-09-30	2018	40	NONSENTINEL	609		0	0	0			5				5			0		0	0	0	5										4					SE	201840	201840			
EUR	NH	NH	FLU_NTH_EUR	SWE	Sweden	2018-10-08	2018	41	2018-10-07	2018	41	NONSENTINEL	685		0	0	0			4				4			0		0	3	3	7										2					SE	201841	201841			
EUR	NH	NH	FLU_NTH_EUR	SWE	Sweden	2018-10-15	2018	42	2018-10-14	2018	42	NONSENTINEL	728		0	0	0			7				7			0		0	1	1	8										0					SE	201842	201842			
EUR	NH	NH	FLU_NTH_EUR	SWE	Sweden	2018-10-22	2018	43	2018-10-21	2018	43	NONSENTINEL	749		0	0	0			5				5			0		0	0	0	5										7					SE	201843	201843			
EUR	NH	NH	FLU_NTH_EUR	SWE	Sweden	2018-10-29	2018	44	2018-10-28	2018	44	NONSENTINEL	864		0	0	0			4				4			0		0	1	1	5										3					SE	201844	201844			
EUR	NH	NH	FLU_NTH_EUR	SWE	Sweden	2018-11-05	2018	45	2018-11-04	2018	45	NONSENTINEL	988		0	0	0			10				10			0		0	2	2	12										8					SE	201845	201845			
EUR	NH	NH	FLU_NTH_EUR	SWE	Sweden	2018-11-12	2018	46	2018-11-11	2018	46	NONSENTINEL	1150		0	0	0			16				16			0		0	0	0	16										18					SE	201846	201846			
EUR	NH	NH	FLU_NTH_EUR	SWE	Sweden	2018-11-19	2018	47	2018-11-18	2018	47	NONSENTINEL	1298		0	0	0			14				14			0		0	4	4	18										18					SE	201847	201847			
EUR	NH	NH	FLU_NTH_EUR	SWE	Sweden	2018-11-26	2018	48	2018-11-25	2018	48	NONSENTINEL	1569		0	0	0			48				48			0		0	2	2	50										25					SE	201848	201848			
EUR	NH	NH	FLU_NTH_EUR	SWE	Sweden	2018-12-03	2018	49	2018-12-02	2018	49	NONSENTINEL	1798		0	0	0			107				107			0		0	1	1	108										40					SE	201849	201849			
EUR	NH	NH	FLU_NTH_EUR	SWE	Sweden	2018-12-10	2018	50	2018-12-09	2018	50	NONSENTINEL	2057		0	0	0			229				229			0		0	1	1	230										82					SE	201850	201850			
EUR	NH	NH	FLU_NTH_EUR	SWE	Sweden	2018-12-17	2018	51	2018-12-16	2018	51	NONSENTINEL	2780		0	0	0			422				422			0		0	1	1	423										115					SE	201851	201851			
EUR	NH	NH	FLU_NTH_EUR	SWE	Sweden	2018-12-24	2018	52	2018-12-23	2018	52	NONSENTINEL	2993		0	0	0			769				769			0		0	0	0	769										140					SE	201852	201852			
EUR	NH	NH	FLU_NTH_EUR	SWE	Sweden	2018-12-31	2019	1	2018-12-30	2019	1	NONSENTINEL	3658		0	0	0			796				796			0		0	1	1	797										231					SE	201901	201901			
EUR	NH	NH	FLU_NTH_EUR	SWE	Sweden	2019-01-07	2019	2	2019-01-06	2019	2	NONSENTINEL	3884		0	0	0			713				713			0		0	2	2	715										209					SE	201902	201902			
EUR	NH	NH	FLU_NTH_EUR	SWE	Sweden	2019-01-14	2019	3	2019-01-13	2019	3	NONSENTINEL	3609		0	0	0			703				703			0		0	1	1	704										220					SE	201903	201903			
EUR	NH	NH	FLU_NTH_EUR	SWE	Sweden	2019-01-21	2019	4	2019-01-20	2019	4	NONSENTINEL	3696		0	0	0			883				883			0		0	1	1	884										329					SE	201904	201904			
EUR	NH	NH	FLU_NTH_EUR	SWE	Sweden	2019-01-28	2019	5	2019-01-27	2019	5	NONSENTINEL	4365		0	0	0			1164				1164			0		0	9	9	1173										471					SE	201905	201905			
EUR	NH	NH	FLU_NTH_EUR	SWE	Sweden	2019-02-04	2019	6	2019-02-03	2019	6	NONSENTINEL	4864		0	0	0			1290				1290			0		0	6	6	1296										566					SE	201906	201906			
EUR	NH	NH	FLU_NTH_EUR	SWE	Sweden	2019-02-11	2019	7	2019-02-10	2019	7	NONSENTINEL	4894		0	0	0			1192				1192			0		0	9	9	1201										680					SE	201907	201907			
EUR	NH	NH	FLU_NTH_EUR	SWE	Sweden	2019-02-18	2019	8	2019-02-17	2019	8	NONSENTINEL	4555		0	0	0			959				959			0		0	2	2	961										688					SE	201908	201908			
EUR	NH	NH	FLU_NTH_EUR	SWE	Sweden	2019-02-25	2019	9	2019-02-24	2019	9	NONSENTINEL	4241		0	0	0			728				728			0		0	3	3	731										669					SE	201909	201909			
EUR	NH	NH	FLU_NTH_EUR	SWE	Sweden	2019-03-04	2019	10	2019-03-03	2019	10	NONSENTINEL	3735		0	0	0			571				571			0		0	7	7	578										587					SE	201910	201910			
EUR	NH	NH	FLU_NTH_EUR	SWE	Sweden	2019-03-11	2019	11	2019-03-10	2019	11	NONSENTINEL	3437		0	0	0			508				508			0		0	5	5	513										560					SE	201911	201911			
EUR	NH	NH	FLU_NTH_EUR	SWE	Sweden	2019-03-18	2019	12	2019-03-17	2019	12	NONSENTINEL	2996		0	0	0			467				467			0		0	2	2	469										406					SE	201912	201912			
EUR	NH	NH	FLU_NTH_EUR	SWE	Sweden	2019-03-25	2019	13	2019-03-24	2019	13	NONSENTINEL	2746		0	0	0			385				385			0		0	3	3	388										322					SE	201913	201913			
EUR	NH	NH	FLU_NTH_EUR	SWE	Sweden	2019-04-01	2019	14	2019-03-31	2019	14	NONSENTINEL	2675		0	0	0			368				368			0		0	4	4	372										279					SE	201914	201914			
EUR	NH	NH	FLU_NTH_EUR	SWE	Sweden	2019-04-08	2019	15	2019-04-07	2019	15	NONSENTINEL	2543		0	0	0			364				364			0		0	4	4	368										236					SE	201915	201915			
EUR	NH	NH	FLU_NTH_EUR	SWE	Sweden	2019-04-15	2019	16	2019-04-14	2019	16	NONSENTINEL	2338		0	0	0			325				325			0		0	2	2	327										148					SE	201916	201916			
EUR	NH	NH	FLU_NTH_EUR	SWE	Sweden	2019-04-22	2019	17	2019-04-21	2019	17	NONSENTINEL	2184		0	0	0			295				295			0		0	8	8	303										108					SE	201917	201917			
EUR	NH	NH	FLU_NTH_EUR	SWE	Sweden	2019-04-29	2019	18	2019-04-28	2019	18	NONSENTINEL	1792		0	0	0			154				154			0		0	0	0	154										75					SE	201918	201918			
EUR	NH	NH	FLU_NTH_EUR	SWE	Sweden	2019-05-06	2019	19	2019-05-05	2019	19	NONSENTINEL	1509		0	0	0			86				86			0		0	4	4	90										41					SE	201919	201919			
EUR	NH	NH	FLU_NTH_EUR	SWE	Sweden	2019-05-13	2019	20	2019-05-12	2019	20	NONSENTINEL	1334		0	0	0			73				73			0		0	4	4	77										25					SE	201920	201920			
EUR	NH	NH	FLU_NTH_EUR	SWE	Sweden	2019-05-20	2019	21	2019-05-19	2019	21	NONSENTINEL	0		0	0	0			57				57			0		0	3	3	60										0					SE	201921	201921			
EUR	NH	NH	FLU_NTH_EUR	SWE	Sweden	2019-05-27	2019	22	2019-05-26	2019	22	NONSENTINEL	0		0	0	0			27				27			0		0	3	3	30										0					SE	201922	201922			
EUR	NH	NH	FLU_NTH_EUR	SWE	Sweden	2019-06-03	2019	23	2019-06-02	2019	23	NONSENTINEL	0		0	0	0			16				16			0		0	3	3	19										0					SE	201923	201923			
EUR	NH	NH	FLU_NTH_EUR	SWE	Sweden	2019-06-10	2019	24	2019-06-09	2019	24	NONSENTINEL	0		0	0	0			11				11			0		0	2	2	13										0					SE	201924	201924			
EUR	NH	NH	FLU_NTH_EUR	SWE	Sweden	2019-06-17	2019	25	2019-06-16	2019	25	NONSENTINEL	0		0	0	0			2				2			0		0	2	2	4										0					SE	201925	201925			
EUR	NH	NH	FLU_NTH_EUR	SWE	Sweden	2019-06-24	2019	26	2019-06-23	2019	26	NONSENTINEL	0		0	0	0			3				3			0		0	0	0	3										0					SE	201926	201926			
EUR	NH	NH	FLU_NTH_EUR	SWE	Sweden	2019-07-01	2019	27	2019-06-30	2019	27	NONSENTINEL	0		0	0	0			2				2			0		0	0	0	2										0					SE	201927	201927			
EUR	NH	NH	FLU_NTH_EUR	SWE	Sweden	2019-07-08	2019	28	2019-07-07	2019	28	NONSENTINEL	0		0	0	0			1				1			0		0	0	0	1										0					SE	201928	201928			
EUR	NH	NH	FLU_NTH_EUR	SWE	Sweden	2019-07-15	2019	29	2019-07-14	2019	29	NONSENTINEL	0		0	0	0			1				1			0		0	3	3	4										0					SE	201929	201929			
EUR	NH	NH	FLU_NTH_EUR	SWE	Sweden	2019-07-22	2019	30	2019-07-21	2019	30	NONSENTINEL	0		0	0	0			6				6			0		0	0	0	6										0					SE	201930	201930			
EUR	NH	NH	FLU_NTH_EUR	SWE	Sweden	2019-07-29	2019	31	2019-07-28	2019	31	NONSENTINEL	0		0	0	0			4				4			0		0	1	1	5										0					SE	201931	201931			
EUR	NH	NH	FLU_NTH_EUR	SWE	Sweden	2019-08-05	2019	32	2019-08-04	2019	32	NONSENTINEL	0		0	0	0			1				1			0		0	0	0	1										0					SE	201932	201932			
EUR	NH	NH	FLU_NTH_EUR	SWE	Sweden	2019-08-12	2019	33	2019-08-11	2019	33	NONSENTINEL	0		0	0	0			4				4			0		0	0	0	4										0					SE	201933	201933			
EUR	NH	NH	FLU_NTH_EUR	SWE	Sweden	2019-08-19	2019	34	2019-08-18	2019	34	NONSENTINEL	0		0	0	0			10				10			0		0	3	3	13										0					SE	201934	201934			
EUR	NH	NH	FLU_NTH_EUR	SWE	Sweden	2019-08-26	2019	35	2019-08-25	2019	35	NONSENTINEL	0		0	0	0			8				8			0		0	3	3	11										0					SE	201935	201935			
EUR	NH	NH	FLU_NTH_EUR	SWE	Sweden	2019-09-02	2019	36	2019-09-01	2019	36	NONSENTINEL	0		0	0	0			3				3			0		0	1	1	4										0					SE	201936	201936			
EUR	NH	NH	FLU_NTH_EUR	SWE	Sweden	2019-09-09	2019	37	2019-09-08	2019	37	NONSENTINEL	0		0	0	0			3				3			0		0	1	1	4										0					SE	201937	201937			
EUR	NH	NH	FLU_NTH_EUR	SWE	Sweden	2019-09-16	2019	38	2019-09-15	2019	38	NONSENTINEL	0		0	0	0			2				2			0		0	1	1	3										0					SE	201938	201938			
EUR	NH	NH	FLU_NTH_EUR	SWE	Sweden	2019-09-23	2019	39	2019-09-22	2019	39	NONSENTINEL	0		0	0	0			2				2			0		0	0	0	2										0					SE	201939	201939			
EUR	NH	NH	FLU_NTH_EUR	SWE	Sweden	2019-09-30	2019	40	2019-09-29	2019	40	NONSENTINEL	649		0	0	1			0				1			1		0	0	1	2										1					SE	201940	201940			
EUR	NH	NH	FLU_NTH_EUR	SWE	Sweden	2019-10-07	2019	41	2019-10-06	2019	41	NONSENTINEL	701		0	0	3			1				4			0		0	0	0	4										2					SE	201941	201941			
EUR	NH	NH	FLU_NTH_EUR	SWE	Sweden	2019-10-14	2019	42	2019-10-13	2019	42	NONSENTINEL	714		1	0	2			4				7			0		0	1	1	8										3					SE	201942	201942			
EUR	NH	NH	FLU_NTH_EUR	SWE	Sweden	2019-10-21	2019	43	2019-10-20	2019	43	NONSENTINEL	834		0	0	2			2				4			1		0	1	2	6										2					SE	201943	201943			
EUR	NH	NH	FLU_NTH_EUR	SWE	Sweden	2019-10-28	2019	44	2019-10-27	2019	44	NONSENTINEL	890		4	0	2			6				12			0		0	0	0	12										4					SE	201944	201944			
EUR	NH	NH	FLU_NTH_EUR	SWE	Sweden	2019-11-04	2019	45	2019-11-03	2019	45	NONSENTINEL	1021		4	0	5			10				19			4		0	1	5	24										5					SE	201945	201945			
EUR	NH	NH	FLU_NTH_EUR	SWE	Sweden	2019-11-11	2019	46	2019-11-10	2019	46	NONSENTINEL	1199		23	0	1			21				45			0		0	1	1	46										6					SE	201946	201946			
EUR	NH	NH	FLU_NTH_EUR	SWE	Sweden	2019-11-18	2019	47	2019-11-17	2019	47	NONSENTINEL	1339		8	0	3			44				55			6		0	4	10	65										11					SE	201947	201947			
EUR	NH	NH	FLU_NTH_EUR	SWE	Sweden	2019-11-25	2019	48	2019-11-24	2019	48	NONSENTINEL	1550		4	0	4			53				61			2		0	9	11	72										15					SE	201948	201948			
EUR	NH	NH	FLU_NTH_EUR	SWE	Sweden	2019-12-02	2019	49	2019-12-01	2019	49	NONSENTINEL	1854		2	0	11			104				117			2		0	14	16	133										24					SE	201949	201949			
EUR	NH	NH	FLU_NTH_EUR	SWE	Sweden	2019-12-09	2019	50	2019-12-08	2019	50	NONSENTINEL	2172		8	0	12			142				162			1		0	22	23	185										42					SE	201950	201950			
EUR	NH	NH	FLU_NTH_EUR	SWE	Sweden	2019-12-16	2019	51	2019-12-15	2019	51	NONSENTINEL	2498		17	0	14			198				229			3		0	47	50	279										43					SE	201951	201951			
EUR	NH	NH	FLU_NTH_EUR	SWE	Sweden	2019-12-23	2019	52	2019-12-22	2019	52	NONSENTINEL	2396		17	0	17			231				265			3		0	48	51	316										51					SE	201952	201952			
EUR	NH	NH	FLU_NTH_EUR	SWE	Sweden	2019-12-30	2020	1	2019-12-29	2020	1	NONSENTINEL	2653		14		34			276				324			9		0	73	82	406									2697	79					SE	202001	202001			
EUR	NH	NH	FLU_NTH_EUR	SWE	Sweden	2020-01-06	2020	2	2020-01-05	2020	2	NONSENTINEL	2739		16		21			242				279			8		0	76	84	363									2735	49					SE	202002	202002			
EUR	NH	NH	FLU_NTH_EUR	SWE	Sweden	2020-01-13	2020	3	2020-01-12	2020	3	NONSENTINEL	2461		12		16			179				207			4		0	78	82	289									2414	66					SE	202003	202003			
EUR	NH	NH	FLU_NTH_EUR	SWE	Sweden	2020-01-20	2020	4	2020-01-19	2020	4	NONSENTINEL	2563		6		21			208				235			7		0	104	111	346									2471	91					SE	202004	202004			
EUR	NH	NH	FLU_NTH_EUR	SWE	Sweden	2020-01-27	2020	5	2020-01-26	2020	5	NONSENTINEL	2684		24		21			250				295			8		0	176	184	479									2660	131					SE	202005	202005			
EUR	NH	NH	FLU_NTH_EUR	SWE	Sweden	2020-02-03	2020	6	2020-02-02	2020	6	NONSENTINEL	2806		15		27			290				332			18		0	219	237	569									2724	122					SE	202006	202006			
EUR	NH	NH	FLU_NTH_EUR	SWE	Sweden	2020-02-10	2020	7	2020-02-09	2020	7	NONSENTINEL	3038		16		42			374				432			9		0	261	270	702									3000	122					SE	202007	202007			
EUR	NH	NH	FLU_NTH_EUR	SWE	Sweden	2020-02-17	2020	8	2020-02-16	2020	8	NONSENTINEL	3178		14		47			385				446			16		0	235	251	697									2922	131					SE	202008	202008			
EUR	NH	NH	FLU_NTH_EUR	SWE	Sweden	2020-02-24	2020	9	2020-02-23	2020	9	NONSENTINEL	3481		16		53			438				507			14		0	290	304	811									3534	162					SE	202009	202009			
EUR	NH	NH	FLU_NTH_EUR	SWE	Sweden	2020-03-02	2020	10	2020-03-01	2020	10	NONSENTINEL	4048		12		38			524				574			4		0	302	306	880									4022	201					SE	202010	202010			
EUR	NH	NH	FLU_NTH_EUR	SWE	Sweden	2020-03-09	2020	11	2020-03-08	2020	11	NONSENTINEL	4274		16		39			431				486			2		0	216	218	704									4230	197					SE	202011	202011			
EUR	NH	NH	FLU_NTH_EUR	SWE	Sweden	2020-03-16	2020	12	2020-03-15	2020	12	NONSENTINEL	4784		6		25			201				232			0		0	111	111	343									4287	200					SE	202012	202012			
EUR	NH	NH	FLU_NTH_EUR	SWE	Sweden	2020-03-23	2020	13	2020-03-22	2020	13	NONSENTINEL	4674		7		3			70				80			1		0	45	46	126									4369	114					SE	202013	202013			
EUR	NH	NH	FLU_NTH_EUR	SWE	Sweden	2020-03-30	2020	14	2020-03-29	2020	14	NONSENTINEL	3946		2		3			10				15			0		0	18	18	33									3823	60					SE	202014	202014			
EUR	NH	NH	FLU_NTH_EUR	SWE	Sweden	2020-04-06	2020	15	2020-04-05	2020	15	NONSENTINEL	3076		0		1			1				2			0		0	9	9	11									2876	33					SE	202015	202015			
EUR	NH	NH	FLU_NTH_EUR	SWE	Sweden	2020-04-13	2020	16	2020-04-12	2020	16	NONSENTINEL	2226		0		0			0				0			0		0	7	7	7									1873	10					SE	202016	202016			
EUR	NH	NH	FLU_NTH_EUR	SWE	Sweden	2020-04-20	2020	17	2020-04-19	2020	17	NONSENTINEL	1868		0		0			3				3			0		0	2	2	5									1800	6					SE	202017	202017			
EUR	NH	NH	FLU_NTH_EUR	SWE	Sweden	2020-04-27	2020	18	2020-04-26	2020	18	NONSENTINEL	1400		0		0			1				1			0		0	4	4	5									1354	1					SE	202018	202018			
EUR	NH	NH	FLU_NTH_EUR	SWE	Sweden	2020-05-04	2020	19	2020-05-03	2020	19	NONSENTINEL	1217		0		0			0				0			0			0	0										1150	3					SE	202019	202019			
EUR	NH	NH	FLU_NTH_EUR	SWE	Sweden	2020-05-11	2020	20	2020-05-10	2020	20	NONSENTINEL	872		0	0	0			0				0			0		0	0	0											1					SE	202020	202020			
EUR	NH	NH	FLU_NTH_EUR	SWE	Sweden	2020-05-18	2020	21	2020-05-17	2020	21	NONSENTINEL			0		0			0				0			0		0	0	0										0						SE	202021	202021			
EUR	NH	NH	FLU_NTH_EUR	SWE	Sweden	2020-05-25	2020	22	2020-05-24	2020	22	NONSENTINEL			0		0			1				1			0		0	0	0	1									0						SE	202022	202022			
EUR	NH	NH	FLU_NTH_EUR	SWE	Sweden	2020-06-01	2020	23	2020-05-31	2020	23	NONSENTINEL			0		0			0				0			0		0	0	0										0						SE	202023	202023			
EUR	NH	NH	FLU_NTH_EUR	SWE	Sweden	2020-06-08	2020	24	2020-06-07	2020	24	NONSENTINEL			0		0			0				0			0		0	0	0										0						SE	202024	202024			
EUR	NH	NH	FLU_NTH_EUR	SWE	Sweden	2020-06-15	2020	25	2020-06-14	2020	25	NONSENTINEL			0		0			1				1			0		0	1	1	2									0						SE	202025	202025			
EUR	NH	NH	FLU_NTH_EUR	SWE	Sweden	2020-06-22	2020	26	2020-06-21	2020	26	NONSENTINEL			0		0			0				0			0		0	0	0										0						SE	202026	202026			
EUR	NH	NH	FLU_NTH_EUR	SWE	Sweden	2020-06-29	2020	27	2020-06-28	2020	27	NONSENTINEL			0		0			0				0			0		0	0	0										0						SE	202027	202027			
EUR	NH	NH	FLU_NTH_EUR	SWE	Sweden	2020-07-06	2020	28	2020-07-05	2020	28	NONSENTINEL			0		0			0				0			0		0	0	0										0						SE	202028	202028			
EUR	NH	NH	FLU_NTH_EUR	SWE	Sweden	2020-07-13	2020	29	2020-07-12	2020	29	NONSENTINEL			0		0			0				0			0		0	0	0										0						SE	202029	202029			
EUR	NH	NH	FLU_NTH_EUR	SWE	Sweden	2020-07-20	2020	30	2020-07-19	2020	30	NONSENTINEL			0		0			0				0			0		0	0	0										0						SE	202030	202030			
EUR	NH	NH	FLU_NTH_EUR	SWE	Sweden	2020-07-27	2020	31	2020-07-26	2020	31	NONSENTINEL			0		0			0				0			0		0	0	0										0						SE	202031	202031			
EUR	NH	NH	FLU_NTH_EUR	SWE	Sweden	2020-08-03	2020	32	2020-08-02	2020	32	NONSENTINEL			0		0			0				0			0		0	0	0										0						SE	202032	202032			
EUR	NH	NH	FLU_NTH_EUR	SWE	Sweden	2020-08-10	2020	33	2020-08-09	2020	33	NONSENTINEL			0		0			0				0			0		0	0	0										0						SE	202033	202033			
EUR	NH	NH	FLU_NTH_EUR	SWE	Sweden	2020-08-17	2020	34	2020-08-16	2020	34	NONSENTINEL			0		0			0				0			0		0	0	0										0						SE	202034	202034			
EUR	NH	NH	FLU_NTH_EUR	SWE	Sweden	2020-08-24	2020	35	2020-08-23	2020	35	NONSENTINEL			0		0			0				0			0		0	0	0										0						SE	202035	202035			
EUR	NH	NH	FLU_NTH_EUR	SWE	Sweden	2020-08-31	2020	36	2020-08-30	2020	36	NONSENTINEL			0		0			0				0			0		0	0	0										0						SE	202036	202036			
EUR	NH	NH	FLU_NTH_EUR	SWE	Sweden	2020-09-07	2020	37	2020-09-06	2020	37	NONSENTINEL			0		0			0				0			0		0	0	0										0						SE	202037	202037			
EUR	NH	NH	FLU_NTH_EUR	SWE	Sweden	2020-09-14	2020	38	2020-09-13	2020	38	NONSENTINEL			0		0			0				0			0		0	0	0										0						SE	202038	202038			
EUR	NH	NH	FLU_NTH_EUR	SWE	Sweden	2020-09-21	2020	39	2020-09-20	2020	39	NONSENTINEL			0		0			0				0			0		0	0	0										0						SE	202039	202039			
EUR	NH	NH	FLU_NTH_EUR	SWE	Sweden	2020-09-28	2020	40	2020-09-27	2020	40	NONSENTINEL	359		0		0			0				0			0		0	0	0		359								325	0					SE	202040	202040			
EUR	NH	NH	FLU_NTH_EUR	SWE	Sweden	2020-10-05	2020	41	2020-10-04	2020	41	NONSENTINEL	388		0		0			0				0			0		0	0	0		388								355	1					SE	202041	202041			
EUR	NH	NH	FLU_NTH_EUR	SWE	Sweden	2020-10-12	2020	42	2020-10-11	2020	42	NONSENTINEL	461		0		0			0				0			0		0	0	0		461								391	0					SE	202042	202042			
EUR	NH	NH	FLU_NTH_EUR	SWE	Sweden	2020-10-19	2020	43	2020-10-18	2020	43	NONSENTINEL	492		0		0			0				0			0		0	0	0		492								396	0					SE	202043	202043			
EUR	NH	NH	FLU_NTH_EUR	SWE	Sweden	2020-10-26	2020	44	2020-10-25	2020	44	NONSENTINEL	534		0		0			0				0			0		0	0	0		534								441	0					SE	202044	202044			
EUR	NH	NH	FLU_NTH_EUR	SWE	Sweden	2020-11-02	2020	45	2020-11-01	2020	45	NONSENTINEL	654		0		0			0				0			0		0	2	2	2	652								527	0					SE	202045	202045			
EUR	NH	NH	FLU_NTH_EUR	SWE	Sweden	2020-11-09	2020	46	2020-11-08	2020	46	NONSENTINEL	687		0		0			0				0			0		0	1	1	1	686								547	0					SE	202046	202046			
EUR	NH	NH	FLU_NTH_EUR	SWE	Sweden	2020-11-16	2020	47	2020-11-15	2020	47	NONSENTINEL	722		0		0			0				0			0		0	0	0		722								578	1					SE	202047	202047			
EUR	NH	NH	FLU_NTH_EUR	SWE	Sweden	2020-11-23	2020	48	2020-11-22	2020	48	NONSENTINEL	824		0		1			0				1			1		0	2	3	4	820								656	2					SE	202048	202048			
EUR	NH	NH	FLU_NTH_EUR	SWE	Sweden	2020-11-30	2020	49	2020-11-29	2020	49	NONSENTINEL	1889		0		0			0				0			1		0	0	1	1	1888								952	0					SE	202049	202049			
EUR	NH	NH	FLU_NTH_EUR	SWE	Sweden	2020-12-07	2020	50	2020-12-06	2020	50	NONSENTINEL	4624		0		0			0				0			0		0	0	0		4624								2549	1					SE	202050	202050			
EUR	NH	NH	FLU_NTH_EUR	SWE	Sweden	2020-12-14	2020	51	2020-12-13	2020	51	NONSENTINEL	4790		0		0			1				1			0		0	0	0	1	4789								2932	0					SE	202051	202051			
EUR	NH	NH	FLU_NTH_EUR	SWE	Sweden	2020-12-21	2020	52	2020-12-20	2020	52	NONSENTINEL	3590		0		0			0				0			0		0	0	0		3590								2305	1					SE	202052	202052			
EUR	NH	NH	FLU_NTH_EUR	SWE	Sweden	2020-12-28	2020	53	2020-12-27	2020	53	NONSENTINEL	3769		0		0			0				0			0		0	0	0		3769								2196	1					SE	202053	202053			
EUR	NH	NH	FLU_NTH_EUR	SWE	Sweden	2021-01-04	2021	1	2021-01-03	2021	1	NONSENTINEL	3395		0		1			0				1			0		0	0	0	1	3394								3752	0					SE	202101	202101			
EUR	NH	NH	FLU_NTH_EUR	SWE	Sweden	2021-01-11	2021	2	2021-01-10	2021	2	NONSENTINEL	4419		0		0			0				0			0		0	0	0		4419								4300	0					SE	202102	202102			
EUR	NH	NH	FLU_NTH_EUR	SWE	Sweden	2021-01-18	2021	3	2021-01-17	2021	3	NONSENTINEL	3890		0		1			1				2			0		0	1	1	3	3887								3366	0					SE	202103	202103			
EUR	NH	NH	FLU_NTH_EUR	SWE	Sweden	2021-01-25	2021	4	2021-01-24	2021	4	NONSENTINEL	6139		0		0			0				0			1		0	1	2	2	6137								6701	2					SE	202104	202104			
EUR	NH	NH	FLU_NTH_EUR	SWE	Sweden	2021-02-01	2021	5	2021-01-31	2021	5	NONSENTINEL	6586		0		0			0				0			0		0	2	2	2	6584								7471	0					SE	202105	202105			
EUR	NH	NH	FLU_NTH_EUR	SWE	Sweden	2021-02-08	2021	6	2021-02-07	2021	6	NONSENTINEL	8318		0		0			0				0			0		0	0	0		8318								10570	0					SE	202106	202106			
EUR	NH	NH	FLU_NTH_EUR	SWE	Sweden	2021-02-15	2021	7	2021-02-14	2021	7	NONSENTINEL	9274		0		1			0				1			0		0	1	1	2	9272								11268	6					SE	202107	202107			
EUR	NH	NH	FLU_NTH_EUR	SWE	Sweden	2021-02-22	2021	8	2021-02-21	2021	8	NONSENTINEL	9530		0		0			0				0			0		0	0	0		9530								11459	5					SE	202108	202108			
EUR	NH	NH	FLU_NTH_EUR	SWE	Sweden	2021-03-01	2021	9	2021-02-28	2021	9	NONSENTINEL	9195		0		0			0				0			2		0	0	2	2	9193								10348	2					SE	202109	202109			
EUR	NH	NH	FLU_NTH_EUR	SWE	Sweden	2021-03-08	2021	10	2021-03-07	2021	10	NONSENTINEL	8775		0		1			0				1			0		0	0	0	1	8774								9799	3					SE	202110	202110			
EUR	NH	NH	FLU_NTH_EUR	SWE	Sweden	2021-03-15	2021	11	2021-03-14	2021	11	NONSENTINEL	9073		0		0			0				0			1		0	1	2	2	9071								10107	11					SE	202111	202111			
EUR	NH	NH	FLU_NTH_EUR	SWE	Sweden	2021-03-22	2021	12	2021-03-21	2021	12	NONSENTINEL	9902		0		0			0				0			0		0	2	2	2	9900								10769	10					SE	202112	202112			
EUR	NH	NH	FLU_NTH_EUR	SWE	Sweden	2021-03-29	2021	13	2021-03-28	2021	13	NONSENTINEL	9827		0		0			0				0			0		0	0	0		9827								10609	10					SE	202113	202113			
EUR	NH	NH	FLU_NTH_EUR	SWE	Sweden	2021-04-05	2021	14	2021-04-04	2021	14	NONSENTINEL	7500		0		0			1				1			0		0	0	0	1	7499								8198	13					SE	202114	202114			
EUR	NH	NH	FLU_NTH_EUR	SWE	Sweden	2021-04-12	2021	15	2021-04-11	2021	15	NONSENTINEL	7654		0		1			0				1			0		0	0	0	1	7653								8503	17					SE	202115	202115			
EUR	NH	NH	FLU_NTH_EUR	SWE	Sweden	2021-04-19	2021	16	2021-04-18	2021	16	NONSENTINEL	7997		0		1			0				1			0		0	0	0	1	7996								9578	28					SE	202116	202116			
EUR	NH	NH	FLU_NTH_EUR	SWE	Sweden	2021-04-26	2021	17	2021-04-25	2021	17	NONSENTINEL	8067		0		0			0				0			0		0	0	0		8067								9732	28					SE	202117	202117			
EUR	NH	NH	FLU_NTH_EUR	SWE	Sweden	2021-05-03	2021	18	2021-05-02	2021	18	NONSENTINEL	8187		0		0			0				0			0		0	0	0		8187								9885	22					SE	202118	202118			
EUR	NH	NH	FLU_NTH_EUR	SWE	Sweden	2021-05-10	2021	19	2021-05-09	2021	19	NONSENTINEL	6483		0		0			0				0			0		0	0	0		6483								7047	14					SE	202119	202119			
EUR	NH	NH	FLU_NTH_EUR	SWE	Sweden	2021-05-17	2021	20	2021-05-16	2021	20	NONSENTINEL												0							0											0					SE	202120	202120			
EUR	NH	NH	FLU_NTH_EUR	SWE	Sweden	2021-05-24	2021	21	2021-05-23	2021	21	NONSENTINEL			0		0			0				0			0		0	0	0										5918	17					SE	202121	202121			
EUR	NH	NH	FLU_NTH_EUR	SWE	Sweden	2021-05-31	2021	22	2021-05-30	2021	22	NONSENTINEL			0		0			0				0			0		0	1	1	1									5580	10					SE	202122	202122			
EUR	NH	NH	FLU_NTH_EUR	SWE	Sweden	2021-06-07	2021	23	2021-06-06	2021	23	NONSENTINEL			0		0			0				0			0		0	0	0										5530	25					SE	202123	202123			
EUR	NH	NH	FLU_NTH_EUR	SWE	Sweden	2021-06-14	2021	24	2021-06-13	2021	24	NONSENTINEL			0		0			0				0			0		0	1	1	1									5265	24					SE	202124	202124			
EUR	NH	NH	FLU_NTH_EUR	SWE	Sweden	2021-06-21	2021	25	2021-06-20	2021	25	NONSENTINEL			0		0			1				1			0		0	0	0	1									4397	25					SE	202125	202125			
EUR	NH	NH	FLU_NTH_EUR	SWE	Sweden	2021-06-28	2021	26	2021-06-27	2021	26	NONSENTINEL			0		0			0				0			0		0	0	0										4528	29					SE	202126	202126			
EUR	NH	NH	FLU_NTH_EUR	SWE	Sweden	2021-07-05	2021	27	2021-07-04	2021	27	NONSENTINEL			0		0			0				0			0		0	0	0										3911	28					SE	202127	202127			
EUR	NH	NH	FLU_NTH_EUR	SWE	Sweden	2021-07-12	2021	28	2021-07-11	2021	28	NONSENTINEL			0		0			0				0			0		0	1	1	1									3760	30					SE	202128	202128			
EUR	NH	NH	FLU_NTH_EUR	SWE	Sweden	2021-07-19	2021	29	2021-07-18	2021	29	NONSENTINEL			0		0			1				1			0		0	0	0	1									3517	31					SE	202129	202129			
EUR	NH	NH	FLU_NTH_EUR	SWE	Sweden	2021-07-26	2021	30	2021-07-25	2021	30	NONSENTINEL			0		0			1				1			0		0	0	0	1									3535	47					SE	202130	202130			
EUR	NH	NH	FLU_NTH_EUR	SWE	Sweden	2021-08-02	2021	31	2021-08-01	2021	31	NONSENTINEL			0		1			0				1			0		0	0	0	1									3802	43					SE	202131	202131			
EUR	NH	NH	FLU_NTH_EUR	SWE	Sweden	2021-08-09	2021	32	2021-08-08	2021	32	NONSENTINEL			0		1			1				2			0		0	0	0	2									4055	54					SE	202132	202132			
EUR	NH	NH	FLU_NTH_EUR	SWE	Sweden	2021-08-16	2021	33	2021-08-15	2021	33	NONSENTINEL			0		2			2				4			0		0	0	0	4									4716	57					SE	202133	202133			
EUR	NH	NH	FLU_NTH_EUR	SWE	Sweden	2021-08-23	2021	34	2021-08-22	2021	34	NONSENTINEL			0		0			1				1			0		0	0	0	1									5400	99					SE	202134	202134			
EUR	NH	NH	FLU_NTH_EUR	SWE	Sweden	2021-08-30	2021	35	2021-08-29	2021	35	NONSENTINEL			0		0			0				0			0		0	0	0										6001	162					SE	202135	202135			
EUR	NH	NH	FLU_NTH_EUR	SWE	Sweden	2021-09-06	2021	36	2021-09-05	2021	36	NONSENTINEL			0		2			0				2			0		0	0	0	2									6050	219					SE	202136	202136			
EUR	NH	NH	FLU_NTH_EUR	SWE	Sweden	2021-09-13	2021	37	2021-09-12	2021	37	NONSENTINEL			1		0			0				1			0		0	0	0	1									5573	253					SE	202137	202137			
EUR	NH	NH	FLU_NTH_EUR	SWE	Sweden	2021-09-20	2021	38	2021-09-19	2021	38	NONSENTINEL			0		0			0				0			0		0	0	0										5773	407					SE	202138	202138			
EUR	NH	NH	FLU_NTH_EUR	SWE	Sweden	2021-09-27	2021	39	2021-09-26	2021	39	NONSENTINEL			0		1			0				1			0		0	0	0	1									5851	541					SE	202139	202139			
EUR	NH	NH	FLU_NTH_EUR	SWE	Sweden	2021-10-04	2021	40	2021-10-03	2021	40	NONSENTINEL	8451		0		4			1				5			0		0	0	0	5	8446								7622	752					SE	202140	202140			
EUR	NH	NH	FLU_NTH_EUR	SWE	Sweden	2021-10-11	2021	41	2021-10-10	2021	41	NONSENTINEL	6994		0		4			2				6			0		0	1	1	7	6987								8130	851					SE	202141	202141			
EUR	NH	NH	FLU_NTH_EUR	SWE	Sweden	2021-10-18	2021	42	2021-10-17	2021	42	NONSENTINEL	9325		0		6			3				9			0		0	0	0	9	9316								8518	997					SE	202142	202142			
EUR	NH	NH	FLU_NTH_EUR	SWE	Sweden	2021-10-25	2021	43	2021-10-24	2021	43	NONSENTINEL	9761		1		13			7				21			0		0	1	1	22	9739								8979	1058					SE	202143	202143			
EUR	NH	NH	FLU_NTH_EUR	SWE	Sweden	2021-11-01	2021	44	2021-10-31	2021	44	NONSENTINEL	9461		1		18			5				24			0		0	0	0	24	9437								8865	1054					SE	202144	202144			
EUR	NH	NH	FLU_NTH_EUR	SWE	Sweden	2021-11-08	2021	45	2021-11-07	2021	45	NONSENTINEL	9863		0		41			23				64			0		0	1	1	65	9798								9335	1016					SE	202145	202145			
EUR	NH	NH	FLU_NTH_EUR	SWE	Sweden	2021-11-15	2021	46	2021-11-14	2021	46	NONSENTINEL	10247		0		38			56				94			0		0	6	6	100	10147								9553	921					SE	202146	202146			
EUR	NH	NH	FLU_NTH_EUR	SWE	Sweden	2021-11-22	2021	47	2021-11-21	2021	47	NONSENTINEL	11618		0		48			140				188			0		0	2	2	190	11428								10853	973					SE	202147	202147			
EUR	NH	NH	FLU_NTH_EUR	SWE	Sweden	2021-11-29	2021	48	2021-11-28	2021	48	NONSENTINEL	13166		0		78			462				540			0		0	0	0	540	12626								12273	986					SE	202148	202148			
EUR	NH	NH	FLU_NTH_EUR	SWE	Sweden	2021-12-06	2021	49	2021-12-05	2021	49	NONSENTINEL	17634		0		127			1638				1765			0		0	4	4	1769	15865								17178	1120					SE	202149	202149			
EUR	NH	NH	FLU_NTH_EUR	SWE	Sweden	2021-12-13	2021	50	2021-12-12	2021	50	NONSENTINEL	20478		0		133			2325				2458			1		0	7	8	2466	18012								18007	1107					SE	202150	202150			
EUR	NH	NH	FLU_NTH_EUR	SWE	Sweden	2021-12-20	2021	51	2021-12-19	2021	51	NONSENTINEL	15831		0		128			1720				1848			1		0	2	3	1851	13980								14989	769					SE	202151	202151			
EUR	NH	NH	FLU_NTH_EUR	SWE	Sweden	2021-12-27	2021	52	2021-12-26	2021	52	NONSENTINEL	17668		0		109			1693				1802			0		0	15	15	1817	15851								16954	657					SE	202152	202152			
EUR	NH	NH	FLU_NTH_EUR	SWE	Sweden	2022-01-03	2022	1	2022-01-02	2022	1	NONSENTINEL	22926		0		36			862				898			0		0	10	10	908	22018								21815	620					SE	202201	202201			
EUR	NH	NH	FLU_NTH_EUR	SWE	Sweden	2022-01-10	2022	2	2022-01-09	2022	2	NONSENTINEL	28279		0		19			312				331			0		0	12	12	343	27936								26795	467					SE	202202	202202			
EUR	NH	NH	FLU_NTH_EUR	SWE	Sweden	2022-01-17	2022	3	2022-01-16	2022	3	NONSENTINEL	28507		0		10			118				128			0		0	9	9	137	28370								26873	260					SE	202203	202203			
EUR	NH	NH	FLU_NTH_EUR	SWE	Sweden	2022-01-24	2022	4	2022-01-23	2022	4	NONSENTINEL	23270		0		2			54				56			0		0	1	1	57	23213								21388	136					SE	202204	202204			
EUR	NH	NH	FLU_NTH_EUR	SWE	Sweden	2022-01-31	2022	5	2022-01-30	2022	5	NONSENTINEL	21706		0		5			21				26			1		0	3	4	30	21676								20198	96					SE	202205	202205			
EUR	NH	NH	FLU_NTH_EUR	SWE	Sweden	2022-02-07	2022	6	2022-02-06	2022	6	NONSENTINEL	16969		0		2			14				16			0		0	2	2	18	16951								15952	53					SE	202206	202206			
EUR	NH	NH	FLU_NTH_EUR	SWE	Sweden	2022-02-14	2022	7	2022-02-13	2022	7	NONSENTINEL	13279		0		3			12				15			0		0	2	2	17	13262								12443	40					SE	202207	202207			
EUR	NH	NH	FLU_NTH_EUR	SWE	Sweden	2022-02-21	2022	8	2022-02-20	2022	8	NONSENTINEL	11914		0		1			19				20			1		0	1	2	22	11892								11236	31					SE	202208	202208			
EUR	NH	NH	FLU_NTH_EUR	SWE	Sweden	2022-02-28	2022	9	2022-02-27	2022	9	NONSENTINEL	11010		0		6			24				30			1		0	2	3	33	10977								10495	17					SE	202209	202209			
EUR	NH	NH	FLU_NTH_EUR	SWE	Sweden	2022-03-07	2022	10	2022-03-06	2022	10	NONSENTINEL	9775		2		4			38				44			0		0	1	1	45	9730								9005	11					SE	202210	202210			
EUR	NH	NH	FLU_NTH_EUR	SWE	Sweden	2022-03-14	2022	11	2022-03-13	2022	11	NONSENTINEL	9136		0		14			78				92			0		0	2	2	94	9042								8542	17					SE	202211	202211			
EUR	NH	NH	FLU_NTH_EUR	SWE	Sweden	2022-03-21	2022	12	2022-03-20	2022	12	NONSENTINEL	8632		2		12			97				111			0		0	5	5	116	8516								7979	15					SE	202212	202212			
EUR	NH	NH	FLU_NTH_EUR	SWE	Sweden	2022-03-28	2022	13	2022-03-27	2022	13	NONSENTINEL	8372		1		21			164				186			5		0	3	8	194	8178								7646	6					SE	202213	202213			
EUR	NH	NH	FLU_NTH_EUR	SWE	Sweden	2022-04-04	2022	14	2022-04-03	2022	14	NONSENTINEL	8173		2		30			300				332			1		0	5	6	338	7835								7614	10					SE	202214	202214			
EUR	NH	NH	FLU_NTH_EUR	SWE	Sweden	2022-04-11	2022	15	2022-04-10	2022	15	NONSENTINEL	7512		0		43			355				398			0		0	9	9	407	7105								6987	6					SE	202215	202215			
EUR	NH	NH	FLU_NTH_EUR	SWE	Sweden	2022-04-18	2022	16	2022-04-17	2022	16	NONSENTINEL	7511		2		33			420				455			1		0	2	3	458	7053								6892	8					SE	202216	202216			
EUR	NH	NH	FLU_NTH_EUR	SWE	Sweden	2022-04-25	2022	17	2022-04-24	2022	17	NONSENTINEL	7053		0		53			315				368			0		0	1	1	369	6684								6683	9					SE	202217	202217			
EUR	NH	NH	FLU_NTH_EUR	SWE	Sweden	2022-05-02	2022	18	2022-05-01	2022	18	NONSENTINEL	7016		0		38			278				316			1		0	6	7	323	6693								6619	3					SE	202218	202218			
EUR	NH	NH	FLU_NTH_EUR	SWE	Sweden	2022-05-09	2022	19	2022-05-08	2022	19	NONSENTINEL	7030		1		14			253				268			0		0	3	3	271	6759								6687	5					SE	202219	202219			
EUR	NH	NH	FLU_NTH_EUR	SWE	Sweden	2022-05-16	2022	20	2022-05-15	2022	20	NONSENTINEL												0							0											0					SE	202220	202220			
EUR	NH	NH	FLU_NTH_EUR	SWE	Sweden	2022-05-23	2022	21	2022-05-22	2022	21	NONSENTINEL			1		33			163				197			1		0	10	11	208									0						SE	202221	202221			
EUR	NH	NH	FLU_NTH_EUR	SWE	Sweden	2022-05-30	2022	22	2022-05-29	2022	22	NONSENTINEL			1		12			101				114			1		0	10	11	125									0						SE	202222	202222			
EUR	NH	NH	FLU_NTH_EUR	SWE	Sweden	2022-06-06	2022	23	2022-06-05	2022	23	NONSENTINEL			0		6			128				134			1		0	5	6	140									0						SE	202223	202223			
EUR	NH	NH	FLU_NTH_EUR	SWE	Sweden	2022-06-13	2022	24	2022-06-12	2022	24	NONSENTINEL			0		15			109				124			0		0	4	4	128									0						SE	202224	202224			
EUR	NH	NH	FLU_NTH_EUR	SWE	Sweden	2022-06-20	2022	25	2022-06-19	2022	25	NONSENTINEL			0		5			65				70			0		0	2	2	72									0						SE	202225	202225			
EUR	NH	NH	FLU_NTH_EUR	SWE	Sweden	2022-06-27	2022	26	2022-06-26	2022	26	NONSENTINEL			0		4			24				28			0		0	3	3	31									0						SE	202226	202226			
EUR	NH	NH	FLU_NTH_EUR	SWE	Sweden	2022-07-04	2022	27	2022-07-03	2022	27	NONSENTINEL			1		1			19				21			0		0	6	6	27									0						SE	202227	202227			
EUR	NH	NH	FLU_NTH_EUR	SWE	Sweden	2022-07-11	2022	28	2022-07-10	2022	28	NONSENTINEL			1		1			14				16			0		0	3	3	19									0						SE	202228	202228			
EUR	NH	NH	FLU_NTH_EUR	SWE	Sweden	2022-07-18	2022	29	2022-07-17	2022	29	NONSENTINEL			0		1			13				14			0		0	2	2	16									0						SE	202229	202229			
EUR	NH	NH	FLU_NTH_EUR	SWE	Sweden	2022-07-25	2022	30	2022-07-24	2022	30	NONSENTINEL			1		1			10				12			0		0	1	1	13									0						SE	202230	202230			
EUR	NH	NH	FLU_NTH_EUR	SWE	Sweden	2022-08-01	2022	31	2022-07-31	2022	31	NONSENTINEL			4		1			23				28			0		0	2	2	30									0						SE	202231	202231			
EUR	NH	NH	FLU_NTH_EUR	SWE	Sweden	2022-08-08	2022	32	2022-08-07	2022	32	NONSENTINEL			0		8			16				24			1		0	2	3	27									0						SE	202232	202232			
EUR	NH	NH	FLU_NTH_EUR	SWE	Sweden	2022-08-15	2022	33	2022-08-14	2022	33	NONSENTINEL			0		2			20				22			2		0	5	7	29									0						SE	202233	202233			
EUR	NH	NH	FLU_NTH_EUR	SWE	Sweden	2022-08-22	2022	34	2022-08-21	2022	34	NONSENTINEL			3		4			28				35			0		0	2	2	37									0						SE	202234	202234			
EUR	NH	NH	FLU_NTH_EUR	SWE	Sweden	2022-08-29	2022	35	2022-08-28	2022	35	NONSENTINEL			1		0			15				16			1		0	2	3	19									0						SE	202235	202235			
EUR	NH	NH	FLU_NTH_EUR	SWE	Sweden	2022-09-05	2022	36	2022-09-04	2022	36	NONSENTINEL			0		1			11				12			0		0	2	2	14									0						SE	202236	202236			
EUR	NH	NH	FLU_NTH_EUR	SWE	Sweden	2022-09-12	2022	37	2022-09-11	2022	37	NONSENTINEL			0		1			11				12			0		0	1	1	13									0						SE	202237	202237			
EUR	NH	NH	FLU_NTH_EUR	SWE	Sweden	2022-09-19	2022	38	2022-09-18	2022	38	NONSENTINEL			1		4			8				13			0		0	3	3	16									0						SE	202238	202238			
EUR	NH	NH	FLU_NTH_EUR	SWE	Sweden	2022-09-26	2022	39	2022-09-25	2022	39	NONSENTINEL			1		2			14				17			0		0	2	2	19									0						SE	202239	202239			
EUR	NH	NH	FLU_NTH_EUR	SWE	Sweden	2022-10-03	2022	40	2022-10-02	2022	40	NONSENTINEL	7320				1			8				9					0	1	1	10	7310								6985	18					SE	202240	202240			
EUR	NH	NH	FLU_NTH_EUR	SWE	Sweden	2022-10-10	2022	41	2022-10-09	2022	41	NONSENTINEL	7114		7		1			19				27					0	1	1	28	7086								6747	50					SE	202241	202241			
EUR	NH	NH	FLU_NTH_EUR	SWE	Sweden	2022-10-17	2022	42	2022-10-16	2022	42	NONSENTINEL	6933				3			13				16					0	2	2	18	6915								6549	41					SE	202242	202242			
EUR	NH	NH	FLU_NTH_EUR	SWE	Sweden	2022-10-24	2022	43	2022-10-23	2022	43	NONSENTINEL	7739		5		2			26				33					0	1	1	34	7705								7282	81					SE	202243	202243			
EUR	NH	NH	FLU_NTH_EUR	SWE	Sweden	2022-10-31	2022	44	2022-10-30	2022	44	NONSENTINEL	7882		5		5			19				29			1		0	3	4	33	7849								7157	154					SE	202244	202244			
EUR	NH	NH	FLU_NTH_EUR	SWE	Sweden	2022-11-07	2022	45	2022-11-06	2022	45	NONSENTINEL	8091		6		6			31				43					0	3	3	46	8045								7684	199					SE	202245	202245			
EUR	NH	NH	FLU_NTH_EUR	SWE	Sweden	2022-11-14	2022	46	2022-11-13	2022	46	NONSENTINEL	7958		7		9			39				55					0	3	3	58	7900								7559	248					SE	202246	202246			
EUR	NH	NH	FLU_NTH_EUR	SWE	Sweden	2022-11-21	2022	47	2022-11-20	2022	47	NONSENTINEL	9259		24		17			104				145			1		0	4	5	150	9109								8980	385					SE	202247	202247			
EUR	NH	NH	FLU_NTH_EUR	SWE	Sweden	2022-11-28	2022	48	2022-11-27	2022	48	NONSENTINEL	10771		28		22			306				356			1		0	5	6	362	10409								10130	590					SE	202248	202248			
EUR	NH	NH	FLU_NTH_EUR	SWE	Sweden	2022-12-05	2022	49	2022-12-04	2022	49	NONSENTINEL	15046		55		44			632				731			7		0	19	26	757	14289								13333	1017					SE	202249	202249			
EUR	NH	NH	FLU_NTH_EUR	SWE	Sweden	2022-12-12	2022	50	2022-12-11	2022	50	NONSENTINEL	18621		81		74			1340				1495			5		0	35	40	1535	17086								16251	1210					SE	202250	202250			
EUR	NH	NH	FLU_NTH_EUR	SWE	Sweden	2022-12-19	2022	51	2022-12-18	2022	51	NONSENTINEL	21180		76		73			2298				2447			8		0	69	77	2524	18656								18405	1569					SE	202251	202251			
EUR	NH	NH	FLU_NTH_EUR	SWE	Sweden	2022-12-26	2022	52	2022-12-25	2022	52	NONSENTINEL	19119		91		107			2997				3195			8		0	105	113	3308	15811								17292	1538					SE	202252	202252			
EUR	NH	NH	FLU_NTH_EUR	SWE	Sweden	2023-01-02	2023	1	2023-01-01	2023	1	NONSENTINEL	18152		74		81			1828				1983			10		0	94	104	2087	16065								15449	1468					SE	202301	202301			
EUR	NH	NH	FLU_NTH_EUR	SWE	Sweden	2023-01-09	2023	2	2023-01-08	2023	2	NONSENTINEL	16066		67		41			991				1099			6		0	108	114	1213	14853								13833	1146					SE	202302	202302			
EUR	NH	NH	FLU_NTH_EUR	SWE	Sweden	2023-01-16	2023	3	2023-01-15	2023	3	NONSENTINEL	12164		51		34			511				596			16		0	53	69	665	11499								10793	798					SE	202303	202303			
EUR	NH	NH	FLU_NTH_EUR	SWE	Sweden	2023-01-23	2023	4	2023-01-22	2023	4	NONSENTINEL	11240		58		45			572				675			16		0	100	116	791	10449								10007	697					SE	202304	202304			
EUR	NH	NH	FLU_NTH_EUR	SWE	Sweden	2023-01-30	2023	5	2023-01-29	2023	5	NONSENTINEL	10933		44		27			695				766			26		0	165	191	957	9976								9614	600					SE	202305	202305			
EUR	NH	NH	FLU_NTH_EUR	SWE	Sweden	2023-02-06	2023	6	2023-02-05	2023	6	NONSENTINEL	10555		50		46			679				775			29		0	232	261	1036	9519								9496	609					SE	202306	202306			
EUR	NH	NH	FLU_NTH_EUR	SWE	Sweden	2023-02-13	2023	7	2023-02-12	2023	7	NONSENTINEL	8982		44		37			599				680			38		0	267	305	985	7997								7662	562					SE	202307	202307			
EUR	NH	NH	FLU_NTH_EUR	SWE	Sweden	2023-02-20	2023	8	2023-02-19	2023	8	NONSENTINEL	7710		38		42			438				518			48		0	293	341	859	6851								6896	428					SE	202308	202308			
EUR	NH	NH	FLU_NTH_EUR	SWE	Sweden	2023-02-27	2023	9	2023-02-26	2023	9	NONSENTINEL	7411		19		17			404				440			24		0	352	376	816	6595								6456	391					SE	202309	202309			
EUR	NH	NH	FLU_NTH_EUR	SWE	Sweden	2023-03-06	2023	10	2023-03-05	2023	10	NONSENTINEL	7266		17		17			351				385			36		0	333	369	754	6512								6525	268					SE	202310	202310			
EUR	NH	NH	FLU_NTH_EUR	SWE	Sweden	2023-03-13	2023	11	2023-03-12	2023	11	NONSENTINEL	7088		24		13			315				352			53		0	340	393	745	6343								6409	298					SE	202311	202311			
EUR	NH	NH	FLU_NTH_EUR	SWE	Sweden	2023-03-20	2023	12	2023-03-19	2023	12	NONSENTINEL	7161		13		13			256				282			53		0	403	456	738	6423								6471	261					SE	202312	202312			
EUR	NH	NH	FLU_NTH_EUR	SWE	Sweden	2023-03-27	2023	13	2023-03-26	2023	13	NONSENTINEL	7110		12		6			160				178			38		0	356	394	572	6538								6235	212					SE	202313	202313			
EUR	NH	NH	FLU_NTH_EUR	SWE	Sweden	2023-04-03	2023	14	2023-04-02	2023	14	NONSENTINEL	7040		8		5			171				184			14		0	343	357	541	6499								6001	148					SE	202314	202314			
EUR	NH	NH	FLU_NTH_EUR	SWE	Sweden	2023-04-10	2023	15	2023-04-09	2023	15	NONSENTINEL	7208		6		2			93				101			14		0	343	357	458	6750								6145	132					SE	202315	202315			
EUR	NH	NH	FLU_NTH_EUR	SWE	Sweden	2023-04-17	2023	16	2023-04-16	2023	16	NONSENTINEL	6862		1		2			77				80			5		0	204	209	289	6573								5880	118					SE	202316	202316			
EUR	NH	NH	FLU_NTH_EUR	SWE	Sweden	2023-04-24	2023	17	2023-04-23	2023	17	NONSENTINEL	6540		1		1			55				57			0		0	154	154	211	6329								5652	72					SE	202317	202317			
EUR	NH	NH	FLU_NTH_EUR	SWE	Sweden	2023-05-01	2023	18	2023-04-30	2023	18	NONSENTINEL	5950		1		1			38				40			1		0	125	126	166	5784								5067	52					SE	202318	202318			
EUR	NH	NH	FLU_NTH_EUR	SWE	Sweden	2023-05-08	2023	19	2023-05-07	2023	19	NONSENTINEL	5844		1		1			53				55			2		0	107	109	164	5680								4938	50					SE	202319	202319			
EUR	NH	NH	FLU_NTH_EUR	SWE	Sweden	2023-05-15	2023	20	2023-05-14	2023	20	NONSENTINEL	5406		0		1			24				25			8		0	74	82	107	5299								4728	25					SE	202320	202320			
EUR	NH	NH	FLU_NTH_EUR	SWE	Sweden	2023-05-22	2023	21	2023-05-21	2023	21	NONSENTINEL			1		1			9				11			0		0	43	43	54									0						SE	202321	202321			
EUR	NH	NH	FLU_NTH_EUR	SWE	Sweden	2023-05-29	2023	22	2023-05-28	2023	22	NONSENTINEL			1		0			7				8			0		0	21	21	29									0						SE	202322	202322			
EUR	NH	NH	FLU_NTH_EUR	SWE	Sweden	2023-06-05	2023	23	2023-06-04	2023	23	NONSENTINEL			1		0			21				22			0		0	14	14	36									0						SE	202323	202323			
EUR	NH	NH	FLU_NTH_EUR	SWE	Sweden	2023-06-12	2023	24	2023-06-11	2023	24	NONSENTINEL			3		1			14				18			2		0	10	12	30									0						SE	202324	202324			
EUR	NH	NH	FLU_NTH_EUR	SWE	Sweden	2023-06-19	2023	25	2023-06-18	2023	25	NONSENTINEL			1		0			13				14			0		0	14	14	28									0						SE	202325	202325			
EUR	NH	NH	FLU_NTH_EUR	SWE	Sweden	2023-06-26	2023	26	2023-06-25	2023	26	NONSENTINEL			1		0			7				8			1		0	3	4	12									0						SE	202326	202326			
EUR	NH	NH	FLU_NTH_EUR	SWE	Sweden	2023-07-03	2023	27	2023-07-02	2023	27	NONSENTINEL			4		0			4				8			0		0	2	2	10									0						SE	202327	202327			
EUR	NH	NH	FLU_NTH_EUR	SWE	Sweden	2023-07-10	2023	28	2023-07-09	2023	28	NONSENTINEL			5		3			4				12			1		0	1	2	14									0						SE	202328	202328			
EUR	NH	NH	FLU_NTH_EUR	SWE	Sweden	2023-07-17	2023	29	2023-07-16	2023	29	NONSENTINEL			1		0			4				5			0		0	6	6	11									0						SE	202329	202329			
EUR	NH	NH	FLU_NTH_EUR	SWE	Sweden	2023-07-24	2023	30	2023-07-23	2023	30	NONSENTINEL			1		1			8				10			1		0	2	3	13									0						SE	202330	202330			
EUR	NH	NH	FLU_NTH_EUR	SWE	Sweden	2023-07-31	2023	31	2023-07-30	2023	31	NONSENTINEL			2		1			8				11			0		0	0	0	11									0						SE	202331	202331			
EUR	NH	NH	FLU_NTH_EUR	SWE	Sweden	2023-08-07	2023	32	2023-08-06	2023	32	NONSENTINEL			2		1			6				9			0		0	2	2	11									0						SE	202332	202332			
EUR	NH	NH	FLU_NTH_EUR	SWE	Sweden	2023-08-14	2023	33	2023-08-13	2023	33	NONSENTINEL			1		1			4				6			1		0	1	2	8									0						SE	202333	202333			
EUR	NH	NH	FLU_NTH_EUR	SWE	Sweden	2023-08-21	2023	34	2023-08-20	2023	34	NONSENTINEL			2		1			6				9			0		0	2	2	11									0						SE	202334	202334			
EUR	NH	NH	FLU_NTH_EUR	SWE	Sweden	2023-08-28	2023	35	2023-08-27	2023	35	NONSENTINEL			2		2			7				11			0		0	1	1	12									0						SE	202335	202335			
EUR	NH	NH	FLU_NTH_EUR	SWE	Sweden	2023-09-04	2023	36	2023-09-03	2023	36	NONSENTINEL			2		1			8				11			0		0	1	1	12									0						SE	202336	202336			
EUR	NH	NH	FLU_NTH_EUR	SWE	Sweden	2023-09-11	2023	37	2023-09-10	2023	37	NONSENTINEL			1		3			5				9			0		0	1	1	10									0						SE	202337	202337			
EUR	NH	NH	FLU_NTH_EUR	SWE	Sweden	2023-09-18	2023	38	2023-09-17	2023	38	NONSENTINEL			0		1			15				16			0		0	1	1	17									0						SE	202338	202338			
EUR	NH	NH	FLU_NTH_EUR	SWE	Sweden	2023-09-25	2023	39	2023-09-24	2023	39	NONSENTINEL			1		1			7				9			0		0	0	0	9									0						SE	202339	202339			
EUR	NH	NH	FLU_NTH_EUR	SWE	Sweden	2023-10-02	2023	40	2023-10-01	2023	40	NONSENTINEL	5013		1		4			5				10			0		0	2	2	12	5001								4507	18					SE	202340	202340			
EUR	NH	NH	FLU_NTH_EUR	SWE	Sweden	2023-10-09	2023	41	2023-10-08	2023	41	NONSENTINEL	5527		6		3			17				26			2		0	2	4	30	5497								4947	22					SE	202341	202341			
EUR	NH	NH	FLU_NTH_EUR	SWE	Sweden	2023-10-16	2023	42	2023-10-15	2023	42	NONSENTINEL	6227		5		2			11				18			0		0	2	2	20	6207								5581	24					SE	202342	202342			
EUR	NH	NH	FLU_NTH_EUR	SWE	Sweden	2023-10-23	2023	43	2023-10-22	2023	43	NONSENTINEL	7474		9		8			27				44			0		0	1	1	45	7429								6684	43					SE	202343	202343			
EUR	NH	NH	FLU_NTH_EUR	SWE	Sweden	2023-10-30	2023	44	2023-10-29	2023	44	NONSENTINEL	8968		16		12			54				82			0		0	2	2	84	8884								7954	58					SE	202344	202344			
EUR	NH	NH	FLU_NTH_EUR	SWE	Sweden	2023-11-06	2023	45	2023-11-05	2023	45	NONSENTINEL	10368		20		17			83				120			0		0	4	4	124	10244								9179	80					SE	202345	202345			
EUR	NH	NH	FLU_NTH_EUR	SWE	Sweden	2023-11-13	2023	46	2023-11-12	2023	46	NONSENTINEL	9975		29		12			70				111			0		0	5	5	116	9859								8968	111					SE	202346	202346			
EUR	NH	NH	FLU_NTH_EUR	SWE	Sweden	2023-11-20	2023	47	2023-11-19	2023	47	NONSENTINEL	10014		41		22			120				183			1		0	2	3	186	9828								8978	163					SE	202347	202347			
EUR	NH	NH	FLU_NTH_EUR	SWE	Sweden	2023-11-27	2023	48	2023-11-26	2023	48	NONSENTINEL	10011		64		15			281				360			0		0	4	4	364	9647								8874	278					SE	202348	202348			
EUR	NH	NH	FLU_NTH_EUR	SWE	Sweden	2023-12-04	2023	49	2023-12-03	2023	49	NONSENTINEL	10207		115		34			505				654			0		0	4	4	658	9549								9102	371					SE	202349	202349			
EUR	NH	NH	FLU_NTH_EUR	SWE	Sweden	2023-12-11	2023	50	2023-12-10	2023	50	NONSENTINEL	10935		160		70			986				1216			1		0	13	14	1230	9705								9797	492					SE	202350	202350			
EUR	NH	NH	FLU_NTH_EUR	SWE	Sweden	2023-12-18	2023	51	2023-12-17	2023	51	NONSENTINEL	11578		197		58			1218				1473			2		0	14	16	1489	10089								10350	717					SE	202351	202351			
EUR	NH	NH	FLU_NTH_EUR	SWE	Sweden	2023-12-25	2023	52	2023-12-24	2023	52	NONSENTINEL	11003		184		91			1383				1658			7		0	13	20	1678	9325								9764	763					SE	202352	202352			
EUR	NH	NH	FLU_NTH_EUR	SWE	Sweden	2024-01-01	2024	1	2023-12-31	2024	1	NONSENTINEL	9902		148		67			1118				1333			7		0	11	18	1351	8551								8833	808					SE	202401	202401			
EUR	NH	NH	FLU_NTH_EUR	SWE	Sweden	2024-01-08	2024	2	2024-01-07	2024	2	NONSENTINEL	8857		88		56			833				977			1		0	11	12	989	7868								7793	603					SE	202402	202402			
EUR	NH	NH	FLU_NTH_EUR	SWE	Sweden	2024-01-15	2024	3	2024-01-14	2024	3	NONSENTINEL	8110		111		39			747				897			2		0	18	20	917	7193								6827	502					SE	202403	202403			
EUR	NH	NH	FLU_NTH_EUR	SWE	Sweden	2024-01-22	2024	4	2024-01-21	2024	4	NONSENTINEL	7926		105		40			758				903			4		0	12	16	919	7007								6893	546					SE	202404	202404			
EUR	NH	NH	FLU_NTH_EUR	SWE	Sweden	2024-01-29	2024	5	2024-01-28	2024	5	NONSENTINEL	7616		118		52			690				860			1		0	28	29	889	6727								6508	580					SE	202405	202405			
EUR	NH	NH	FLU_NTH_EUR	SWE	Sweden	2024-02-05	2024	6	2024-02-04	2024	6	NONSENTINEL	7611		131		57			682				870			3		0	25	28	898	6713								6453	506					SE	202406	202406			
EUR	NH	NH	FLU_NTH_EUR	SWE	Sweden	2024-02-12	2024	7	2024-02-11	2024	7	NONSENTINEL	7197		99		72			671				842			11		0	34	45	887	6310								6169	459					SE	202407	202407			
EUR	NH	NH	FLU_NTH_EUR	SWE	Sweden	2024-02-19	2024	8	2024-02-18	2024	8	NONSENTINEL	7150		66		44			645				755			4		0	47	51	806	6344								6162	446					SE	202408	202408			
EUR	NH	NH	FLU_NTH_EUR	SWE	Sweden	2024-02-26	2024	9	2024-02-25	2024	9	NONSENTINEL	6712		67		52			435				554			11		0	67	78	632	6080								5828	387					SE	202409	202409			
EUR	NH	NH	FLU_NTH_EUR	SWE	Sweden	2024-03-04	2024	10	2024-03-03	2024	10	NONSENTINEL	6015		42		32			261				335			10		0	36	46	381	5634								5234	291					SE	202410	202410			
EUR	NH	NH	FLU_NTH_EUR	SWE	Sweden	2024-03-11	2024	11	2024-03-10	2024	11	NONSENTINEL	5810		41		41			236				318			12		0	69	81	399	5411								5027	258					SE	202411	202411			
EUR	NH	NH	FLU_NTH_EUR	SWE	Sweden	2024-03-18	2024	12	2024-03-17	2024	12	NONSENTINEL	5575		26		20			128				174			6		0	76	82	256	5319								4991	217					SE	202412	202412			
EUR	NH	NH	FLU_NTH_EUR	SWE	Sweden	2024-03-25	2024	13	2024-03-24	2024	13	NONSENTINEL	5168		12		11			119				142			5		0	80	85	227	4941								4665	158					SE	202413	202413			
EUR	NH	NH	FLU_NTH_EUR	SWE	Sweden	2024-04-01	2024	14	2024-03-31	2024	14	NONSENTINEL	4822		12		18			85				115			9		0	63	72	187	4635								4463	100					SE	202414	202414			
EUR	NH	NH	FLU_NTH_EUR	SWE	Sweden	2024-04-08	2024	15	2024-04-07	2024	15	NONSENTINEL	4541		5		4			61				70			7		0	75	82	152	4389								4233	97					SE	202415	202415			
EUR	NH	NH	FLU_NTH_EUR	SWE	Sweden	2024-04-15	2024	16	2024-04-14	2024	16	NONSENTINEL	4222		9		5			30				44			8		0	40	48	92	4130								3951	61					SE	202416	202416			
EUR	NH	NH	FLU_NTH_EUR	SWE	Sweden	2024-04-22	2024	17	2024-04-21	2024	17	NONSENTINEL	4128		6		5			22				33			14		0	51	65	98	4030								3763	48					SE	202417	202417			
EUR	NH	NH	FLU_NTH_EUR	SWE	Sweden	2024-04-29	2024	18	2024-04-28	2024	18	NONSENTINEL	3731		7		4			14				25			6		0	73	79	104	3627								3366	35					SE	202418	202418			
EUR	NH	NH	FLU_NTH_EUR	SWE	Sweden	2024-05-06	2024	19	2024-05-05	2024	19	NONSENTINEL	3657		1		10			32				43			9		0	74	83	126	3531								3408	30					SE	202419	202419			
EUR	NH	NH	FLU_NTH_EUR	SWE	Sweden	2024-05-13	2024	20	2024-05-12	2024	20	NONSENTINEL	3431		1		5			41				47			1		0	55	56	103	3328								3376	17					SE	202420	202420			
EUR	NH	NH	FLU_NTH_EUR	SWE	Sweden	2024-05-20	2024	21	2024-05-19	2024	21	NONSENTINEL			2		3			13				18			3		0	34	37	55									0						SE	202421	202421			
EUR	NH	NH	FLU_NTH_EUR	SWE	Sweden	2024-05-27	2024	22	2024-05-26	2024	22	NONSENTINEL			4		3			11				18			3		0	29	32	50									0						SE	202422	202422			
EUR	NH	NH	FLU_NTH_EUR	SWE	Sweden	2024-06-03	2024	23	2024-06-02	2024	23	NONSENTINEL			1		2			3				6			4		0	11	15	21									0						SE	202423	202423			
EUR	NH	NH	FLU_NTH_EUR	SWE	Sweden	2024-06-10	2024	24	2024-06-09	2024	24	NONSENTINEL			4		1			4				9			2		0	8	10	19															SE	202424	202424			
EUR	NH	NH	FLU_NTH_EUR	SWE	Sweden	2024-06-17	2024	25	2024-06-16	2024	25	NONSENTINEL			3		5			10				18			0		0	6	6	24															SE	202425	202425			
EUR	NH	NH	FLU_NTH_EUR	SWE	Sweden	2024-06-24	2024	26	2024-06-23	2024	26	NONSENTINEL			5		7			7				19			0		0	2	2	21															SE	202426	202426			
EUR	NH	NH	FLU_NTH_EUR	SWE	Sweden	2024-07-01	2024	27	2024-06-30	2024	27	NONSENTINEL			2		4			5				11			0		0	3	3	14															SE	202427	202427			
EUR	NH	NH	FLU_NTH_EUR	SWE	Sweden	2024-07-08	2024	28	2024-07-07	2024	28	NONSENTINEL			8		16			3				27			0		0	2	2	29															SE	202428	202428			
EUR	NH	NH	FLU_NTH_EUR	SWE	Sweden	2024-07-15	2024	29	2024-07-14	2024	29	NONSENTINEL			3		10			11				24			0		0	2	2	26															SE	202429	202429			
EUR	NH	NH	FLU_NTH_EUR	SWE	Sweden	2024-07-22	2024	30	2024-07-21	2024	30	NONSENTINEL			3		0			9				12			0		0	1	1	13															SE	202430	202430			
EUR	NH	NH	FLU_NTH_EUR	SWE	Sweden	2024-07-29	2024	31	2024-07-28	2024	31	NONSENTINEL			19		3			12				34			0		0	1	1	35															SE	202431	202431			
EUR	NH	NH	FLU_NTH_EUR	SWE	Sweden	2024-08-05	2024	32	2024-08-04	2024	32	NONSENTINEL			16		11			8				35			1		0	1	2	37															SE	202432	202432			
EUR	NH	NH	FLU_NTH_EUR	SWE	Sweden	2024-08-12	2024	33	2024-08-11	2024	33	NONSENTINEL			6		7			10				23			0		0	4	4	27															SE	202433	202433			
EUR	NH	NH	FLU_NTH_EUR	SWE	Sweden	2024-08-19	2024	34	2024-08-18	2024	34	NONSENTINEL			2		7			9				18			0		0	2	2	20															SE	202434	202434			
EUR	NH	NH	FLU_NTH_EUR	SWE	Sweden	2024-08-26	2024	35	2024-08-25	2024	35	NONSENTINEL			1		6			2				9			0		0	0	0	9															SE	202435	202435			
EUR	NH	NH	FLU_NTH_EUR	SWE	Sweden	2024-09-02	2024	36	2024-09-01	2024	36	NONSENTINEL			3		2			6				11			0		0	1	1	12															SE	202436	202436			
EUR	NH	NH	FLU_NTH_EUR	SWE	Sweden	2024-09-09	2024	37	2024-09-08	2024	37	NONSENTINEL			1		2			3				6			0		0	2	2	8															SE	202437	202437			
EUR	NH	NH	FLU_NTH_EUR	SWE	Sweden	2024-09-16	2024	38	2024-09-15	2024	38	NONSENTINEL			2		0			8				10			0		0	1	1	11															SE	202438	202438			
EUR	NH	NH	FLU_NTH_EUR	SWE	Sweden	2024-09-23	2024	39	2024-09-22	2024	39	NONSENTINEL			0		0			7				7			0		0	0	0	7															SE	202439	202439			
EUR	NH	NH	FLU_NTH_EUR	SWE	Sweden	2024-09-30	2024	40	2024-09-29	2024	40	NONSENTINEL	5875		2		1			8				11			1			1	2	13	5862								5557	5					SE	202440	202440			
EUR	NH	NH	FLU_NTH_EUR	SWE	Sweden	2024-10-07	2024	41	2024-10-06	2024	41	NONSENTINEL	6123		9		6			6				21			1			1	2	23	6100								5817	6					SE	202441	202441			
EUR	NH	NH	FLU_NTH_EUR	SWE	Sweden	2024-10-14	2024	42	2024-10-13	2024	42	NONSENTINEL	6156		11		5			14				30			0			0	0	30	6126								5916	7					SE	202442	202442			
EUR	NH	NH	FLU_NTH_EUR	SWE	Sweden	2024-10-21	2024	43	2024-10-20	2024	43	NONSENTINEL	6392		20		4			12				36			0			3	3	39	6353								6146	8					SE	202443	202443			
EUR	NH	NH	FLU_NTH_EUR	SWE	Sweden	2024-10-28	2024	44	2024-10-27	2024	44	NONSENTINEL	6227		19		3			8				30			2			3	5	35	6192								5957	5					SE	202444	202444			
EUR	NH	NH	FLU_NTH_EUR	SWE	Sweden	2024-11-04	2024	45	2024-11-03	2024	45	NONSENTINEL	5903		9		2			9				20			2			5	7	27	5876								5681	13					SE	202445	202445			
EUR	NH	NH	FLU_NTH_EUR	SWE	Sweden	2024-11-11	2024	46	2024-11-10	2024	46	NONSENTINEL	6059		20		2			16				38			2			2	4	42	6017								5577	18					SE	202446	202446			
EUR	NH	NH	FLU_NTH_EUR	SWE	Sweden	2024-11-18	2024	47	2024-11-17	2024	47	NONSENTINEL	6120		17		5			13				35			0			3	3	38	6082								5928	15					SE	202447	202447			
EUR	NH	NH	FLU_NTH_EUR	SWE	Sweden	2024-11-25	2024	48	2024-11-24	2024	48	NONSENTINEL	5900		23		4			29				56			5			3	8	64	5836								5777	33					SE	202448	202448			
EUR	NH	NH	FLU_NTH_EUR	SWE	Sweden	2024-12-02	2024	49	2024-12-01	2024	49	NONSENTINEL	5496		51		4			47				102			5			3	8	110	5386								5487	36					SE	202449	202449			
EUR	NH	NH	FLU_NTH_EUR	SWE	Sweden	2024-12-09	2024	50	2024-12-08	2024	50	NONSENTINEL	5866		97		19			125				241			8			6	14	255	5611								5844	73					SE	202450	202450			
EUR	NH	NH	FLU_NTH_EUR	SWE	Sweden	2024-12-16	2024	51	2024-12-15	2024	51	NONSENTINEL	6819		136		26			279				441			12			26	38	479	6340								6682	102					SE	202451	202451			
EUR	NH	NH	FLU_NTH_EUR	SWE	Sweden	2024-12-23	2024	52	2024-12-22	2024	52	NONSENTINEL	6225		198		41			416				655			6			24	30	685	5540								6089	116					SE	202452	202452			
EUR	NH	NH	FLU_NTH_EUR	SWE	Sweden	2024-12-30	2025	1	2024-12-29	2025	1	NONSENTINEL	6499		171		42			423				636			8			57	65	701	5798								6136	156					SE	202501	202501			
EUR	NH	NH	FLU_NTH_EUR	SWE	Sweden	2025-01-06	2025	2	2025-01-05	2025	2	NONSENTINEL	6822		139		52			451				642			21			42	63	705	6117								6528	186					SE	202502	202502			
EUR	NH	NH	FLU_NTH_EUR	SWE	Sweden	2025-01-13	2025	3	2025-01-12	2025	3	NONSENTINEL	6585		163		57			475				695			19			65	84	779	5806								6303	203					SE	202503	202503			
EUR	NH	NH	FLU_NTH_EUR	SWE	Sweden	2025-01-20	2025	4	2025-01-19	2025	4	NONSENTINEL	6420		168		75			606				849			13			88	101	950	5470								6386	266					SE	202504	202504			
EUR	NH	NH	FLU_NTH_EUR	SWE	Sweden	2025-01-27	2025	5	2025-01-26	2025	5	NONSENTINEL	6999		221		105			734				1060			16			144	160	1220	5779								6704	329					SE	202505	202505			
EUR	NH	NH	FLU_NTH_EUR	SWE	Sweden	2025-02-03	2025	6	2025-02-02	2025	6	NONSENTINEL	7022		203		108			906				1217			12			176	188	1405	5617								6762	406					SE	202506	202506			
EUR	NH	NH	FLU_NTH_EUR	SWE	Sweden	2025-02-10	2025	7	2025-02-09	2025	7	NONSENTINEL	7862		200		178			1185				1563			12			247	259	1822	6040								7561	499					SE	202507	202507			
EUR	NH	NH	FLU_NTH_EUR	SWE	Sweden	2025-02-17	2025	8	2025-02-16	2025	8	NONSENTINEL	8877		242		222			1523				1987			14			319	333	2320	6557								8495	607					SE	202508	202508			
EUR	NH	NH	FLU_NTH_EUR	SWE	Sweden	2025-02-24	2025	9	2025-02-23	2025	9	NONSENTINEL	9352		261		220			1577				2058			14			416	430	2488	6864								9023	652					SE	202509	202509			
EUR	NH	NH	FLU_NTH_EUR	SWE	Sweden	2025-03-03	2025	10	2025-03-02	2025	10	NONSENTINEL	9167		194		151			1376				1721			9			368	377	2098	7069								8570	754					SE	202510	202510			
EUR	NH	NH	FLU_NTH_EUR	SWE	Sweden	2025-03-10	2025	11	2025-03-09	2025	11	NONSENTINEL	8448		136		80			1056				1272			5			276	281	1553	6895								7932	737					SE	202511	202511			
EUR	NH	NH	FLU_NTH_EUR	SWE	Sweden	2025-03-17	2025	12	2025-03-16	2025	12	NONSENTINEL	7696		87		87			800				974			7			264	271	1245	6451								7427	678					SE	202512	202512			
EUR	NH	NH	FLU_NTH_EUR	SWE	Sweden	2025-03-24	2025	13	2025-03-23	2025	13	NONSENTINEL	7520		92		102			808				1002			6			208	214	1216	6304								7244	634					SE	202513	202513			
EUR	NH	NH	FLU_NTH_EUR	SWE	Sweden	2025-03-31	2025	14	2025-03-30	2025	14	NONSENTINEL	7174		84		73			662				819			7			198	205	1024	6150								6865	577					SE	202514	202514			
EUR	NH	NH	FLU_NTH_EUR	SWE	Sweden	2025-04-07	2025	15	2025-04-06	2025	15	NONSENTINEL	6871		101		60			578				739			3			195	198	937	5934								6699	542					SE	202515	202515			
EUR	NH	NH	FLU_NTH_EUR	SWE	Sweden	2025-04-14	2025	16	2025-04-13	2025	16	NONSENTINEL	6517		80		51			521				652			4			128	132	784	5733								6088	433					SE	202516	202516			
EUR	NH	NH	FLU_NTH_EUR	SWE	Sweden	2025-04-21	2025	17	2025-04-20	2025	17	NONSENTINEL	5646		30		31			288				349			6			101	107	456	5190								5618	312					SE	202517	202517			
EUR	NH	NH	FLU_NTH_EUR	SWE	Sweden	2025-04-28	2025	18	2025-04-27	2025	18	NONSENTINEL	5493		41		15			179				235			3			52	55	290	5203								5251	275					SE	202518	202518			
EUR	NH	NH	FLU_NTH_EUR	SWE	Sweden	2025-05-05	2025	19	2025-05-04	2025	19	NONSENTINEL	5119		20		7			156				183			0			27	27	210	4909								4892	222					SE	202519	202519			
EUR	NH	NH	FLU_NTH_EUR	SWE	Sweden	2025-05-12	2025	20	2025-05-11	2025	20	NONSENTINEL	4712		9		4			113				126			0			36	36	162	4550								4399	142					SE	202520	202520			
EUR	NH	NH	FLU_NTH_EUR	SWE	Sweden	2025-05-19	2025	21	2025-05-18	2025	21	NONSENTINEL			16		9			74				99			3			24	27	126															SE	202521	202521			
EUR	NH	NH	FLU_NTH_EUR	SWE	Sweden	2025-05-26	2025	22	2025-05-25	2025	22	NONSENTINEL			21		6			56				83			1			7	8	91															SE	202522	202522			
EUR	NH	NH	FLU_NTH_EUR	SWE	Sweden	2025-06-02	2025	23	2025-06-01	2025	23	NONSENTINEL			27		6			24				57			3			9	12	69															SE	202523	202523			
EUR	NH	NH	FLU_NTH_EUR	SWE	Sweden	2025-06-09	2025	24	2025-06-08	2025	24	NONSENTINEL			15		3			18				36			2			9	11	47															SE	202524	202524			
EUR	NH	NH	FLU_NTH_EUR	SWE	Sweden	2025-06-16	2025	25	2025-06-15	2025	25	NONSENTINEL			16		1			10				27			2			3	5	32															SE	202525	202525			
EUR	NH	NH	FLU_NTH_EUR	SWE	Sweden	2025-06-23	2025	26	2025-06-22	2025	26	NONSENTINEL			12		2			4				18			0			5	5	23															SE	202526	202526			
EUR	NH	NH	FLU_NTH_EUR	SWE	Sweden	2025-06-30	2025	27	2025-06-29	2025	27	NONSENTINEL			8		0			10				18			0			0	0	18															SE	202527	202527			
EUR	NH	NH	FLU_NTH_EUR	SWE	Sweden	2025-07-07	2025	28	2025-07-06	2025	28	NONSENTINEL			13		1			10				24			2			2	4	28															SE	202528	202528			
EUR	NH	NH	FLU_NTH_EUR	SWE	Sweden	2025-07-14	2025	29	2025-07-13	2025	29	NONSENTINEL			13		3			2				18			0			2	2	20															SE	202529	202529			
EUR	NH	NH	FLU_NTH_EUR	SWE	Sweden	2025-07-21	2025	30	2025-07-20	2025	30	NONSENTINEL			3		1			4				8			0			1	1	9															SE	202530	202530			
EUR	NH	NH	FLU_NTH_EUR	SWE	Sweden	2025-07-28	2025	31	2025-07-27	2025	31	NONSENTINEL			7		2			4				13			0			1	1	14															SE	202531	202531			
EUR	NH	NH	FLU_NTH_EUR	SWE	Sweden	2025-08-04	2025	32	2025-08-03	2025	32	NONSENTINEL			8		3			1				12			0			1	1	13															SE	202532	202532			
EUR	NH	NH	FLU_NTH_EUR	SWE	Sweden	2025-08-11	2025	33	2025-08-10	2025	33	NONSENTINEL			7		2			4				13			0			3	3	16															SE	202533	202533			
EUR	NH	NH	FLU_NTH_EUR	SWE	Sweden	2025-08-18	2025	34	2025-08-17	2025	34	NONSENTINEL			3		3			6				12			0			2	2	14															SE	202534	202534			
EUR	NH	NH	FLU_NTH_EUR	SWE	Sweden	2025-08-25	2025	35	2025-08-24	2025	35	NONSENTINEL			6		7			9				22			0			0	0	22															SE	202535	202535			
EUR	NH	NH	FLU_NTH_EUR	SWE	Sweden	2025-09-01	2025	36	2025-08-31	2025	36	NONSENTINEL			8		8			8				24			0			0	0	24															SE	202536	202536			
EUR	NH	NH	FLU_NTH_EUR	SWE	Sweden	2025-09-08	2025	37	2025-09-07	2025	37	NONSENTINEL			2		2			5				9			0			0	0	9															SE	202537	202537			
EUR	NH	NH	FLU_NTH_EUR	SWE	Sweden	2025-09-15	2025	38	2025-09-14	2025	38	NONSENTINEL			3		3			10				16			0			0	0	16															SE	202538	202538			
EUR	NH	NH	FLU_NTH_EUR	SWE	Sweden	2025-09-22	2025	39	2025-09-21	2025	39	NONSENTINEL			0		1			11				12			0			2	2	14															SE	202539	202539			
EUR	NH	NH	FLU_NTH_EUR	SWE	Sweden	2025-09-29	2025	40	2025-09-28	2025	40	NONSENTINEL	4102		15		2			13				30			0			1	1	31	4071								4377	3					SE	202540	202540			
EUR	NH	NH	FLU_NTH_EUR	SWE	Sweden	2025-10-06	2025	41	2025-10-05	2025	41	NONSENTINEL	3966		13		5			14				32			0			0	0	32	3934								4211	7					SE	202541	202541			
EUR	NH	NH	FLU_NTH_EUR	SWE	Sweden	2025-10-13	2025	42	2025-10-12	2025	42	NONSENTINEL	4011		19		4			35				58			0			2	2	60	3951								4263	7					SE	202542	202542			
EUR	NH	NH	FLU_NTH_EUR	SWE	Sweden	2025-10-20	2025	43	2025-10-19	2025	43	NONSENTINEL	4190		29		3			21				53			1			1	2	55	4135								4461	6					SE	202543	202543			
EUR	NH	NH	FLU_NTH_EUR	SWE	Sweden	2025-10-27	2025	44	2025-10-26	2025	44	NONSENTINEL	4129		29		4			30				63			0			3	3	66	4063								4372	6					SE	202544	202544			
EUR	NH	NH	FLU_NTH_EUR	SWE	Sweden	2025-11-03	2025	45	2025-11-02	2025	45	NONSENTINEL	4165		19		11			21				51			1			4	5	56	4109								4424	14					SE	202545	202545			
EUR	NH	NH	FLU_NTH_EUR	SWE	Sweden	2025-11-10	2025	46	2025-11-09	2025	46	NONSENTINEL	4057		32		18			35				85			0			4	4	89	3968								4290	20					SE	202546	202546			
EUR	NH	NH	FLU_NTH_EUR	SWE	Sweden	2025-11-17	2025	47	2025-11-16	2025	47	NONSENTINEL	4127		37		45			102				184			0			3	3	187	3940								4385	23					SE	202547	202547			
EUR	NH	NH	FLU_NTH_EUR	SWE	Sweden	2025-11-24	2025	48	2025-11-23	2025	48	NONSENTINEL	4639		49		91			256				396			3			4	7	403	4236								4902	32					SE	202548	202548			
EUR	NH	NH	FLU_NTH_EUR	SWE	Sweden	2025-12-01	2025	49	2025-11-30	2025	49	NONSENTINEL	5192		64		183			557				804			1			5	6	810	4382								5578	56					SE	202549	202549			
EUR	NH	NH	FLU_NTH_EUR	SWE	Sweden	2025-12-08	2025	50	2025-12-07	2025	50	NONSENTINEL	6124		92		272			887				1251			2			13	15	1266	4858								6419	53					SE	202550	202550			
EUR	NH	NH	FLU_NTH_EUR	SWE	Sweden	2025-12-15	2025	51	2025-12-14	2025	51	NONSENTINEL	6700		97		336			1224				1657			1			9	10	1667	5033								7082	97					SE	202551	202551			
EUR	NH	NH	FLU_NTH_EUR	SWE	Sweden	2025-12-22	2025	52	2025-12-21	2025	52	NONSENTINEL	6579		91		313			1337				1741			1			5	6	1747	4832								6970	99					SE	202552	202552			
EUR	NH	NH	FLU_NTH_EUR	SWE	Sweden	2025-12-29	2026	1	2025-12-28	2025	53	NONSENTINEL	7805		100		370			1676				2146			0			5	5	2151	5654								8351	143					SE	202601	202553			
EUR	NH	NH	FLU_NTH_EUR	SWE	Sweden	2026-01-05	2026	2	2026-01-04	2026	1	NONSENTINEL	7197		85		237			1130				1452			0			6	6	1458	5739								7645	159					SE	202602	202601			
EUR	NH	NH	FLU_NTH_EUR	SWE	Sweden	2026-01-12	2026	3	2026-01-11	2026	2	NONSENTINEL	6319		77		163			812				1052			0			5	5	1057	5262								6708	149					SE	202603	202602			
EUR	NH	NH	FLU_NTH_EUR	SWE	Sweden	2026-01-19	2026	4	2026-01-18	2026	3	NONSENTINEL	5714		89		180			696				965			2			6	8	973	4741								6055	151					SE	202604	202603			
EUR	NH	NH	FLU_NTH_EUR	SWE	Sweden	2026-01-26	2026	5	2026-01-25	2026	4	NONSENTINEL	5799		115		205			774				1094			2			14	16	1110	4689								6128	196					SE	202605	202604			
EUR	NH	NH	FLU_NTH_EUR	SWE	Sweden	2026-02-02	2026	6	2026-02-01	2026	5	NONSENTINEL	6339		128		244			1055				1427			2			22	24	1451	4888								6714	276					SE	202606	202605			
EUR	NH	NH	FLU_NTH_EUR	SWE	Sweden	2026-02-09	2026	7	2026-02-08	2026	6	NONSENTINEL	7077		110		220			1215				1545			0			18	18	1563	5514								7466	371					SE	202607	202606			
EUR	NH	NH	FLU_NTH_EUR	SWE	Sweden	2026-02-16	2026	8	2026-02-15	2026	7	NONSENTINEL	6987		126		144			1196				1466			0			35	35	1501	5486								7408	366					SE	202608	202607			
