measure,location,sex,age,cause,metric,year,val,upper,lower
1,23,1,25,493,3,2017,609.658791360115,731.4360238264823,502.12579301096105
1,23,2,25,493,3,2017,229.3095644936175,276.94165479172307,182.92767744033432
1,48,1,25,493,3,2017,419.59157563636313,456.0833614455824,382.350092355427
1,48,2,25,493,3,2017,141.56893799389542,156.69757630050677,128.70073319481023
1,74,1,25,493,3,2017,124.20378946245971,149.2071822936552,103.05267504171077
1,74,2,25,493,3,2017,24.880458186680734,32.87758091058149,18.664085671737293
1,305,1,25,493,3,2017,189.7754279270659,207.25244351571334,172.6694277718316
1,305,2,25,493,3,2017,33.21659803628476,39.866192617698495,27.63368960372905
1,149,1,25,493,3,2017,328.83592855288515,363.8871022744455,297.63647131788196
1,149,2,25,493,3,2017,193.14925952371414,215.1045187047785,172.15014790851635
1,99,1,25,493,3,2017,191.2091851536124,220.14565555573094,165.26608157699272
1,99,2,25,493,3,2017,62.447719767604035,73.83417623469187,51.81264848267413
1,24,1,25,493,3,2017,779.1501900732765,942.7186968356262,638.91743498247
1,24,2,25,493,3,2017,377.02859474762266,464.77977925362893,297.65285546144014
1,175,1,25,493,3,2017,247.6838964374557,315.3051334854427,188.58013396645921
1,175,2,25,493,3,2017,175.77212621379874,239.6189865150753,125.35669000347893
1,49,1,25,493,3,2017,318.57770794591846,356.9773622640335,281.29371048334497
1,49,2,25,493,3,2017,128.16132055559063,148.8270440680704,109.03330262401288
1,522,1,25,493,3,2017,572.1236357788064,768.6631497014057,422.17727409424043
1,522,2,25,493,3,2017,369.89409167486855,500.65969244770855,261.8261329711086
1,201,1,25,493,3,2017,298.5261465005392,364.79602032073916,241.48048853748998
1,201,2,25,493,3,2017,139.87236483474334,179.47113063054476,106.86330061063589
1,50,1,25,493,3,2017,387.5736470541392,450.33599176407876,336.9515125589019
1,50,2,25,493,3,2017,132.8908439531411,154.8832657706326,113.55492557261913
1,125,1,25,493,3,2017,149.712737786038,174.2084825799365,129.16256206562676
1,125,2,25,493,3,2017,73.47076532955542,86.64709292657675,62.01387175421159
1,151,1,25,493,3,2017,155.83566551706264,190.97737311228272,123.31140265485489
1,151,2,25,493,3,2017,87.71731239167083,109.68385889690067,69.95408026307993
1,101,1,25,493,3,2017,142.93945960123818,156.59538199860194,130.24831160435969
1,101,2,25,493,3,2017,43.14529147890669,48.503941363289094,38.25530239214949
1,25,1,25,493,3,2017,636.3106304046357,757.4548050611347,526.5368575982969
1,25,2,25,493,3,2017,293.2050286036384,364.99964535844435,236.8180726498312
1,75,1,25,493,3,2017,139.2752210407884,152.60193324346034,126.39564570628124
1,75,2,25,493,3,2017,39.50841245458254,44.65062261036541,35.21887691428584
1,150,1,25,493,3,2017,354.96618245043754,444.9811675092868,271.25960206134823
1,150,2,25,493,3,2017,220.69817016446441,276.08581940093114,164.7196053866505
1,26,1,25,493,3,2017,845.8836088217804,1056.6258382480933,675.2487203075093
1,26,2,25,493,3,2017,449.9712168596393,553.8728221070606,358.732137286382
1,76,1,25,493,3,2017,117.19119218667443,129.591406272959,105.58684256180159
1,76,2,25,493,3,2017,36.21803109579938,41.5125167760212,31.973414876399744
1,152,1,25,493,3,2017,326.9026875812583,387.8181766911547,276.0251151706171
1,152,2,25,493,3,2017,196.8427650120216,232.77839383549008,166.55304914865516
1,349,1,25,493,3,2017,237.02320399582288,260.87472007088803,211.3417726941568
1,349,2,25,493,3,2017,61.883200214975815,75.29844627341919,50.880830388984904
1,51,1,25,493,3,2017,332.5855200352641,364.66219807372886,305.9003439049925
1,51,2,25,493,3,2017,90.40965963925439,100.54360995870238,80.45403170709108
1,102,1,25,493,3,2017,222.08220846192955,231.05984092013287,213.9442763712677
1,102,2,25,493,3,2017,89.68226831759642,93.87828070578044,85.25014500432506
1,177,1,25,493,3,2017,300.4329849119038,398.4529775292003,213.5819867840202
1,177,2,25,493,3,2017,139.85409341551448,206.43336671926798,91.73955356988169
1,202,1,25,493,3,2017,192.6093784229545,266.1427912110551,133.99542395820654
1,202,2,25,493,3,2017,132.5501437941137,191.92137860105626,90.62826998075151
1,126,1,25,493,3,2017,198.85633127913422,217.92235349508064,180.74244974871374
1,126,2,25,493,3,2017,66.71364176224796,75.40251658145463,59.36679571215732
1,27,1,25,493,3,2017,408.7156642325107,475.95004339950066,334.72135216222534
1,27,2,25,493,3,2017,204.2987121055131,250.0554670537377,164.86881828693924
1,176,1,25,493,3,2017,276.4980323285133,349.8346752612177,206.7036064051299
1,176,2,25,493,3,2017,176.49837639106093,234.384048353546,131.68906718328705
1,154,1,25,493,3,2017,354.349531373677,452.5999533324851,267.8334200477907
1,154,2,25,493,3,2017,152.92727320556574,202.1674139323598,111.78433970463783
1,7,1,25,493,3,2017,256.8931601416509,317.1580788089388,198.03137474868694
1,7,2,25,493,3,2017,118.02002854119989,152.0390888509964,87.0463619193291
1,153,1,25,493,3,2017,654.4801578126524,818.9484076300104,520.2721646913325
1,153,2,25,493,3,2017,306.41891045612397,363.7088423687394,235.64166399684026
1,129,1,25,493,3,2017,274.8903473724731,354.21607552457107,206.98836236931797
1,129,2,25,493,3,2017,240.42419927755407,307.3111847195858,179.69807028957499
1,178,1,25,493,3,2017,282.1237397676642,359.1196611580586,217.26946243109265
1,178,2,25,493,3,2017,155.93496570086367,203.58159345247668,110.84107161837174
1,28,1,25,493,3,2017,642.8663910283528,748.7053624753944,544.5755894297474
1,28,2,25,493,3,2017,368.768206546422,437.98261721232416,315.1772780536865
1,376,1,25,493,3,2017,259.3291470431883,302.3927730970774,219.3201950972208
1,376,2,25,493,3,2017,90.14126929079266,105.92266991275596,76.33154348271792
1,105,1,25,493,3,2017,145.3237128756644,164.0371423374816,128.35339848486478
1,105,2,25,493,3,2017,85.46765020400856,98.02525840291057,74.24091041644328
1,180,1,25,493,3,2017,194.21887783443714,236.2437533855896,160.8684372589089
1,180,2,25,493,3,2017,101.22547704282397,120.2357767515537,80.30901246868882
1,351,1,25,493,3,2017,560.6009354974667,618.4399513292203,505.9507496095779
1,351,2,25,493,3,2017,278.0547140011068,310.05235341746743,247.0833443752372
1,106,1,25,493,3,2017,240.9742323619734,272.61401185550295,213.45551137164315
1,106,2,25,493,3,2017,103.28641902648256,120.43347453711438,87.6867289770851
1,130,1,25,493,3,2017,193.13564356291778,200.2891307375233,186.15942190759444
1,130,2,25,493,3,2017,84.45728836415805,87.43545302643227,80.60834288957942
1,435,1,25,493,3,2017,263.7141043972483,359.54266674465794,190.77391544675874
1,435,2,25,493,3,2017,154.42537018280953,215.58456463081302,104.58570931347299
1,155,1,25,493,3,2017,256.0954321590621,289.0915897840629,222.968093709656
1,155,2,25,493,3,2017,92.21080813922374,106.85972615345567,80.16579428278669
1,81,1,25,493,3,2017,164.97667257947234,189.29419871983947,142.48183660790568
1,81,2,25,493,3,2017,46.428958458448555,55.5144084881563,39.01486187557061
1,8,1,25,493,3,2017,98.16025803174678,107.87133329755395,88.87952034176661
1,8,2,25,493,3,2017,28.35030973048418,32.04046342355323,24.76105935926723
1,55,1,25,493,3,2017,142.87000314276023,159.44444146134424,128.5331765759807
1,55,2,25,493,3,2017,29.838807356439514,34.87804941217678,25.618200660392446
1,127,1,25,493,3,2017,228.09104004982808,280.006715924846,182.14765697205556
1,127,2,25,493,3,2017,122.98610427526584,155.18503933850747,96.44542245383471
1,203,1,25,493,3,2017,164.1322604613971,191.958787247616,138.39148084764113
1,203,2,25,493,3,2017,102.06061657944927,115.52351797916523,88.14987104519379
1,207,1,25,493,3,2017,231.07913776383498,275.35154418922804,190.89237470987908
1,207,2,25,493,3,2017,205.5491792314915,263.4903664720619,159.09908146700678
1,107,1,25,493,3,2017,136.74468810304643,156.3081610776903,119.00211861281926
1,107,2,25,493,3,2017,66.11547894418563,77.79060993194231,54.96040388984739
1,204,1,25,493,3,2017,233.85886562370217,314.8076784341502,170.45372960702204
1,204,2,25,493,3,2017,182.96630213432707,251.89287235628908,134.761550795354
1,181,1,25,493,3,2017,301.23925436783014,383.2709614537605,217.56037322106997
1,181,2,25,493,3,2017,152.67133839821193,202.2924924266616,107.48146195311216
1,77,1,25,493,3,2017,219.3896332047969,251.57034069087106,190.91324440191175
1,77,2,25,493,3,2017,46.44037515501825,55.7496444241862,39.79719294599246
1,156,1,25,493,3,2017,290.86459600296416,377.3710854083477,216.2853057791575
1,156,2,25,493,3,2017,151.1361979385354,190.30210152204518,116.48572601538649
1,131,1,25,493,3,2017,141.71137110076097,169.04249973899343,119.07727105501043
1,131,2,25,493,3,2017,85.92476931249043,102.20692642064961,70.82121526867677
1,82,1,25,493,3,2017,240.80374168675283,260.89171372947783,221.27745576531137
1,82,2,25,493,3,2017,69.05045670183202,77.33754361890804,62.1060439963668
1,108,1,25,493,3,2017,188.14284119216927,206.10458693018944,170.09028571701535
1,108,2,25,493,3,2017,96.46219845204648,107.46836275055854,85.71353402741376
1,52,1,25,493,3,2017,398.1005746081794,433.096124268892,363.8578460823385
1,52,2,25,493,3,2017,144.3109042878004,158.83438042108887,130.33435553435297
1,179,1,25,493,3,2017,170.97558371735477,198.06886076268944,143.7409164867984
1,179,2,25,493,3,2017,101.07701142794654,123.87846246708503,80.835282005924
1,182,1,25,493,3,2017,283.686755093763,335.8149798243238,233.01181226475376
1,182,2,25,493,3,2017,122.7100512022197,163.10835357357573,90.95435740955865
1,183,1,25,493,3,2017,272.7016698700672,299.89592422206636,245.22225031065977
1,183,2,25,493,3,2017,112.66484772830964,126.46448994766068,98.93566648248746
1,205,1,25,493,3,2017,301.26955288312655,383.01517804802097,233.8062217589709
1,205,2,25,493,3,2017,222.02556030246242,292.2173494573475,164.86274027113367
1,208,1,25,493,3,2017,317.629687494594,392.19178896925945,247.66878150580888
1,208,2,25,493,3,2017,269.5672787932551,350.31954494220105,206.42642619001919
1,128,1,25,493,3,2017,146.20947818506033,169.40627956416327,124.98095106548196
1,128,2,25,493,3,2017,93.1842538841373,110.5763578606955,77.33086953956663
1,157,1,25,493,3,2017,726.2203468836908,913.0741324156918,552.1411486505192
1,157,2,25,493,3,2017,479.26142425803454,648.4735221578552,364.6438032881451
1,83,1,25,493,3,2017,139.83818931418912,151.49741384202486,129.77416163326498
1,83,2,25,493,3,2017,23.71073872726486,26.868912313615738,20.767194513879044
1,209,1,25,493,3,2017,383.76209259274697,476.21538235130623,304.74450452607823
1,209,2,25,493,3,2017,298.1391106151535,378.44620384292523,222.66093782737656
1,78,1,25,493,3,2017,106.9621322869495,119.17702044205308,96.55287889821636
1,78,2,25,493,3,2017,31.0354287600611,35.455230474135945,26.965685744232385
1,184,1,25,493,3,2017,309.48552808181586,382.4718065301862,253.76465704134802
1,184,2,25,493,3,2017,151.33202543631225,196.58054028256078,108.3789746865496
1,53,1,25,493,3,2017,339.4515876460387,377.5753079323405,306.7351265943883
1,53,2,25,493,3,2017,147.05735818027972,165.0869983296437,130.44835344658247
1,109,1,25,493,3,2017,227.76536206031696,266.2317885284259,195.81167746429026
1,109,2,25,493,3,2017,113.38486264683709,132.99034107999873,96.61532888100982
1,58,1,25,493,3,2017,322.1499636723149,418.4310238571086,263.75842441368206
1,58,2,25,493,3,2017,79.49951140631168,109.6786819536184,62.30461605256857
1,385,1,25,493,3,2017,163.6075169795252,179.15240433137345,148.1803484587131
1,385,2,25,493,3,2017,65.61548112229005,74.04552308943083,57.36723737537578
1,34,1,25,493,3,2017,765.7399125757817,853.0817886315831,684.0854956440777
1,34,2,25,493,3,2017,281.54399476571064,318.71849983652055,251.01951584284043
1,29,1,25,493,3,2017,394.34648925354924,470.5403189228477,336.08477743545353
1,29,2,25,493,3,2017,88.73837284583328,109.47989961896432,72.70455600879262
1,33,1,25,493,3,2017,536.142272523222,563.9973414584872,508.7218366540263
1,33,2,25,493,3,2017,148.63250580196262,159.5684470647253,137.7217904887423
1,185,1,25,493,3,2017,113.94640194430671,162.15281539683042,71.81477627559126
1,185,2,25,493,3,2017,67.77670912244301,100.57713348798623,36.86472429027691
1,206,1,25,493,3,2017,360.23755363567295,438.65847941238405,286.6381545727929
1,206,2,25,493,3,2017,270.1463989266757,347.2000220900189,199.53028262388708
1,110,1,25,493,3,2017,149.14358676329138,167.56059905197557,131.50872924701233
1,110,2,25,493,3,2017,82.70868670446019,95.85973818532806,70.05843591217406
1,422,1,25,493,3,2017,495.0255240924988,581.9991580944142,378.18937296656264
1,422,2,25,493,3,2017,149.9626850875058,171.27611312222194,128.08020892518573
1,79,1,25,493,3,2017,212.45610233386122,238.76653971523598,192.45522560993996
1,79,2,25,493,3,2017,42.79272409074697,49.02096606536825,37.58214612627678
1,35,1,25,493,3,2017,590.4162135637674,630.0126791211428,551.6414382681832
1,35,2,25,493,3,2017,170.0715885176822,185.34779697748195,155.06223193181432
1,161,1,25,493,3,2017,355.72228735778367,414.76530550170946,303.8181046595046
1,161,2,25,493,3,2017,183.85495948231548,218.46796260211102,151.9988798503474
1,57,1,25,493,3,2017,815.8385882835829,877.4813707756537,754.8823052801404
1,57,2,25,493,3,2017,239.5470795958737,264.0463151310985,216.99064900079136
1,59,1,25,493,3,2017,562.7324001041851,660.9950859855303,483.63573490692704
1,59,2,25,493,3,2017,151.91488140950318,183.39501768093646,126.39712237355366
1,30,1,25,493,3,2017,792.4421275116769,1023.0315998681754,577.2165249705209
1,30,2,25,493,3,2017,373.6896644865869,474.41889545492774,278.97103341777245
1,111,1,25,493,3,2017,388.19100790067216,467.54232290585594,315.73093654790193
1,111,2,25,493,3,2017,197.2581051001905,235.98116501448285,162.38239574071895
1,60,1,25,493,3,2017,553.4443821641069,610.6528691291096,507.52533659438325
1,60,2,25,493,3,2017,139.6381516416319,154.96545570767705,125.60683245776468
1,6,1,25,493,3,2017,168.34036962444287,177.64939666047164,159.91314014333292
1,6,2,25,493,3,2017,86.35670400916909,91.58507978936608,81.70295493717039
1,210,1,25,493,3,2017,246.96678566258527,322.99316909116607,188.68224587248724
1,210,2,25,493,3,2017,240.09376952665542,317.3648652153187,174.11525011768788
1,160,1,25,493,3,2017,781.8646376583163,956.1137992952097,642.583048385026
1,160,2,25,493,3,2017,713.0215838405265,859.1046907578226,586.6829870262344
1,211,1,25,493,3,2017,135.5201042038762,180.58140285094902,94.13569887193077
1,211,2,25,493,3,2017,192.46495247803617,247.28462493384362,146.65594853133527
1,54,1,25,493,3,2017,371.4560978964834,418.80341189656554,336.79563129522455
1,54,2,25,493,3,2017,124.05014872852722,141.19001979799728,109.37316182965235
1,212,1,25,493,3,2017,176.94795397251852,234.728584771471,126.17162467687896
1,212,2,25,493,3,2017,212.26200208141432,280.9101567553873,160.24127553018278
1,80,1,25,493,3,2017,87.95887105947799,98.3033063797542,79.18530086234911
1,80,2,25,493,3,2017,21.157464888467103,24.157331724124404,18.558114058922936
1,132,1,25,493,3,2017,133.65904745833788,147.21138389602837,120.40075222951337
1,132,2,25,493,3,2017,55.26022505551872,62.43015946418073,49.026290443875205
1,162,1,25,493,3,2017,279.0635059755545,370.10221914932924,204.63323075481588
1,162,2,25,493,3,2017,160.19810861627087,207.81949402717473,121.64461260952741
1,163,1,25,493,3,2017,422.4935698554598,439.96878644208573,403.08219024920874
1,163,2,25,493,3,2017,241.52754614257216,256.52653135796777,223.06604664864713
1,112,1,25,493,3,2017,276.2178123473529,302.70502953737855,251.2408803885307
1,112,2,25,493,3,2017,129.61298708829648,144.18023804645145,114.73159731000132
1,141,1,25,493,3,2017,890.5632402670758,1036.7047478214856,764.6259697170981
1,141,2,25,493,3,2017,389.2519405077578,455.45332777269397,327.9389730363609
1,36,1,25,493,3,2017,579.1409944625785,654.2529502330481,525.1482178819249
1,36,2,25,493,3,2017,212.5485241803764,234.78115798978772,192.16691869068168
1,39,1,25,493,3,2017,558.7354584072791,637.763355581119,488.9917021037122
1,39,2,25,493,3,2017,304.5335191151605,345.7535926590618,263.66671548133127
1,10,1,25,493,3,2017,217.07626323652025,256.5822178974601,180.1149569295588
1,10,2,25,493,3,2017,97.21990937421984,127.62033856632573,76.39942778131449
1,37,1,25,493,3,2017,526.1396200703547,568.62104815884,493.6674247495729
1,37,2,25,493,3,2017,238.2670312536085,256.30584840570594,221.79027353901225
1,133,1,25,493,3,2017,319.69418823653064,385.07332036402215,258.70821455441444
1,133,2,25,493,3,2017,118.44341899473632,143.11139755479778,94.52476480982875
1,142,1,25,493,3,2017,279.4855820812057,297.82991896130244,271.3825426621134
1,142,2,25,493,3,2017,136.9470390408891,145.66072218428295,132.67337673523397
1,113,1,25,493,3,2017,482.17517102664107,557.1885741149456,414.75958966583573
1,113,2,25,493,3,2017,244.09820328543893,289.5079410800411,206.52553551329865
1,40,1,25,493,3,2017,754.383137206758,829.3811265895904,682.0201349834609
1,40,2,25,493,3,2017,353.89023389543206,389.5397134147217,318.06423880550483
1,61,1,25,493,3,2017,632.0082708476596,676.8202380615586,598.7854168255465
1,61,2,25,493,3,2017,257.4005985214864,281.83347003724606,238.51965658454776
1,116,1,25,493,3,2017,155.81333724917707,173.52808997802,138.76801826639328
1,116,2,25,493,3,2017,72.45956601054861,84.10458363855899,61.85086045916498
1,41,1,25,493,3,2017,855.0698225144,979.8708326915093,740.0561527482747
1,41,2,25,493,3,2017,405.17988152573344,470.4837806361865,347.7427189044643
1,38,1,25,493,3,2017,534.8862712399325,610.7030474663724,467.0632986830673
1,38,2,25,493,3,2017,175.06162265285082,202.3435939492828,147.8783283051119
1,143,1,25,493,3,2017,300.07836879760714,329.74815758308966,270.8673059940366
1,143,2,25,493,3,2017,163.68021533930312,181.52309574162288,147.52489617771806
1,114,1,25,493,3,2017,356.8420914736475,458.2340020374295,257.3620486069814
1,114,2,25,493,3,2017,349.34308150129675,461.60395003926135,246.5703068666719
1,62,1,25,493,3,2017,689.0951423466134,722.0959913261578,675.3112622424786
1,62,2,25,493,3,2017,218.28150735626198,225.10492747172123,213.36415034613992
1,117,1,25,493,3,2017,237.2819585577658,260.65509720447335,213.85842167475369
1,117,2,25,493,3,2017,127.15226013136453,142.81891862894815,111.44735564060596
1,20,1,25,493,3,2017,189.177930248113,231.62624372146664,157.33569541417668
1,20,2,25,493,3,2017,71.56211601300284,90.74286816694257,54.37356250269674
1,11,1,25,493,3,2017,321.38041675659963,352.72858788989925,292.05225386605264
1,11,2,25,493,3,2017,157.80399134568663,172.30716181368206,144.6415153770047
1,168,1,25,493,3,2017,253.92877021749894,319.42238180186223,200.46676351818584
1,168,2,25,493,3,2017,134.56088597176404,181.8029043243064,97.68390493480047
1,93,1,25,493,3,2017,135.6919028496864,147.55651727857006,125.32167362883787
1,93,2,25,493,3,2017,40.384240140051,44.67228387939195,36.406192318365235
1,68,1,25,493,3,2017,45.09540212593202,51.45326724067084,39.6304144392857
1,68,2,25,493,3,2017,11.775926371697775,13.552702692269845,10.140729904606546
1,170,1,25,493,3,2017,268.3839176003124,337.1414412559099,207.67109945281624
1,170,2,25,493,3,2017,260.534983460305,327.1971303516457,191.27181996413492
1,84,1,25,493,3,2017,141.2890820241812,157.25093038402818,126.86090249886296
1,84,2,25,493,3,2017,39.199671377988004,44.52161700073897,33.79234182193544
1,144,1,25,493,3,2017,216.2428195703156,255.89953581871325,183.57401572116237
1,144,2,25,493,3,2017,88.87719182882232,108.6617065272463,71.67360409594552
1,135,1,25,493,3,2017,223.25319518274682,229.65504973414835,213.57212857132936
1,135,2,25,493,3,2017,106.1569983526723,109.59915198096927,102.11688344916102
1,87,1,25,493,3,2017,100.45671510953271,116.60883859741287,86.10971171313098
1,87,2,25,493,3,2017,26.45595714012553,32.807227410747416,20.937550136832787
1,139,1,25,493,3,2017,280.4441975481321,322.11294945588503,245.00113444863703
1,139,2,25,493,3,2017,181.41865619245297,207.41397633502328,154.32115770546991
1,63,1,25,493,3,2017,1017.6844571356002,1082.755532879134,955.4302936809006
1,63,2,25,493,3,2017,336.4789398445618,362.73926430682496,312.2675799398506
1,194,1,25,493,3,2017,353.463932752251,445.7352092447084,275.0725051157481
1,194,2,25,493,3,2017,219.0038006335055,300.6009052968554,138.8363134410263
1,115,1,25,493,3,2017,162.96498323404484,198.63506475027557,129.700068968952
1,115,2,25,493,3,2017,78.34557270238184,98.2145814916287,61.38903289308478
1,119,1,25,493,3,2017,338.8139066676997,426.41502215167316,265.3945598464705
1,119,2,25,493,3,2017,176.0084952051037,228.01381757607658,132.98079851603492
1,69,1,25,493,3,2017,151.05911276680183,170.7972515492202,134.62291716490304
1,69,2,25,493,3,2017,34.56282812150883,41.143272446882634,29.61342266901811
1,169,1,25,493,3,2017,465.07157016849817,598.6566226599302,345.00290207247633
1,169,2,25,493,3,2017,306.57345528579344,420.99717824569785,206.9366638534284
1,22,1,25,493,3,2017,743.4887943667901,879.5505955850966,632.6108342909436
1,22,2,25,493,3,2017,249.5144218954274,306.3292272939808,202.37323273314496
1,94,1,25,493,3,2017,80.99228804896896,89.90641635356624,72.05897297588564
1,94,2,25,493,3,2017,19.68173950011756,22.61864263477406,17.258663046395167
1,88,1,25,493,3,2017,204.25157479042605,221.0962797680222,187.88499009827905
1,88,2,25,493,3,2017,72.8022849783641,82.13380265115974,64.83458780114228
1,118,1,25,493,3,2017,320.47830243420617,370.3885137122001,272.95248430070586
1,118,2,25,493,3,2017,125.4213770969003,146.39449617629867,107.5848067389065
1,171,1,25,493,3,2017,298.07231301648545,374.33881063144275,223.8758592127362
1,171,2,25,493,3,2017,201.59957787350052,265.1539387276168,147.33225288300488
1,140,1,25,493,3,2017,167.77663338157566,191.25127357463793,145.7059096554804
1,140,2,25,493,3,2017,100.34562356315689,114.72189105588852,86.82693499338194
1,13,1,25,493,3,2017,414.2260231271024,475.11030350119904,367.9753177019334
1,13,2,25,493,3,2017,164.54818673336436,193.21588302195536,142.17625868810705
1,12,1,25,493,3,2017,389.6892650684892,484.548652194185,307.42241494752284
1,12,2,25,493,3,2017,211.0739617661749,270.60826681281725,163.45227781070548
1,195,1,25,493,3,2017,261.1011569798871,317.0734666285376,215.33837774157854
1,195,2,25,493,3,2017,81.67697097265706,114.35323628702058,58.45020557755357
1,95,1,25,493,3,2017,151.30970074716362,155.11842792085432,147.8504064324435
1,95,2,25,493,3,2017,44.12178549149049,45.62842270367605,42.752171086113286
1,89,1,25,493,3,2017,90.07120285898395,99.27790669515939,81.55021920939255
1,89,2,25,493,3,2017,29.59891705638564,33.10784432654789,26.044723298920722
1,85,1,25,493,3,2017,93.83847429606678,104.46990929491096,84.80434543693198
1,85,2,25,493,3,2017,25.031326312862017,28.567895294452097,21.802177983939142
1,197,1,25,493,3,2017,348.3280930430536,437.0849075473946,269.01941841209464
1,197,2,25,493,3,2017,179.2427318982126,251.22335550160278,118.29755260062878
1,136,1,25,493,3,2017,239.04775234100586,295.65398960434885,187.4338089974062
1,136,2,25,493,3,2017,104.11009711673427,129.22308896774297,80.47156135333111
1,186,1,25,493,3,2017,226.80239319185998,253.71794539208338,201.07001879730015
1,186,2,25,493,3,2017,78.02851218956198,92.59239771911923,63.86879404944139
1,45,1,25,493,3,2017,584.7415396579869,639.0572023616764,533.6385184645754
1,45,2,25,493,3,2017,200.65890255360898,222.0702643538233,180.2221478016059
1,172,1,25,493,3,2017,149.3100984031385,216.89597455025532,99.93187935401822
1,172,2,25,493,3,2017,81.5400541118608,128.8844338497448,49.620623590653466
1,121,1,25,493,3,2017,203.772169063558,280.2661390132432,148.86670699991174
1,121,2,25,493,3,2017,125.07389479964536,163.9782261451349,92.36581181243896
1,196,1,25,493,3,2017,214.07459725013683,228.46149400253358,200.49958859607878
1,196,2,25,493,3,2017,96.63955926639288,105.16355210133293,89.12668784528472
1,198,1,25,493,3,2017,329.40631540165396,393.6724400230573,272.5546645969679
1,198,2,25,493,3,2017,329.499237971243,410.1156189261,250.76854708185732
1,86,1,25,493,3,2017,94.02926963064797,104.20276407201398,85.22757542166501
1,86,2,25,493,3,2017,25.298837692554898,28.82205262487236,22.050569519271335
1,46,1,25,493,3,2017,267.54103531742743,290.3904381385859,244.64288108124853
1,46,2,25,493,3,2017,79.80874216171853,89.51504167970685,70.81458560430352
1,173,1,25,493,3,2017,285.85175228605544,349.0203902936527,234.0333340040589
1,173,2,25,493,3,2017,111.23076726478861,147.82426125822502,80.59034152364312
1,14,1,25,493,3,2017,218.23117391923645,240.35470828565235,196.38386587711742
1,14,2,25,493,3,2017,87.02529591481793,99.28967953465471,74.93785067432916
1,298,1,25,493,3,2017,387.67832708964795,456.6869048032605,318.3988803022097
1,298,2,25,493,3,2017,157.5808452162961,181.05198077452954,135.8850462123976
1,71,1,25,493,3,2017,110.93715179825126,128.80430939271776,95.18592501880707
1,71,2,25,493,3,2017,28.046618973834818,33.03560416756652,23.790842681406602
1,213,1,25,493,3,2017,151.91463009752155,224.46159517545266,94.31480781764382
1,213,2,25,493,3,2017,160.1532020230648,229.10430679012103,110.60110606810852
1,47,1,25,493,3,2017,300.50415126298,327.8499069453702,274.5436446327737
1,47,2,25,493,3,2017,89.8865343998568,99.94426053554426,80.28234123325197
1,187,1,25,493,3,2017,401.0714992275649,527.0207926203683,293.16644744304136
1,187,2,25,493,3,2017,280.19197320141944,376.7263329434222,202.89549181469383
1,164,1,25,493,3,2017,495.8452049463054,585.4083554315423,389.18617478593615
1,164,2,25,493,3,2017,178.62700904541455,226.2421794511905,140.13742637474957
1,122,1,25,493,3,2017,127.01806852177238,146.67680790322328,110.05285245882294
1,122,2,25,493,3,2017,65.8035981738336,77.08629970143502,56.083402853091016
1,16,1,25,493,3,2017,422.67029500496136,506.4955259783998,348.3747063539554
1,16,2,25,493,3,2017,179.4921285576992,220.91301433487467,146.95400392076067
1,15,1,25,493,3,2017,198.30426016487885,232.46970612247043,164.70806008742235
1,15,2,25,493,3,2017,95.0746966727668,120.27285420780115,72.62645046443643
1,72,1,25,493,3,2017,150.09343963432204,161.605988428121,138.20927480320347
1,72,2,25,493,3,2017,38.9796855202182,43.279095756035424,35.084587359946156
1,214,1,25,493,3,2017,116.01141354241986,172.71521959092627,78.423386621057
1,214,2,25,493,3,2017,85.3582721926477,124.55039437491806,54.12537569680579
1,123,1,25,493,3,2017,81.90412562097302,99.85309238179174,65.71096824539737
1,123,2,25,493,3,2017,42.397207502059686,52.84917423101719,33.83200426989878
1,216,1,25,493,3,2017,216.8761818501859,271.0509127094699,166.14883609673737
1,216,2,25,493,3,2017,199.02953100844772,254.4295098451525,156.56124491044883
1,17,1,25,493,3,2017,279.16563310507655,346.42394191425785,219.51964502297645
1,17,2,25,493,3,2017,104.04520185545309,139.24545338113316,73.4015975677454
1,215,1,25,493,3,2017,216.68957146996496,267.8638695867993,170.97476954900236
1,215,2,25,493,3,2017,157.01988433616987,207.73583505717653,113.27699813262875
1,189,1,25,493,3,2017,260.36010902726656,327.10854799786637,205.76569212200747
1,189,2,25,493,3,2017,111.99707998113225,146.24374210154036,84.8933244649382
1,165,1,25,493,3,2017,576.5568469257539,723.3024488996437,448.84630231438484
1,165,2,25,493,3,2017,292.22812111772305,367.3359583205166,226.39318329442233
1,217,1,25,493,3,2017,305.102239695168,385.0802975991446,236.68259630898638
1,217,2,25,493,3,2017,288.049349125646,372.95289710292946,214.15463260847255
1,18,1,25,493,3,2017,106.85344515715175,126.91467606669521,89.9268980251455
1,18,2,25,493,3,2017,41.52732311179309,49.142137935996814,34.98691041044708
1,90,1,25,493,3,2017,110.44609165914113,116.7548823046022,105.07488770494726
1,90,2,25,493,3,2017,30.39972783963346,31.90083468912041,28.91391781291656
1,19,1,25,493,3,2017,350.5695416280108,463.5727561415811,227.42384875334707
1,19,2,25,493,3,2017,208.3346942981012,269.7792309968327,160.3896579976729
1,218,1,25,493,3,2017,298.1284416351456,373.0723400011035,228.3504098783685
1,218,2,25,493,3,2017,184.04402287256022,251.17502855350457,137.27865349306734
1,191,1,25,493,3,2017,257.6429827101951,303.6538379255608,216.0193441949168
1,191,2,25,493,3,2017,132.26436625756807,170.46377394983747,99.23608240835567
1,190,1,25,493,3,2017,200.24278619155737,256.8866841524075,149.96652356037745
1,190,2,25,493,3,2017,80.4029275360843,110.25023193803058,55.285848404419085
1,43,1,25,493,3,2017,276.4870188055118,346.86587379244787,213.2566139356798
1,43,2,25,493,3,2017,99.54769166600299,133.21446319596959,74.52188438092652
1,145,1,25,493,3,2017,237.67463992418547,259.16084721696996,216.20415793518274
1,145,2,25,493,3,2017,46.74846360030768,53.63601474962527,39.8755453193491
1,193,1,25,493,3,2017,141.56073601082792,186.29989958258278,110.89222703721362
1,193,2,25,493,3,2017,135.6289143799613,164.97810745551268,111.09835217370632
1,44,1,25,493,3,2017,295.2764912916601,329.85187281902614,262.5304394786359
1,44,2,25,493,3,2017,121.4223736889233,138.8759328558015,105.70879596457152
1,91,1,25,493,3,2017,104.63988905152894,116.13021962368907,93.69641369704019
1,91,2,25,493,3,2017,26.44548919939666,30.488564339961915,23.117384110446405
1,146,1,25,493,3,2017,451.2716833372886,493.82605763824495,418.0308454910598
1,146,2,25,493,3,2017,140.9219592135561,169.68856580332198,115.07286845072193
1,147,1,25,493,3,2017,424.62059566848774,512.1636547323367,342.8132240946618
1,147,2,25,493,3,2017,292.39881676926905,352.92539380565324,231.81895170299444
1,92,1,25,493,3,2017,104.41851145382222,114.17039777208427,95.13696874049921
1,92,2,25,493,3,2017,24.732253523705847,27.65924735315873,21.806134807573084
1,66,1,25,493,3,2017,237.97902343018524,269.23291216668224,210.51508613752065
1,66,2,25,493,3,2017,96.34963882053691,110.27531456674225,83.39111942669577
1,67,1,25,493,3,2017,82.72896690528592,86.43256336633851,79.12312185407546
1,67,2,25,493,3,2017,21.24118776019121,22.419773792483088,20.21328944824504
1,97,1,25,493,3,2017,246.43885036833473,286.9238812567133,211.0925656748825
1,97,2,25,493,3,2017,87.21664403290117,102.61749425291971,72.47026497375062
1,98,1,25,493,3,2017,132.3825519901448,154.86734296644048,113.7860983242665
1,98,2,25,493,3,2017,44.99789447149326,52.90304336982002,36.978429042022974
1,148,1,25,493,3,2017,501.0572755959382,630.9627510327259,394.81406590961006
1,148,2,25,493,3,2017,389.8921866291166,485.73816989571606,299.5662576162894
1,200,1,25,493,3,2017,168.48716638015375,230.19137789847335,120.86824004938217
1,200,2,25,493,3,2017,145.50423379308447,196.73267240742464,105.68728039636359
